Player,Season,Statistic,Value,Date,Opponent,PlayerURL
Aleaya Guerrero,2024-25,Points,0,02/05/25,at Bethany (KS),https://macbulldogs.com/sports/womens-basketball/roster/aleaya-guerrero/9967
Aleaya Guerrero,2024-25,Minutes,2,02/05/25,at Bethany (KS),https://macbulldogs.com/sports/womens-basketball/roster/aleaya-guerrero/9967
Aleaya Guerrero,2024-25,Field Goals Made,0,02/05/25,at Bethany (KS),https://macbulldogs.com/sports/womens-basketball/roster/aleaya-guerrero/9967
Aleaya Guerrero,2024-25,Field Goal Attempts,1,02/05/25,at Bethany (KS),https://macbulldogs.com/sports/womens-basketball/roster/aleaya-guerrero/9967
Aleaya Guerrero,2024-25,3-Point Field Goals Made,0,02/05/25,at Bethany (KS),https://macbulldogs.com/sports/womens-basketball/roster/aleaya-guerrero/9967
Aleaya Guerrero,2024-25,3-Point Field Goal Attempts,1,02/05/25,at Bethany (KS),https://macbulldogs.com/sports/womens-basketball/roster/aleaya-guerrero/9967
Aleaya Guerrero,2024-25,Free Throws Made,0,02/05/25,at Bethany (KS),https://macbulldogs.com/sports/womens-basketball/roster/aleaya-guerrero/9967
Aleaya Guerrero,2024-25,Free Throw Attempts,0,02/05/25,at Bethany (KS),https://macbulldogs.com/sports/womens-basketball/roster/aleaya-guerrero/9967
Aleaya Guerrero,2024-25,Rebounds,0,02/05/25,at Bethany (KS),https://macbulldogs.com/sports/womens-basketball/roster/aleaya-guerrero/9967
Aleaya Guerrero,2024-25,Assists,0,02/05/25,at Bethany (KS),https://macbulldogs.com/sports/womens-basketball/roster/aleaya-guerrero/9967
Aleaya Guerrero,2024-25,Blocks,0,02/05/25,at Bethany (KS),https://macbulldogs.com/sports/womens-basketball/roster/aleaya-guerrero/9967
Aleaya Guerrero,2024-25,Steals,0,02/05/25,at Bethany (KS),https://macbulldogs.com/sports/womens-basketball/roster/aleaya-guerrero/9967
Aleaya Guerrero,2025 - 26,Points,4,02/04/26,Bethany College,https://macbulldogs.com/sports/womens-basketball/roster/aleaya-guerrero/9967
Aleaya Guerrero,2025 - 26,Minutes,10,01/25/26,Bethel College,https://macbulldogs.com/sports/womens-basketball/roster/aleaya-guerrero/9967
Aleaya Guerrero,2025 - 26,Field Goals Made,2,02/04/26,Bethany College,https://macbulldogs.com/sports/womens-basketball/roster/aleaya-guerrero/9967
Aleaya Guerrero,2025 - 26,Field Goal Attempts,4,02/07/26,at Saint Mary,https://macbulldogs.com/sports/womens-basketball/roster/aleaya-guerrero/9967
Aleaya Guerrero,2025 - 26,3-Point Field Goals Made,0,02/21/26,Oklahoma Wesleyan University,https://macbulldogs.com/sports/womens-basketball/roster/aleaya-guerrero/9967
Aleaya Guerrero,2025 - 26,3-Point Field Goal Attempts,1,01/25/26,Bethel College,https://macbulldogs.com/sports/womens-basketball/roster/aleaya-guerrero/9967
Aleaya Guerrero,2025 - 26,Free Throws Made,1,02/07/26,at Saint Mary,https://macbulldogs.com/sports/womens-basketball/roster/aleaya-guerrero/9967
Aleaya Guerrero,2025 - 26,Free Throw Attempts,2,02/07/26,at Saint Mary,https://macbulldogs.com/sports/womens-basketball/roster/aleaya-guerrero/9967
Aleaya Guerrero,2025 - 26,Rebounds,5,02/04/26,Bethany College,https://macbulldogs.com/sports/womens-basketball/roster/aleaya-guerrero/9967
Aleaya Guerrero,2025 - 26,Assists,0,02/21/26,Oklahoma Wesleyan University,https://macbulldogs.com/sports/womens-basketball/roster/aleaya-guerrero/9967
Aleaya Guerrero,2025 - 26,Blocks,0,02/21/26,Oklahoma Wesleyan University,https://macbulldogs.com/sports/womens-basketball/roster/aleaya-guerrero/9967
Aleaya Guerrero,2025 - 26,Steals,0,02/21/26,Oklahoma Wesleyan University,https://macbulldogs.com/sports/womens-basketball/roster/aleaya-guerrero/9967
Amaree Henderson,2025 - 26,Points,25,02/14/26,at Friends,https://macbulldogs.com/sports/womens-basketball/roster/amaree-henderson/10866
Amaree Henderson,2025 - 26,Minutes,28,02/04/26,Bethany College,https://macbulldogs.com/sports/womens-basketball/roster/amaree-henderson/10866
Amaree Henderson,2025 - 26,Field Goals Made,10,02/14/26,at Friends,https://macbulldogs.com/sports/womens-basketball/roster/amaree-henderson/10866
Amaree Henderson,2025 - 26,Field Goal Attempts,20,02/14/26,at Friends,https://macbulldogs.com/sports/womens-basketball/roster/amaree-henderson/10866
Amaree Henderson,2025 - 26,3-Point Field Goals Made,2,11/01/25,Cottey College,https://macbulldogs.com/sports/womens-basketball/roster/amaree-henderson/10866
Amaree Henderson,2025 - 26,3-Point Field Goal Attempts,7,11/01/25,Cottey College,https://macbulldogs.com/sports/womens-basketball/roster/amaree-henderson/10866
Amaree Henderson,2025 - 26,Free Throws Made,7,02/11/26,at York (NE),https://macbulldogs.com/sports/womens-basketball/roster/amaree-henderson/10866
Amaree Henderson,2025 - 26,Free Throw Attempts,9,02/11/26,at York (NE),https://macbulldogs.com/sports/womens-basketball/roster/amaree-henderson/10866
Amaree Henderson,2025 - 26,Rebounds,8,02/21/26,Oklahoma Wesleyan University,https://macbulldogs.com/sports/womens-basketball/roster/amaree-henderson/10866
Amaree Henderson,2025 - 26,Assists,4,02/11/26,at York (NE),https://macbulldogs.com/sports/womens-basketball/roster/amaree-henderson/10866
Amaree Henderson,2025 - 26,Blocks,1,02/14/26,at Friends,https://macbulldogs.com/sports/womens-basketball/roster/amaree-henderson/10866
Amaree Henderson,2025 - 26,Steals,4,01/07/26,York University,https://macbulldogs.com/sports/womens-basketball/roster/amaree-henderson/10866
Amber Evans,2019-20,Points,1,01/18/20,at Tabor (Kan.),https://macbulldogs.com/sports/womens-basketball/roster/amber-evans/7157
Amber Evans,2019-20,Minutes,9,10/25/19,Kansas Christian College,https://macbulldogs.com/sports/womens-basketball/roster/amber-evans/7157
Amber Evans,2019-20,Field Goals Made,0,01/25/20,York (Neb.),https://macbulldogs.com/sports/womens-basketball/roster/amber-evans/7157
Amber Evans,2019-20,Field Goal Attempts,2,11/02/19,Randall,https://macbulldogs.com/sports/womens-basketball/roster/amber-evans/7157
Amber Evans,2019-20,3-Point Field Goals Made,0,01/25/20,York (Neb.),https://macbulldogs.com/sports/womens-basketball/roster/amber-evans/7157
Amber Evans,2019-20,3-Point Field Goal Attempts,1,11/02/19,Randall,https://macbulldogs.com/sports/womens-basketball/roster/amber-evans/7157
Amber Evans,2019-20,Free Throws Made,1,01/18/20,at Tabor (Kan.),https://macbulldogs.com/sports/womens-basketball/roster/amber-evans/7157
Amber Evans,2019-20,Free Throw Attempts,2,01/18/20,at Tabor (Kan.),https://macbulldogs.com/sports/womens-basketball/roster/amber-evans/7157
Amber Evans,2019-20,Rebounds,2,10/25/19,Kansas Christian College,https://macbulldogs.com/sports/womens-basketball/roster/amber-evans/7157
Amber Evans,2019-20,Assists,0,01/25/20,York (Neb.),https://macbulldogs.com/sports/womens-basketball/roster/amber-evans/7157
Amber Evans,2019-20,Blocks,1,11/26/19,at York (Neb.),https://macbulldogs.com/sports/womens-basketball/roster/amber-evans/7157
Amber Evans,2019-20,Steals,0,01/25/20,York (Neb.),https://macbulldogs.com/sports/womens-basketball/roster/amber-evans/7157
Amber Evans,2020-21,Points,0,10/31/20,Barclay,https://macbulldogs.com/sports/womens-basketball/roster/amber-evans/7157
Amber Evans,2020-21,Minutes,6,10/31/20,Barclay,https://macbulldogs.com/sports/womens-basketball/roster/amber-evans/7157
Amber Evans,2020-21,Field Goals Made,0,10/31/20,Barclay,https://macbulldogs.com/sports/womens-basketball/roster/amber-evans/7157
Amber Evans,2020-21,Field Goal Attempts,1,10/31/20,Barclay,https://macbulldogs.com/sports/womens-basketball/roster/amber-evans/7157
Amber Evans,2020-21,3-Point Field Goals Made,0,10/31/20,Barclay,https://macbulldogs.com/sports/womens-basketball/roster/amber-evans/7157
Amber Evans,2020-21,3-Point Field Goal Attempts,0,10/31/20,Barclay,https://macbulldogs.com/sports/womens-basketball/roster/amber-evans/7157
Amber Evans,2020-21,Free Throws Made,0,10/31/20,Barclay,https://macbulldogs.com/sports/womens-basketball/roster/amber-evans/7157
Amber Evans,2020-21,Free Throw Attempts,0,10/31/20,Barclay,https://macbulldogs.com/sports/womens-basketball/roster/amber-evans/7157
Amber Evans,2020-21,Rebounds,3,10/31/20,Barclay,https://macbulldogs.com/sports/womens-basketball/roster/amber-evans/7157
Amber Evans,2020-21,Assists,1,10/31/20,Barclay,https://macbulldogs.com/sports/womens-basketball/roster/amber-evans/7157
Amber Evans,2020-21,Blocks,0,10/31/20,Barclay,https://macbulldogs.com/sports/womens-basketball/roster/amber-evans/7157
Amber Evans,2020-21,Steals,0,10/31/20,Barclay,https://macbulldogs.com/sports/womens-basketball/roster/amber-evans/7157
Amyah Williams-Woodmore,2025 - 26,Points,9,11/01/25,Cottey College,https://macbulldogs.com/sports/womens-basketball/roster/amyah-williams-woodmore/10863
Amyah Williams-Woodmore,2025 - 26,Minutes,17,11/01/25,Cottey College,https://macbulldogs.com/sports/womens-basketball/roster/amyah-williams-woodmore/10863
Amyah Williams-Woodmore,2025 - 26,Field Goals Made,3,11/01/25,Cottey College,https://macbulldogs.com/sports/womens-basketball/roster/amyah-williams-woodmore/10863
Amyah Williams-Woodmore,2025 - 26,Field Goal Attempts,4,11/01/25,Cottey College,https://macbulldogs.com/sports/womens-basketball/roster/amyah-williams-woodmore/10863
Amyah Williams-Woodmore,2025 - 26,3-Point Field Goals Made,1,11/01/25,Cottey College,https://macbulldogs.com/sports/womens-basketball/roster/amyah-williams-woodmore/10863
Amyah Williams-Woodmore,2025 - 26,3-Point Field Goal Attempts,1,11/01/25,Cottey College,https://macbulldogs.com/sports/womens-basketball/roster/amyah-williams-woodmore/10863
Amyah Williams-Woodmore,2025 - 26,Free Throws Made,2,11/01/25,Cottey College,https://macbulldogs.com/sports/womens-basketball/roster/amyah-williams-woodmore/10863
Amyah Williams-Woodmore,2025 - 26,Free Throw Attempts,2,11/01/25,Cottey College,https://macbulldogs.com/sports/womens-basketball/roster/amyah-williams-woodmore/10863
Amyah Williams-Woodmore,2025 - 26,Rebounds,4,11/01/25,Cottey College,https://macbulldogs.com/sports/womens-basketball/roster/amyah-williams-woodmore/10863
Amyah Williams-Woodmore,2025 - 26,Assists,0,11/01/25,Cottey College,https://macbulldogs.com/sports/womens-basketball/roster/amyah-williams-woodmore/10863
Amyah Williams-Woodmore,2025 - 26,Blocks,0,11/01/25,Cottey College,https://macbulldogs.com/sports/womens-basketball/roster/amyah-williams-woodmore/10863
Amyah Williams-Woodmore,2025 - 26,Steals,1,11/01/25,Cottey College,https://macbulldogs.com/sports/womens-basketball/roster/amyah-williams-woodmore/10863
Bailey Brown,2012-13,Points,15,02/07/13,at Friends University,https://macbulldogs.com/sports/womens-basketball/roster/bailey-brown/1746
Bailey Brown,2012-13,Minutes,35,12/29/12,at Baker University,https://macbulldogs.com/sports/womens-basketball/roster/bailey-brown/1746
Bailey Brown,2012-13,Field Goals Made,5,01/01/13,at York College,https://macbulldogs.com/sports/womens-basketball/roster/bailey-brown/1746
Bailey Brown,2012-13,Field Goal Attempts,10,02/07/13,at Friends University,https://macbulldogs.com/sports/womens-basketball/roster/bailey-brown/1746
Bailey Brown,2012-13,3-Point Field Goals Made,3,02/07/13,at Friends University,https://macbulldogs.com/sports/womens-basketball/roster/bailey-brown/1746
Bailey Brown,2012-13,3-Point Field Goal Attempts,8,02/07/13,at Friends University,https://macbulldogs.com/sports/womens-basketball/roster/bailey-brown/1746
Bailey Brown,2012-13,Free Throws Made,8,02/09/13,Kansas Wesleyan Universit,https://macbulldogs.com/sports/womens-basketball/roster/bailey-brown/1746
Bailey Brown,2012-13,Free Throw Attempts,12,02/09/13,Kansas Wesleyan Universit,https://macbulldogs.com/sports/womens-basketball/roster/bailey-brown/1746
Bailey Brown,2012-13,Rebounds,6,12/08/12,at Southwestern College,https://macbulldogs.com/sports/womens-basketball/roster/bailey-brown/1746
Bailey Brown,2012-13,Assists,3,01/31/13,Southwestern College,https://macbulldogs.com/sports/womens-basketball/roster/bailey-brown/1746
Bailey Brown,2012-13,Blocks,1,01/03/13,Saint Mary (Kan.),https://macbulldogs.com/sports/womens-basketball/roster/bailey-brown/1746
Bailey Brown,2012-13,Steals,3,01/01/13,at York College,https://macbulldogs.com/sports/womens-basketball/roster/bailey-brown/1746
Bailey Brown,2013-14,Points,21,02/15/14,Ottawa (Kan.),https://macbulldogs.com/sports/womens-basketball/roster/bailey-brown/1746
Bailey Brown,2013-14,Minutes,39,10/29/13,at Haskell (Kan.),https://macbulldogs.com/sports/womens-basketball/roster/bailey-brown/1746
Bailey Brown,2013-14,Field Goals Made,7,02/20/14,Bethany (Kan.),https://macbulldogs.com/sports/womens-basketball/roster/bailey-brown/1746
Bailey Brown,2013-14,Field Goal Attempts,12,02/26/14,at Southwestern (Kan.),https://macbulldogs.com/sports/womens-basketball/roster/bailey-brown/1746
Bailey Brown,2013-14,3-Point Field Goals Made,2,02/20/14,Bethany (Kan.),https://macbulldogs.com/sports/womens-basketball/roster/bailey-brown/1746
Bailey Brown,2013-14,3-Point Field Goal Attempts,8,11/19/13,Central Christian (Kan.),https://macbulldogs.com/sports/womens-basketball/roster/bailey-brown/1746
Bailey Brown,2013-14,Free Throws Made,11,02/15/14,Ottawa (Kan.),https://macbulldogs.com/sports/womens-basketball/roster/bailey-brown/1746
Bailey Brown,2013-14,Free Throw Attempts,14,11/19/13,Central Christian (Kan.),https://macbulldogs.com/sports/womens-basketball/roster/bailey-brown/1746
Bailey Brown,2013-14,Rebounds,12,12/14/13,Friends (Kan.),https://macbulldogs.com/sports/womens-basketball/roster/bailey-brown/1746
Bailey Brown,2013-14,Assists,6,01/22/14,Southwestern (Kan.),https://macbulldogs.com/sports/womens-basketball/roster/bailey-brown/1746
Bailey Brown,2013-14,Blocks,1,11/15/13,at York (Neb.),https://macbulldogs.com/sports/womens-basketball/roster/bailey-brown/1746
Bailey Brown,2013-14,Steals,5,01/30/14,Saint Mary (Kan.),https://macbulldogs.com/sports/womens-basketball/roster/bailey-brown/1746
Bailey Brown,2014-15,Points,27,11/12/14,at Central Christian (Kan.),https://macbulldogs.com/sports/womens-basketball/roster/bailey-brown/1746
Bailey Brown,2014-15,Minutes,40,11/14/14,at AIB (Iowa),https://macbulldogs.com/sports/womens-basketball/roster/bailey-brown/1746
Bailey Brown,2014-15,Field Goals Made,9,02/07/15,Sterling (Kan.),https://macbulldogs.com/sports/womens-basketball/roster/bailey-brown/1746
Bailey Brown,2014-15,Field Goal Attempts,17,02/07/15,Sterling (Kan.),https://macbulldogs.com/sports/womens-basketball/roster/bailey-brown/1746
Bailey Brown,2014-15,3-Point Field Goals Made,3,01/31/15,at Kansas Wesleyan,https://macbulldogs.com/sports/womens-basketball/roster/bailey-brown/1746
Bailey Brown,2014-15,3-Point Field Goal Attempts,7,11/14/14,at AIB (Iowa),https://macbulldogs.com/sports/womens-basketball/roster/bailey-brown/1746
Bailey Brown,2014-15,Free Throws Made,14,11/12/14,at Central Christian (Kan.),https://macbulldogs.com/sports/womens-basketball/roster/bailey-brown/1746
Bailey Brown,2014-15,Free Throw Attempts,18,12/13/14,Tabor (Kan.),https://macbulldogs.com/sports/womens-basketball/roster/bailey-brown/1746
Bailey Brown,2014-15,Rebounds,12,11/12/14,at Central Christian (Kan.),https://macbulldogs.com/sports/womens-basketball/roster/bailey-brown/1746
Bailey Brown,2014-15,Assists,7,11/14/14,at AIB (Iowa),https://macbulldogs.com/sports/womens-basketball/roster/bailey-brown/1746
Bailey Brown,2014-15,Blocks,2,01/28/15,Bethel (Kan.),https://macbulldogs.com/sports/womens-basketball/roster/bailey-brown/1746
Bailey Brown,2014-15,Steals,6,01/02/15,vs Peru State (Neb.),https://macbulldogs.com/sports/womens-basketball/roster/bailey-brown/1746
Bailey Brown,2015-16,Points,23,12/29/15,vs Dakota State (S.D.),https://macbulldogs.com/sports/womens-basketball/roster/bailey-brown/1746
Bailey Brown,2015-16,Minutes,48,01/27/16,Kansas Wesleyan,https://macbulldogs.com/sports/womens-basketball/roster/bailey-brown/1746
Bailey Brown,2015-16,Field Goals Made,7,12/29/15,vs Dakota State (S.D.),https://macbulldogs.com/sports/womens-basketball/roster/bailey-brown/1746
Bailey Brown,2015-16,Field Goal Attempts,15,01/30/16,at Friends (Kan.),https://macbulldogs.com/sports/womens-basketball/roster/bailey-brown/1746
Bailey Brown,2015-16,3-Point Field Goals Made,4,12/29/15,vs Dakota State (S.D.),https://macbulldogs.com/sports/womens-basketball/roster/bailey-brown/1746
Bailey Brown,2015-16,3-Point Field Goal Attempts,7,12/15/15,Oklahoma Wesleyan,https://macbulldogs.com/sports/womens-basketball/roster/bailey-brown/1746
Bailey Brown,2015-16,Free Throws Made,16,11/21/15,at Bethel (Kan.),https://macbulldogs.com/sports/womens-basketball/roster/bailey-brown/1746
Bailey Brown,2015-16,Free Throw Attempts,18,11/21/15,at Bethel (Kan.),https://macbulldogs.com/sports/womens-basketball/roster/bailey-brown/1746
Bailey Brown,2015-16,Rebounds,9,02/20/16,Saint Mary (Kan.),https://macbulldogs.com/sports/womens-basketball/roster/bailey-brown/1746
Bailey Brown,2015-16,Assists,5,11/24/15,Ottawa (Kan.),https://macbulldogs.com/sports/womens-basketball/roster/bailey-brown/1746
Bailey Brown,2015-16,Blocks,1,01/27/16,Kansas Wesleyan,https://macbulldogs.com/sports/womens-basketball/roster/bailey-brown/1746
Bailey Brown,2015-16,Steals,7,11/11/15,Central Christian (Kan.),https://macbulldogs.com/sports/womens-basketball/roster/bailey-brown/1746
Bailey Brown,2012-13,Points,15,02/07/13,at Friends University,https://macbulldogs.com/sports/womens-basketball/roster/bailey-brown/2150
Bailey Brown,2012-13,Minutes,35,12/29/12,at Baker University,https://macbulldogs.com/sports/womens-basketball/roster/bailey-brown/2150
Bailey Brown,2012-13,Field Goals Made,5,01/01/13,at York College,https://macbulldogs.com/sports/womens-basketball/roster/bailey-brown/2150
Bailey Brown,2012-13,Field Goal Attempts,10,02/07/13,at Friends University,https://macbulldogs.com/sports/womens-basketball/roster/bailey-brown/2150
Bailey Brown,2012-13,3-Point Field Goals Made,3,02/07/13,at Friends University,https://macbulldogs.com/sports/womens-basketball/roster/bailey-brown/2150
Bailey Brown,2012-13,3-Point Field Goal Attempts,8,02/07/13,at Friends University,https://macbulldogs.com/sports/womens-basketball/roster/bailey-brown/2150
Bailey Brown,2012-13,Free Throws Made,8,02/09/13,Kansas Wesleyan Universit,https://macbulldogs.com/sports/womens-basketball/roster/bailey-brown/2150
Bailey Brown,2012-13,Free Throw Attempts,12,02/09/13,Kansas Wesleyan Universit,https://macbulldogs.com/sports/womens-basketball/roster/bailey-brown/2150
Bailey Brown,2012-13,Rebounds,6,12/08/12,at Southwestern College,https://macbulldogs.com/sports/womens-basketball/roster/bailey-brown/2150
Bailey Brown,2012-13,Assists,3,01/31/13,Southwestern College,https://macbulldogs.com/sports/womens-basketball/roster/bailey-brown/2150
Bailey Brown,2012-13,Blocks,1,01/03/13,Saint Mary (Kan.),https://macbulldogs.com/sports/womens-basketball/roster/bailey-brown/2150
Bailey Brown,2012-13,Steals,3,01/01/13,at York College,https://macbulldogs.com/sports/womens-basketball/roster/bailey-brown/2150
Bailey Brown,2013-14,Points,21,02/15/14,Ottawa (Kan.),https://macbulldogs.com/sports/womens-basketball/roster/bailey-brown/2150
Bailey Brown,2013-14,Minutes,39,10/29/13,at Haskell (Kan.),https://macbulldogs.com/sports/womens-basketball/roster/bailey-brown/2150
Bailey Brown,2013-14,Field Goals Made,7,02/20/14,Bethany (Kan.),https://macbulldogs.com/sports/womens-basketball/roster/bailey-brown/2150
Bailey Brown,2013-14,Field Goal Attempts,12,02/26/14,at Southwestern (Kan.),https://macbulldogs.com/sports/womens-basketball/roster/bailey-brown/2150
Bailey Brown,2013-14,3-Point Field Goals Made,2,02/20/14,Bethany (Kan.),https://macbulldogs.com/sports/womens-basketball/roster/bailey-brown/2150
Bailey Brown,2013-14,3-Point Field Goal Attempts,8,11/19/13,Central Christian (Kan.),https://macbulldogs.com/sports/womens-basketball/roster/bailey-brown/2150
Bailey Brown,2013-14,Free Throws Made,11,02/15/14,Ottawa (Kan.),https://macbulldogs.com/sports/womens-basketball/roster/bailey-brown/2150
Bailey Brown,2013-14,Free Throw Attempts,14,11/19/13,Central Christian (Kan.),https://macbulldogs.com/sports/womens-basketball/roster/bailey-brown/2150
Bailey Brown,2013-14,Rebounds,12,12/14/13,Friends (Kan.),https://macbulldogs.com/sports/womens-basketball/roster/bailey-brown/2150
Bailey Brown,2013-14,Assists,6,01/22/14,Southwestern (Kan.),https://macbulldogs.com/sports/womens-basketball/roster/bailey-brown/2150
Bailey Brown,2013-14,Blocks,1,11/15/13,at York (Neb.),https://macbulldogs.com/sports/womens-basketball/roster/bailey-brown/2150
Bailey Brown,2013-14,Steals,5,01/30/14,Saint Mary (Kan.),https://macbulldogs.com/sports/womens-basketball/roster/bailey-brown/2150
Bailey Brown,2014-15,Points,27,11/12/14,at Central Christian (Kan.),https://macbulldogs.com/sports/womens-basketball/roster/bailey-brown/2150
Bailey Brown,2014-15,Minutes,40,11/14/14,at AIB (Iowa),https://macbulldogs.com/sports/womens-basketball/roster/bailey-brown/2150
Bailey Brown,2014-15,Field Goals Made,9,02/07/15,Sterling (Kan.),https://macbulldogs.com/sports/womens-basketball/roster/bailey-brown/2150
Bailey Brown,2014-15,Field Goal Attempts,17,02/07/15,Sterling (Kan.),https://macbulldogs.com/sports/womens-basketball/roster/bailey-brown/2150
Bailey Brown,2014-15,3-Point Field Goals Made,3,01/31/15,at Kansas Wesleyan,https://macbulldogs.com/sports/womens-basketball/roster/bailey-brown/2150
Bailey Brown,2014-15,3-Point Field Goal Attempts,7,11/14/14,at AIB (Iowa),https://macbulldogs.com/sports/womens-basketball/roster/bailey-brown/2150
Bailey Brown,2014-15,Free Throws Made,14,11/12/14,at Central Christian (Kan.),https://macbulldogs.com/sports/womens-basketball/roster/bailey-brown/2150
Bailey Brown,2014-15,Free Throw Attempts,18,12/13/14,Tabor (Kan.),https://macbulldogs.com/sports/womens-basketball/roster/bailey-brown/2150
Bailey Brown,2014-15,Rebounds,12,11/12/14,at Central Christian (Kan.),https://macbulldogs.com/sports/womens-basketball/roster/bailey-brown/2150
Bailey Brown,2014-15,Assists,7,11/14/14,at AIB (Iowa),https://macbulldogs.com/sports/womens-basketball/roster/bailey-brown/2150
Bailey Brown,2014-15,Blocks,2,01/28/15,Bethel (Kan.),https://macbulldogs.com/sports/womens-basketball/roster/bailey-brown/2150
Bailey Brown,2014-15,Steals,6,01/02/15,vs Peru State (Neb.),https://macbulldogs.com/sports/womens-basketball/roster/bailey-brown/2150
Bailey Brown,2015-16,Points,23,12/29/15,vs Dakota State (S.D.),https://macbulldogs.com/sports/womens-basketball/roster/bailey-brown/2150
Bailey Brown,2015-16,Minutes,48,01/27/16,Kansas Wesleyan,https://macbulldogs.com/sports/womens-basketball/roster/bailey-brown/2150
Bailey Brown,2015-16,Field Goals Made,7,12/29/15,vs Dakota State (S.D.),https://macbulldogs.com/sports/womens-basketball/roster/bailey-brown/2150
Bailey Brown,2015-16,Field Goal Attempts,15,01/30/16,at Friends (Kan.),https://macbulldogs.com/sports/womens-basketball/roster/bailey-brown/2150
Bailey Brown,2015-16,3-Point Field Goals Made,4,12/29/15,vs Dakota State (S.D.),https://macbulldogs.com/sports/womens-basketball/roster/bailey-brown/2150
Bailey Brown,2015-16,3-Point Field Goal Attempts,7,12/15/15,Oklahoma Wesleyan,https://macbulldogs.com/sports/womens-basketball/roster/bailey-brown/2150
Bailey Brown,2015-16,Free Throws Made,16,11/21/15,at Bethel (Kan.),https://macbulldogs.com/sports/womens-basketball/roster/bailey-brown/2150
Bailey Brown,2015-16,Free Throw Attempts,18,11/21/15,at Bethel (Kan.),https://macbulldogs.com/sports/womens-basketball/roster/bailey-brown/2150
Bailey Brown,2015-16,Rebounds,9,02/20/16,Saint Mary (Kan.),https://macbulldogs.com/sports/womens-basketball/roster/bailey-brown/2150
Bailey Brown,2015-16,Assists,5,11/24/15,Ottawa (Kan.),https://macbulldogs.com/sports/womens-basketball/roster/bailey-brown/2150
Bailey Brown,2015-16,Blocks,1,01/27/16,Kansas Wesleyan,https://macbulldogs.com/sports/womens-basketball/roster/bailey-brown/2150
Bailey Brown,2015-16,Steals,7,11/11/15,Central Christian (Kan.),https://macbulldogs.com/sports/womens-basketball/roster/bailey-brown/2150
Bailey Brown,2012-13,Points,15,02/07/13,at Friends University,https://macbulldogs.com/sports/womens-basketball/roster/bailey-brown/2579
Bailey Brown,2012-13,Minutes,35,12/29/12,at Baker University,https://macbulldogs.com/sports/womens-basketball/roster/bailey-brown/2579
Bailey Brown,2012-13,Field Goals Made,5,01/01/13,at York College,https://macbulldogs.com/sports/womens-basketball/roster/bailey-brown/2579
Bailey Brown,2012-13,Field Goal Attempts,10,02/07/13,at Friends University,https://macbulldogs.com/sports/womens-basketball/roster/bailey-brown/2579
Bailey Brown,2012-13,3-Point Field Goals Made,3,02/07/13,at Friends University,https://macbulldogs.com/sports/womens-basketball/roster/bailey-brown/2579
Bailey Brown,2012-13,3-Point Field Goal Attempts,8,02/07/13,at Friends University,https://macbulldogs.com/sports/womens-basketball/roster/bailey-brown/2579
Bailey Brown,2012-13,Free Throws Made,8,02/09/13,Kansas Wesleyan Universit,https://macbulldogs.com/sports/womens-basketball/roster/bailey-brown/2579
Bailey Brown,2012-13,Free Throw Attempts,12,02/09/13,Kansas Wesleyan Universit,https://macbulldogs.com/sports/womens-basketball/roster/bailey-brown/2579
Bailey Brown,2012-13,Rebounds,6,12/08/12,at Southwestern College,https://macbulldogs.com/sports/womens-basketball/roster/bailey-brown/2579
Bailey Brown,2012-13,Assists,3,01/31/13,Southwestern College,https://macbulldogs.com/sports/womens-basketball/roster/bailey-brown/2579
Bailey Brown,2012-13,Blocks,1,01/03/13,Saint Mary (Kan.),https://macbulldogs.com/sports/womens-basketball/roster/bailey-brown/2579
Bailey Brown,2012-13,Steals,3,01/01/13,at York College,https://macbulldogs.com/sports/womens-basketball/roster/bailey-brown/2579
Bailey Brown,2013-14,Points,21,02/15/14,Ottawa (Kan.),https://macbulldogs.com/sports/womens-basketball/roster/bailey-brown/2579
Bailey Brown,2013-14,Minutes,39,10/29/13,at Haskell (Kan.),https://macbulldogs.com/sports/womens-basketball/roster/bailey-brown/2579
Bailey Brown,2013-14,Field Goals Made,7,02/20/14,Bethany (Kan.),https://macbulldogs.com/sports/womens-basketball/roster/bailey-brown/2579
Bailey Brown,2013-14,Field Goal Attempts,12,02/26/14,at Southwestern (Kan.),https://macbulldogs.com/sports/womens-basketball/roster/bailey-brown/2579
Bailey Brown,2013-14,3-Point Field Goals Made,2,02/20/14,Bethany (Kan.),https://macbulldogs.com/sports/womens-basketball/roster/bailey-brown/2579
Bailey Brown,2013-14,3-Point Field Goal Attempts,8,11/19/13,Central Christian (Kan.),https://macbulldogs.com/sports/womens-basketball/roster/bailey-brown/2579
Bailey Brown,2013-14,Free Throws Made,11,02/15/14,Ottawa (Kan.),https://macbulldogs.com/sports/womens-basketball/roster/bailey-brown/2579
Bailey Brown,2013-14,Free Throw Attempts,14,11/19/13,Central Christian (Kan.),https://macbulldogs.com/sports/womens-basketball/roster/bailey-brown/2579
Bailey Brown,2013-14,Rebounds,12,12/14/13,Friends (Kan.),https://macbulldogs.com/sports/womens-basketball/roster/bailey-brown/2579
Bailey Brown,2013-14,Assists,6,01/22/14,Southwestern (Kan.),https://macbulldogs.com/sports/womens-basketball/roster/bailey-brown/2579
Bailey Brown,2013-14,Blocks,1,11/15/13,at York (Neb.),https://macbulldogs.com/sports/womens-basketball/roster/bailey-brown/2579
Bailey Brown,2013-14,Steals,5,01/30/14,Saint Mary (Kan.),https://macbulldogs.com/sports/womens-basketball/roster/bailey-brown/2579
Bailey Brown,2014-15,Points,27,11/12/14,at Central Christian (Kan.),https://macbulldogs.com/sports/womens-basketball/roster/bailey-brown/2579
Bailey Brown,2014-15,Minutes,40,11/14/14,at AIB (Iowa),https://macbulldogs.com/sports/womens-basketball/roster/bailey-brown/2579
Bailey Brown,2014-15,Field Goals Made,9,02/07/15,Sterling (Kan.),https://macbulldogs.com/sports/womens-basketball/roster/bailey-brown/2579
Bailey Brown,2014-15,Field Goal Attempts,17,02/07/15,Sterling (Kan.),https://macbulldogs.com/sports/womens-basketball/roster/bailey-brown/2579
Bailey Brown,2014-15,3-Point Field Goals Made,3,01/31/15,at Kansas Wesleyan,https://macbulldogs.com/sports/womens-basketball/roster/bailey-brown/2579
Bailey Brown,2014-15,3-Point Field Goal Attempts,7,11/14/14,at AIB (Iowa),https://macbulldogs.com/sports/womens-basketball/roster/bailey-brown/2579
Bailey Brown,2014-15,Free Throws Made,14,11/12/14,at Central Christian (Kan.),https://macbulldogs.com/sports/womens-basketball/roster/bailey-brown/2579
Bailey Brown,2014-15,Free Throw Attempts,18,12/13/14,Tabor (Kan.),https://macbulldogs.com/sports/womens-basketball/roster/bailey-brown/2579
Bailey Brown,2014-15,Rebounds,12,11/12/14,at Central Christian (Kan.),https://macbulldogs.com/sports/womens-basketball/roster/bailey-brown/2579
Bailey Brown,2014-15,Assists,7,11/14/14,at AIB (Iowa),https://macbulldogs.com/sports/womens-basketball/roster/bailey-brown/2579
Bailey Brown,2014-15,Blocks,2,01/28/15,Bethel (Kan.),https://macbulldogs.com/sports/womens-basketball/roster/bailey-brown/2579
Bailey Brown,2014-15,Steals,6,01/02/15,vs Peru State (Neb.),https://macbulldogs.com/sports/womens-basketball/roster/bailey-brown/2579
Bailey Brown,2015-16,Points,23,12/29/15,vs Dakota State (S.D.),https://macbulldogs.com/sports/womens-basketball/roster/bailey-brown/2579
Bailey Brown,2015-16,Minutes,48,01/27/16,Kansas Wesleyan,https://macbulldogs.com/sports/womens-basketball/roster/bailey-brown/2579
Bailey Brown,2015-16,Field Goals Made,7,12/29/15,vs Dakota State (S.D.),https://macbulldogs.com/sports/womens-basketball/roster/bailey-brown/2579
Bailey Brown,2015-16,Field Goal Attempts,15,01/30/16,at Friends (Kan.),https://macbulldogs.com/sports/womens-basketball/roster/bailey-brown/2579
Bailey Brown,2015-16,3-Point Field Goals Made,4,12/29/15,vs Dakota State (S.D.),https://macbulldogs.com/sports/womens-basketball/roster/bailey-brown/2579
Bailey Brown,2015-16,3-Point Field Goal Attempts,7,12/15/15,Oklahoma Wesleyan,https://macbulldogs.com/sports/womens-basketball/roster/bailey-brown/2579
Bailey Brown,2015-16,Free Throws Made,16,11/21/15,at Bethel (Kan.),https://macbulldogs.com/sports/womens-basketball/roster/bailey-brown/2579
Bailey Brown,2015-16,Free Throw Attempts,18,11/21/15,at Bethel (Kan.),https://macbulldogs.com/sports/womens-basketball/roster/bailey-brown/2579
Bailey Brown,2015-16,Rebounds,9,02/20/16,Saint Mary (Kan.),https://macbulldogs.com/sports/womens-basketball/roster/bailey-brown/2579
Bailey Brown,2015-16,Assists,5,11/24/15,Ottawa (Kan.),https://macbulldogs.com/sports/womens-basketball/roster/bailey-brown/2579
Bailey Brown,2015-16,Blocks,1,01/27/16,Kansas Wesleyan,https://macbulldogs.com/sports/womens-basketball/roster/bailey-brown/2579
Bailey Brown,2015-16,Steals,7,11/11/15,Central Christian (Kan.),https://macbulldogs.com/sports/womens-basketball/roster/bailey-brown/2579
Brandi Florian,2009-10,Points,2,02/22/10,at Ottawa University,https://macbulldogs.com/sports/womens-basketball/roster/brandi-florian/552
Brandi Florian,2009-10,Minutes,12,02/20/10,at Bethel College,https://macbulldogs.com/sports/womens-basketball/roster/brandi-florian/552
Brandi Florian,2009-10,Field Goals Made,1,02/22/10,at Ottawa University,https://macbulldogs.com/sports/womens-basketball/roster/brandi-florian/552
Brandi Florian,2009-10,Field Goal Attempts,2,02/22/10,at Ottawa University,https://macbulldogs.com/sports/womens-basketball/roster/brandi-florian/552
Brandi Florian,2009-10,3-Point Field Goals Made,0,02/22/10,at Ottawa University,https://macbulldogs.com/sports/womens-basketball/roster/brandi-florian/552
Brandi Florian,2009-10,3-Point Field Goal Attempts,0,02/22/10,at Ottawa University,https://macbulldogs.com/sports/womens-basketball/roster/brandi-florian/552
Brandi Florian,2009-10,Free Throws Made,1,11/21/09,at Haskell Indian Nations Un,https://macbulldogs.com/sports/womens-basketball/roster/brandi-florian/552
Brandi Florian,2009-10,Free Throw Attempts,2,11/21/09,at Haskell Indian Nations Un,https://macbulldogs.com/sports/womens-basketball/roster/brandi-florian/552
Brandi Florian,2009-10,Rebounds,5,01/07/10,Southwestern College,https://macbulldogs.com/sports/womens-basketball/roster/brandi-florian/552
Brandi Florian,2009-10,Assists,1,02/20/10,at Bethel College,https://macbulldogs.com/sports/womens-basketball/roster/brandi-florian/552
Brandi Florian,2009-10,Blocks,0,02/22/10,at Ottawa University,https://macbulldogs.com/sports/womens-basketball/roster/brandi-florian/552
Brandi Florian,2009-10,Steals,2,01/28/10,at Ottawa University,https://macbulldogs.com/sports/womens-basketball/roster/brandi-florian/552
Brandi Florian,2010-11,Points,7,12/09/10,Bethel College,https://macbulldogs.com/sports/womens-basketball/roster/brandi-florian/552
Brandi Florian,2010-11,Minutes,20,01/13/11,at Bethany College,https://macbulldogs.com/sports/womens-basketball/roster/brandi-florian/552
Brandi Florian,2010-11,Field Goals Made,3,01/06/11,Southwestern College,https://macbulldogs.com/sports/womens-basketball/roster/brandi-florian/552
Brandi Florian,2010-11,Field Goal Attempts,6,01/06/11,Southwestern College,https://macbulldogs.com/sports/womens-basketball/roster/brandi-florian/552
Brandi Florian,2010-11,3-Point Field Goals Made,0,02/17/11,University of St.Mary,https://macbulldogs.com/sports/womens-basketball/roster/brandi-florian/552
Brandi Florian,2010-11,3-Point Field Goal Attempts,0,02/17/11,University of St.Mary,https://macbulldogs.com/sports/womens-basketball/roster/brandi-florian/552
Brandi Florian,2010-11,Free Throws Made,5,12/09/10,Bethel College,https://macbulldogs.com/sports/womens-basketball/roster/brandi-florian/552
Brandi Florian,2010-11,Free Throw Attempts,6,12/09/10,Bethel College,https://macbulldogs.com/sports/womens-basketball/roster/brandi-florian/552
Brandi Florian,2010-11,Rebounds,8,01/03/11,at York College,https://macbulldogs.com/sports/womens-basketball/roster/brandi-florian/552
Brandi Florian,2010-11,Assists,1,11/16/10,at Central Christian College,https://macbulldogs.com/sports/womens-basketball/roster/brandi-florian/552
Brandi Florian,2010-11,Blocks,0,02/17/11,University of St.Mary,https://macbulldogs.com/sports/womens-basketball/roster/brandi-florian/552
Brandi Florian,2010-11,Steals,2,01/19/11,Sterling College,https://macbulldogs.com/sports/womens-basketball/roster/brandi-florian/552
Breahna Gillespie,2010-11,Points,8,11/16/10,at Central Christian College,https://macbulldogs.com/sports/womens-basketball/roster/breahna-gillespie/1749
Breahna Gillespie,2010-11,Minutes,31,11/16/10,at Central Christian College,https://macbulldogs.com/sports/womens-basketball/roster/breahna-gillespie/1749
Breahna Gillespie,2010-11,Field Goals Made,3,01/29/11,at Bethel College,https://macbulldogs.com/sports/womens-basketball/roster/breahna-gillespie/1749
Breahna Gillespie,2010-11,Field Goal Attempts,10,11/16/10,at Central Christian College,https://macbulldogs.com/sports/womens-basketball/roster/breahna-gillespie/1749
Breahna Gillespie,2010-11,3-Point Field Goals Made,1,01/29/11,at Bethel College,https://macbulldogs.com/sports/womens-basketball/roster/breahna-gillespie/1749
Breahna Gillespie,2010-11,3-Point Field Goal Attempts,2,01/29/11,at Bethel College,https://macbulldogs.com/sports/womens-basketball/roster/breahna-gillespie/1749
Breahna Gillespie,2010-11,Free Throws Made,4,01/15/11,at University of St.Mary,https://macbulldogs.com/sports/womens-basketball/roster/breahna-gillespie/1749
Breahna Gillespie,2010-11,Free Throw Attempts,9,11/16/10,at Central Christian College,https://macbulldogs.com/sports/womens-basketball/roster/breahna-gillespie/1749
Breahna Gillespie,2010-11,Rebounds,16,11/16/10,at Central Christian College,https://macbulldogs.com/sports/womens-basketball/roster/breahna-gillespie/1749
Breahna Gillespie,2010-11,Assists,2,11/20/10,Southwestern Christian Un,https://macbulldogs.com/sports/womens-basketball/roster/breahna-gillespie/1749
Breahna Gillespie,2010-11,Blocks,1,02/03/11,Friends University,https://macbulldogs.com/sports/womens-basketball/roster/breahna-gillespie/1749
Breahna Gillespie,2010-11,Steals,2,01/29/11,at Bethel College,https://macbulldogs.com/sports/womens-basketball/roster/breahna-gillespie/1749
Breahna Gillespie,2011-12,Points,4,02/18/12,Bethany (Kan.),https://macbulldogs.com/sports/womens-basketball/roster/breahna-gillespie/1749
Breahna Gillespie,2011-12,Minutes,8,02/22/12,at Kansas Wesleyan,https://macbulldogs.com/sports/womens-basketball/roster/breahna-gillespie/1749
Breahna Gillespie,2011-12,Field Goals Made,1,02/22/12,at Kansas Wesleyan,https://macbulldogs.com/sports/womens-basketball/roster/breahna-gillespie/1749
Breahna Gillespie,2011-12,Field Goal Attempts,3,02/22/12,at Kansas Wesleyan,https://macbulldogs.com/sports/womens-basketball/roster/breahna-gillespie/1749
Breahna Gillespie,2011-12,3-Point Field Goals Made,0,02/22/12,at Kansas Wesleyan,https://macbulldogs.com/sports/womens-basketball/roster/breahna-gillespie/1749
Breahna Gillespie,2011-12,3-Point Field Goal Attempts,0,02/22/12,at Kansas Wesleyan,https://macbulldogs.com/sports/womens-basketball/roster/breahna-gillespie/1749
Breahna Gillespie,2011-12,Free Throws Made,2,02/18/12,Bethany (Kan.),https://macbulldogs.com/sports/womens-basketball/roster/breahna-gillespie/1749
Breahna Gillespie,2011-12,Free Throw Attempts,3,02/18/12,Bethany (Kan.),https://macbulldogs.com/sports/womens-basketball/roster/breahna-gillespie/1749
Breahna Gillespie,2011-12,Rebounds,3,02/22/12,at Kansas Wesleyan,https://macbulldogs.com/sports/womens-basketball/roster/breahna-gillespie/1749
Breahna Gillespie,2011-12,Assists,1,02/22/12,at Kansas Wesleyan,https://macbulldogs.com/sports/womens-basketball/roster/breahna-gillespie/1749
Breahna Gillespie,2011-12,Blocks,1,02/22/12,at Kansas Wesleyan,https://macbulldogs.com/sports/womens-basketball/roster/breahna-gillespie/1749
Breahna Gillespie,2011-12,Steals,0,02/22/12,at Kansas Wesleyan,https://macbulldogs.com/sports/womens-basketball/roster/breahna-gillespie/1749
Breahna Gillespie,2012-13,Points,8,11/26/12,York College,https://macbulldogs.com/sports/womens-basketball/roster/breahna-gillespie/1749
Breahna Gillespie,2012-13,Minutes,16,11/16/12,vs William Penn College,https://macbulldogs.com/sports/womens-basketball/roster/breahna-gillespie/1749
Breahna Gillespie,2012-13,Field Goals Made,3,11/26/12,York College,https://macbulldogs.com/sports/womens-basketball/roster/breahna-gillespie/1749
Breahna Gillespie,2012-13,Field Goal Attempts,6,11/26/12,York College,https://macbulldogs.com/sports/womens-basketball/roster/breahna-gillespie/1749
Breahna Gillespie,2012-13,3-Point Field Goals Made,1,11/17/12,vs Haskell Indian Nations Un,https://macbulldogs.com/sports/womens-basketball/roster/breahna-gillespie/1749
Breahna Gillespie,2012-13,3-Point Field Goal Attempts,1,02/02/13,at Saint Mary (Kan.),https://macbulldogs.com/sports/womens-basketball/roster/breahna-gillespie/1749
Breahna Gillespie,2012-13,Free Throws Made,4,01/05/13,Friends University,https://macbulldogs.com/sports/womens-basketball/roster/breahna-gillespie/1749
Breahna Gillespie,2012-13,Free Throw Attempts,4,01/05/13,Friends University,https://macbulldogs.com/sports/womens-basketball/roster/breahna-gillespie/1749
Breahna Gillespie,2012-13,Rebounds,4,02/02/13,at Saint Mary (Kan.),https://macbulldogs.com/sports/womens-basketball/roster/breahna-gillespie/1749
Breahna Gillespie,2012-13,Assists,2,11/29/12,at Bethany College,https://macbulldogs.com/sports/womens-basketball/roster/breahna-gillespie/1749
Breahna Gillespie,2012-13,Blocks,0,02/14/13,at Sterling College,https://macbulldogs.com/sports/womens-basketball/roster/breahna-gillespie/1749
Breahna Gillespie,2012-13,Steals,2,11/26/12,York College,https://macbulldogs.com/sports/womens-basketball/roster/breahna-gillespie/1749
Breahna Gillespie,2013-14,Points,13,11/23/13,Northern New Mexico,https://macbulldogs.com/sports/womens-basketball/roster/breahna-gillespie/1749
Breahna Gillespie,2013-14,Minutes,35,12/14/13,Friends (Kan.),https://macbulldogs.com/sports/womens-basketball/roster/breahna-gillespie/1749
Breahna Gillespie,2013-14,Field Goals Made,5,11/23/13,Northern New Mexico,https://macbulldogs.com/sports/womens-basketball/roster/breahna-gillespie/1749
Breahna Gillespie,2013-14,Field Goal Attempts,9,02/26/14,at Southwestern (Kan.),https://macbulldogs.com/sports/womens-basketball/roster/breahna-gillespie/1749
Breahna Gillespie,2013-14,3-Point Field Goals Made,2,01/18/14,at Bethany (Kan.),https://macbulldogs.com/sports/womens-basketball/roster/breahna-gillespie/1749
Breahna Gillespie,2013-14,3-Point Field Goal Attempts,4,02/26/14,at Southwestern (Kan.),https://macbulldogs.com/sports/womens-basketball/roster/breahna-gillespie/1749
Breahna Gillespie,2013-14,Free Throws Made,4,02/15/14,Ottawa (Kan.),https://macbulldogs.com/sports/womens-basketball/roster/breahna-gillespie/1749
Breahna Gillespie,2013-14,Free Throw Attempts,4,02/15/14,Ottawa (Kan.),https://macbulldogs.com/sports/womens-basketball/roster/breahna-gillespie/1749
Breahna Gillespie,2013-14,Rebounds,12,02/26/14,at Southwestern (Kan.),https://macbulldogs.com/sports/womens-basketball/roster/breahna-gillespie/1749
Breahna Gillespie,2013-14,Assists,7,02/20/14,Bethany (Kan.),https://macbulldogs.com/sports/womens-basketball/roster/breahna-gillespie/1749
Breahna Gillespie,2013-14,Blocks,2,12/12/13,Sterling (Kan.),https://macbulldogs.com/sports/womens-basketball/roster/breahna-gillespie/1749
Breahna Gillespie,2013-14,Steals,5,12/12/13,Sterling (Kan.),https://macbulldogs.com/sports/womens-basketball/roster/breahna-gillespie/1749
Breahna Gillespie,2010-11,Points,8,11/16/10,at Central Christian College,https://macbulldogs.com/sports/womens-basketball/roster/breahna-gillespie/561
Breahna Gillespie,2010-11,Minutes,31,11/16/10,at Central Christian College,https://macbulldogs.com/sports/womens-basketball/roster/breahna-gillespie/561
Breahna Gillespie,2010-11,Field Goals Made,3,01/29/11,at Bethel College,https://macbulldogs.com/sports/womens-basketball/roster/breahna-gillespie/561
Breahna Gillespie,2010-11,Field Goal Attempts,10,11/16/10,at Central Christian College,https://macbulldogs.com/sports/womens-basketball/roster/breahna-gillespie/561
Breahna Gillespie,2010-11,3-Point Field Goals Made,1,01/29/11,at Bethel College,https://macbulldogs.com/sports/womens-basketball/roster/breahna-gillespie/561
Breahna Gillespie,2010-11,3-Point Field Goal Attempts,2,01/29/11,at Bethel College,https://macbulldogs.com/sports/womens-basketball/roster/breahna-gillespie/561
Breahna Gillespie,2010-11,Free Throws Made,4,01/15/11,at University of St.Mary,https://macbulldogs.com/sports/womens-basketball/roster/breahna-gillespie/561
Breahna Gillespie,2010-11,Free Throw Attempts,9,11/16/10,at Central Christian College,https://macbulldogs.com/sports/womens-basketball/roster/breahna-gillespie/561
Breahna Gillespie,2010-11,Rebounds,16,11/16/10,at Central Christian College,https://macbulldogs.com/sports/womens-basketball/roster/breahna-gillespie/561
Breahna Gillespie,2010-11,Assists,2,11/20/10,Southwestern Christian Un,https://macbulldogs.com/sports/womens-basketball/roster/breahna-gillespie/561
Breahna Gillespie,2010-11,Blocks,1,02/03/11,Friends University,https://macbulldogs.com/sports/womens-basketball/roster/breahna-gillespie/561
Breahna Gillespie,2010-11,Steals,2,01/29/11,at Bethel College,https://macbulldogs.com/sports/womens-basketball/roster/breahna-gillespie/561
Breahna Gillespie,2011-12,Points,4,02/18/12,Bethany (Kan.),https://macbulldogs.com/sports/womens-basketball/roster/breahna-gillespie/561
Breahna Gillespie,2011-12,Minutes,8,02/22/12,at Kansas Wesleyan,https://macbulldogs.com/sports/womens-basketball/roster/breahna-gillespie/561
Breahna Gillespie,2011-12,Field Goals Made,1,02/22/12,at Kansas Wesleyan,https://macbulldogs.com/sports/womens-basketball/roster/breahna-gillespie/561
Breahna Gillespie,2011-12,Field Goal Attempts,3,02/22/12,at Kansas Wesleyan,https://macbulldogs.com/sports/womens-basketball/roster/breahna-gillespie/561
Breahna Gillespie,2011-12,3-Point Field Goals Made,0,02/22/12,at Kansas Wesleyan,https://macbulldogs.com/sports/womens-basketball/roster/breahna-gillespie/561
Breahna Gillespie,2011-12,3-Point Field Goal Attempts,0,02/22/12,at Kansas Wesleyan,https://macbulldogs.com/sports/womens-basketball/roster/breahna-gillespie/561
Breahna Gillespie,2011-12,Free Throws Made,2,02/18/12,Bethany (Kan.),https://macbulldogs.com/sports/womens-basketball/roster/breahna-gillespie/561
Breahna Gillespie,2011-12,Free Throw Attempts,3,02/18/12,Bethany (Kan.),https://macbulldogs.com/sports/womens-basketball/roster/breahna-gillespie/561
Breahna Gillespie,2011-12,Rebounds,3,02/22/12,at Kansas Wesleyan,https://macbulldogs.com/sports/womens-basketball/roster/breahna-gillespie/561
Breahna Gillespie,2011-12,Assists,1,02/22/12,at Kansas Wesleyan,https://macbulldogs.com/sports/womens-basketball/roster/breahna-gillespie/561
Breahna Gillespie,2011-12,Blocks,1,02/22/12,at Kansas Wesleyan,https://macbulldogs.com/sports/womens-basketball/roster/breahna-gillespie/561
Breahna Gillespie,2011-12,Steals,0,02/22/12,at Kansas Wesleyan,https://macbulldogs.com/sports/womens-basketball/roster/breahna-gillespie/561
Breahna Gillespie,2012-13,Points,8,11/26/12,York College,https://macbulldogs.com/sports/womens-basketball/roster/breahna-gillespie/561
Breahna Gillespie,2012-13,Minutes,16,11/16/12,vs William Penn College,https://macbulldogs.com/sports/womens-basketball/roster/breahna-gillespie/561
Breahna Gillespie,2012-13,Field Goals Made,3,11/26/12,York College,https://macbulldogs.com/sports/womens-basketball/roster/breahna-gillespie/561
Breahna Gillespie,2012-13,Field Goal Attempts,6,11/26/12,York College,https://macbulldogs.com/sports/womens-basketball/roster/breahna-gillespie/561
Breahna Gillespie,2012-13,3-Point Field Goals Made,1,11/17/12,vs Haskell Indian Nations Un,https://macbulldogs.com/sports/womens-basketball/roster/breahna-gillespie/561
Breahna Gillespie,2012-13,3-Point Field Goal Attempts,1,02/02/13,at Saint Mary (Kan.),https://macbulldogs.com/sports/womens-basketball/roster/breahna-gillespie/561
Breahna Gillespie,2012-13,Free Throws Made,4,01/05/13,Friends University,https://macbulldogs.com/sports/womens-basketball/roster/breahna-gillespie/561
Breahna Gillespie,2012-13,Free Throw Attempts,4,01/05/13,Friends University,https://macbulldogs.com/sports/womens-basketball/roster/breahna-gillespie/561
Breahna Gillespie,2012-13,Rebounds,4,02/02/13,at Saint Mary (Kan.),https://macbulldogs.com/sports/womens-basketball/roster/breahna-gillespie/561
Breahna Gillespie,2012-13,Assists,2,11/29/12,at Bethany College,https://macbulldogs.com/sports/womens-basketball/roster/breahna-gillespie/561
Breahna Gillespie,2012-13,Blocks,0,02/14/13,at Sterling College,https://macbulldogs.com/sports/womens-basketball/roster/breahna-gillespie/561
Breahna Gillespie,2012-13,Steals,2,11/26/12,York College,https://macbulldogs.com/sports/womens-basketball/roster/breahna-gillespie/561
Breahna Gillespie,2013-14,Points,13,11/23/13,Northern New Mexico,https://macbulldogs.com/sports/womens-basketball/roster/breahna-gillespie/561
Breahna Gillespie,2013-14,Minutes,35,12/14/13,Friends (Kan.),https://macbulldogs.com/sports/womens-basketball/roster/breahna-gillespie/561
Breahna Gillespie,2013-14,Field Goals Made,5,11/23/13,Northern New Mexico,https://macbulldogs.com/sports/womens-basketball/roster/breahna-gillespie/561
Breahna Gillespie,2013-14,Field Goal Attempts,9,02/26/14,at Southwestern (Kan.),https://macbulldogs.com/sports/womens-basketball/roster/breahna-gillespie/561
Breahna Gillespie,2013-14,3-Point Field Goals Made,2,01/18/14,at Bethany (Kan.),https://macbulldogs.com/sports/womens-basketball/roster/breahna-gillespie/561
Breahna Gillespie,2013-14,3-Point Field Goal Attempts,4,02/26/14,at Southwestern (Kan.),https://macbulldogs.com/sports/womens-basketball/roster/breahna-gillespie/561
Breahna Gillespie,2013-14,Free Throws Made,4,02/15/14,Ottawa (Kan.),https://macbulldogs.com/sports/womens-basketball/roster/breahna-gillespie/561
Breahna Gillespie,2013-14,Free Throw Attempts,4,02/15/14,Ottawa (Kan.),https://macbulldogs.com/sports/womens-basketball/roster/breahna-gillespie/561
Breahna Gillespie,2013-14,Rebounds,12,02/26/14,at Southwestern (Kan.),https://macbulldogs.com/sports/womens-basketball/roster/breahna-gillespie/561
Breahna Gillespie,2013-14,Assists,7,02/20/14,Bethany (Kan.),https://macbulldogs.com/sports/womens-basketball/roster/breahna-gillespie/561
Breahna Gillespie,2013-14,Blocks,2,12/12/13,Sterling (Kan.),https://macbulldogs.com/sports/womens-basketball/roster/breahna-gillespie/561
Breahna Gillespie,2013-14,Steals,5,12/12/13,Sterling (Kan.),https://macbulldogs.com/sports/womens-basketball/roster/breahna-gillespie/561
Breahna Gillespie,2010-11,Points,8,11/16/10,at Central Christian College,https://macbulldogs.com/sports/womens-basketball/roster/breahna-gillespie/897
Breahna Gillespie,2010-11,Minutes,31,11/16/10,at Central Christian College,https://macbulldogs.com/sports/womens-basketball/roster/breahna-gillespie/897
Breahna Gillespie,2010-11,Field Goals Made,3,01/29/11,at Bethel College,https://macbulldogs.com/sports/womens-basketball/roster/breahna-gillespie/897
Breahna Gillespie,2010-11,Field Goal Attempts,10,11/16/10,at Central Christian College,https://macbulldogs.com/sports/womens-basketball/roster/breahna-gillespie/897
Breahna Gillespie,2010-11,3-Point Field Goals Made,1,01/29/11,at Bethel College,https://macbulldogs.com/sports/womens-basketball/roster/breahna-gillespie/897
Breahna Gillespie,2010-11,3-Point Field Goal Attempts,2,01/29/11,at Bethel College,https://macbulldogs.com/sports/womens-basketball/roster/breahna-gillespie/897
Breahna Gillespie,2010-11,Free Throws Made,4,01/15/11,at University of St.Mary,https://macbulldogs.com/sports/womens-basketball/roster/breahna-gillespie/897
Breahna Gillespie,2010-11,Free Throw Attempts,9,11/16/10,at Central Christian College,https://macbulldogs.com/sports/womens-basketball/roster/breahna-gillespie/897
Breahna Gillespie,2010-11,Rebounds,16,11/16/10,at Central Christian College,https://macbulldogs.com/sports/womens-basketball/roster/breahna-gillespie/897
Breahna Gillespie,2010-11,Assists,2,11/20/10,Southwestern Christian Un,https://macbulldogs.com/sports/womens-basketball/roster/breahna-gillespie/897
Breahna Gillespie,2010-11,Blocks,1,02/03/11,Friends University,https://macbulldogs.com/sports/womens-basketball/roster/breahna-gillespie/897
Breahna Gillespie,2010-11,Steals,2,01/29/11,at Bethel College,https://macbulldogs.com/sports/womens-basketball/roster/breahna-gillespie/897
Breahna Gillespie,2011-12,Points,4,02/18/12,Bethany (Kan.),https://macbulldogs.com/sports/womens-basketball/roster/breahna-gillespie/897
Breahna Gillespie,2011-12,Minutes,8,02/22/12,at Kansas Wesleyan,https://macbulldogs.com/sports/womens-basketball/roster/breahna-gillespie/897
Breahna Gillespie,2011-12,Field Goals Made,1,02/22/12,at Kansas Wesleyan,https://macbulldogs.com/sports/womens-basketball/roster/breahna-gillespie/897
Breahna Gillespie,2011-12,Field Goal Attempts,3,02/22/12,at Kansas Wesleyan,https://macbulldogs.com/sports/womens-basketball/roster/breahna-gillespie/897
Breahna Gillespie,2011-12,3-Point Field Goals Made,0,02/22/12,at Kansas Wesleyan,https://macbulldogs.com/sports/womens-basketball/roster/breahna-gillespie/897
Breahna Gillespie,2011-12,3-Point Field Goal Attempts,0,02/22/12,at Kansas Wesleyan,https://macbulldogs.com/sports/womens-basketball/roster/breahna-gillespie/897
Breahna Gillespie,2011-12,Free Throws Made,2,02/18/12,Bethany (Kan.),https://macbulldogs.com/sports/womens-basketball/roster/breahna-gillespie/897
Breahna Gillespie,2011-12,Free Throw Attempts,3,02/18/12,Bethany (Kan.),https://macbulldogs.com/sports/womens-basketball/roster/breahna-gillespie/897
Breahna Gillespie,2011-12,Rebounds,3,02/22/12,at Kansas Wesleyan,https://macbulldogs.com/sports/womens-basketball/roster/breahna-gillespie/897
Breahna Gillespie,2011-12,Assists,1,02/22/12,at Kansas Wesleyan,https://macbulldogs.com/sports/womens-basketball/roster/breahna-gillespie/897
Breahna Gillespie,2011-12,Blocks,1,02/22/12,at Kansas Wesleyan,https://macbulldogs.com/sports/womens-basketball/roster/breahna-gillespie/897
Breahna Gillespie,2011-12,Steals,0,02/22/12,at Kansas Wesleyan,https://macbulldogs.com/sports/womens-basketball/roster/breahna-gillespie/897
Breahna Gillespie,2012-13,Points,8,11/26/12,York College,https://macbulldogs.com/sports/womens-basketball/roster/breahna-gillespie/897
Breahna Gillespie,2012-13,Minutes,16,11/16/12,vs William Penn College,https://macbulldogs.com/sports/womens-basketball/roster/breahna-gillespie/897
Breahna Gillespie,2012-13,Field Goals Made,3,11/26/12,York College,https://macbulldogs.com/sports/womens-basketball/roster/breahna-gillespie/897
Breahna Gillespie,2012-13,Field Goal Attempts,6,11/26/12,York College,https://macbulldogs.com/sports/womens-basketball/roster/breahna-gillespie/897
Breahna Gillespie,2012-13,3-Point Field Goals Made,1,11/17/12,vs Haskell Indian Nations Un,https://macbulldogs.com/sports/womens-basketball/roster/breahna-gillespie/897
Breahna Gillespie,2012-13,3-Point Field Goal Attempts,1,02/02/13,at Saint Mary (Kan.),https://macbulldogs.com/sports/womens-basketball/roster/breahna-gillespie/897
Breahna Gillespie,2012-13,Free Throws Made,4,01/05/13,Friends University,https://macbulldogs.com/sports/womens-basketball/roster/breahna-gillespie/897
Breahna Gillespie,2012-13,Free Throw Attempts,4,01/05/13,Friends University,https://macbulldogs.com/sports/womens-basketball/roster/breahna-gillespie/897
Breahna Gillespie,2012-13,Rebounds,4,02/02/13,at Saint Mary (Kan.),https://macbulldogs.com/sports/womens-basketball/roster/breahna-gillespie/897
Breahna Gillespie,2012-13,Assists,2,11/29/12,at Bethany College,https://macbulldogs.com/sports/womens-basketball/roster/breahna-gillespie/897
Breahna Gillespie,2012-13,Blocks,0,02/14/13,at Sterling College,https://macbulldogs.com/sports/womens-basketball/roster/breahna-gillespie/897
Breahna Gillespie,2012-13,Steals,2,11/26/12,York College,https://macbulldogs.com/sports/womens-basketball/roster/breahna-gillespie/897
Breahna Gillespie,2013-14,Points,13,11/23/13,Northern New Mexico,https://macbulldogs.com/sports/womens-basketball/roster/breahna-gillespie/897
Breahna Gillespie,2013-14,Minutes,35,12/14/13,Friends (Kan.),https://macbulldogs.com/sports/womens-basketball/roster/breahna-gillespie/897
Breahna Gillespie,2013-14,Field Goals Made,5,11/23/13,Northern New Mexico,https://macbulldogs.com/sports/womens-basketball/roster/breahna-gillespie/897
Breahna Gillespie,2013-14,Field Goal Attempts,9,02/26/14,at Southwestern (Kan.),https://macbulldogs.com/sports/womens-basketball/roster/breahna-gillespie/897
Breahna Gillespie,2013-14,3-Point Field Goals Made,2,01/18/14,at Bethany (Kan.),https://macbulldogs.com/sports/womens-basketball/roster/breahna-gillespie/897
Breahna Gillespie,2013-14,3-Point Field Goal Attempts,4,02/26/14,at Southwestern (Kan.),https://macbulldogs.com/sports/womens-basketball/roster/breahna-gillespie/897
Breahna Gillespie,2013-14,Free Throws Made,4,02/15/14,Ottawa (Kan.),https://macbulldogs.com/sports/womens-basketball/roster/breahna-gillespie/897
Breahna Gillespie,2013-14,Free Throw Attempts,4,02/15/14,Ottawa (Kan.),https://macbulldogs.com/sports/womens-basketball/roster/breahna-gillespie/897
Breahna Gillespie,2013-14,Rebounds,12,02/26/14,at Southwestern (Kan.),https://macbulldogs.com/sports/womens-basketball/roster/breahna-gillespie/897
Breahna Gillespie,2013-14,Assists,7,02/20/14,Bethany (Kan.),https://macbulldogs.com/sports/womens-basketball/roster/breahna-gillespie/897
Breahna Gillespie,2013-14,Blocks,2,12/12/13,Sterling (Kan.),https://macbulldogs.com/sports/womens-basketball/roster/breahna-gillespie/897
Breahna Gillespie,2013-14,Steals,5,12/12/13,Sterling (Kan.),https://macbulldogs.com/sports/womens-basketball/roster/breahna-gillespie/897
Brianna Shaw,2020-21,Points,0,02/10/21,at Sterling (Kan.),https://macbulldogs.com/sports/womens-basketball/roster/brianna-shaw/7169
Brianna Shaw,2020-21,Minutes,3,02/02/21,at Avila (Mo.),https://macbulldogs.com/sports/womens-basketball/roster/brianna-shaw/7169
Brianna Shaw,2020-21,Field Goals Made,0,02/10/21,at Sterling (Kan.),https://macbulldogs.com/sports/womens-basketball/roster/brianna-shaw/7169
Brianna Shaw,2020-21,Field Goal Attempts,3,02/02/21,at Avila (Mo.),https://macbulldogs.com/sports/womens-basketball/roster/brianna-shaw/7169
Brianna Shaw,2020-21,3-Point Field Goals Made,0,02/10/21,at Sterling (Kan.),https://macbulldogs.com/sports/womens-basketball/roster/brianna-shaw/7169
Brianna Shaw,2020-21,3-Point Field Goal Attempts,1,02/02/21,at Avila (Mo.),https://macbulldogs.com/sports/womens-basketball/roster/brianna-shaw/7169
Brianna Shaw,2020-21,Free Throws Made,0,02/10/21,at Sterling (Kan.),https://macbulldogs.com/sports/womens-basketball/roster/brianna-shaw/7169
Brianna Shaw,2020-21,Free Throw Attempts,0,02/10/21,at Sterling (Kan.),https://macbulldogs.com/sports/womens-basketball/roster/brianna-shaw/7169
Brianna Shaw,2020-21,Rebounds,0,02/10/21,at Sterling (Kan.),https://macbulldogs.com/sports/womens-basketball/roster/brianna-shaw/7169
Brianna Shaw,2020-21,Assists,2,02/02/21,at Avila (Mo.),https://macbulldogs.com/sports/womens-basketball/roster/brianna-shaw/7169
Brianna Shaw,2020-21,Blocks,0,02/10/21,at Sterling (Kan.),https://macbulldogs.com/sports/womens-basketball/roster/brianna-shaw/7169
Brianna Shaw,2020-21,Steals,0,02/10/21,at Sterling (Kan.),https://macbulldogs.com/sports/womens-basketball/roster/brianna-shaw/7169
Brianna Shaw,2022-23,Points,0,02/04/23,York,https://macbulldogs.com/sports/womens-basketball/roster/brianna-shaw/7169
Brianna Shaw,2022-23,Minutes,1,02/01/23,at Tabor,https://macbulldogs.com/sports/womens-basketball/roster/brianna-shaw/7169
Brianna Shaw,2022-23,Field Goals Made,0,02/04/23,York,https://macbulldogs.com/sports/womens-basketball/roster/brianna-shaw/7169
Brianna Shaw,2022-23,Field Goal Attempts,0,02/04/23,York,https://macbulldogs.com/sports/womens-basketball/roster/brianna-shaw/7169
Brianna Shaw,2022-23,3-Point Field Goals Made,0,02/04/23,York,https://macbulldogs.com/sports/womens-basketball/roster/brianna-shaw/7169
Brianna Shaw,2022-23,3-Point Field Goal Attempts,0,02/04/23,York,https://macbulldogs.com/sports/womens-basketball/roster/brianna-shaw/7169
Brianna Shaw,2022-23,Free Throws Made,0,02/04/23,York,https://macbulldogs.com/sports/womens-basketball/roster/brianna-shaw/7169
Brianna Shaw,2022-23,Free Throw Attempts,0,02/04/23,York,https://macbulldogs.com/sports/womens-basketball/roster/brianna-shaw/7169
Brianna Shaw,2022-23,Rebounds,0,02/04/23,York,https://macbulldogs.com/sports/womens-basketball/roster/brianna-shaw/7169
Brianna Shaw,2022-23,Assists,0,02/04/23,York,https://macbulldogs.com/sports/womens-basketball/roster/brianna-shaw/7169
Brianna Shaw,2022-23,Blocks,0,02/04/23,York,https://macbulldogs.com/sports/womens-basketball/roster/brianna-shaw/7169
Brianna Shaw,2022-23,Steals,0,02/04/23,York,https://macbulldogs.com/sports/womens-basketball/roster/brianna-shaw/7169
Brianna Shaw,2020-21,Points,0,02/10/21,at Sterling (Kan.),https://macbulldogs.com/sports/womens-basketball/roster/brianna-shaw/8013
Brianna Shaw,2020-21,Minutes,3,02/02/21,at Avila (Mo.),https://macbulldogs.com/sports/womens-basketball/roster/brianna-shaw/8013
Brianna Shaw,2020-21,Field Goals Made,0,02/10/21,at Sterling (Kan.),https://macbulldogs.com/sports/womens-basketball/roster/brianna-shaw/8013
Brianna Shaw,2020-21,Field Goal Attempts,3,02/02/21,at Avila (Mo.),https://macbulldogs.com/sports/womens-basketball/roster/brianna-shaw/8013
Brianna Shaw,2020-21,3-Point Field Goals Made,0,02/10/21,at Sterling (Kan.),https://macbulldogs.com/sports/womens-basketball/roster/brianna-shaw/8013
Brianna Shaw,2020-21,3-Point Field Goal Attempts,1,02/02/21,at Avila (Mo.),https://macbulldogs.com/sports/womens-basketball/roster/brianna-shaw/8013
Brianna Shaw,2020-21,Free Throws Made,0,02/10/21,at Sterling (Kan.),https://macbulldogs.com/sports/womens-basketball/roster/brianna-shaw/8013
Brianna Shaw,2020-21,Free Throw Attempts,0,02/10/21,at Sterling (Kan.),https://macbulldogs.com/sports/womens-basketball/roster/brianna-shaw/8013
Brianna Shaw,2020-21,Rebounds,0,02/10/21,at Sterling (Kan.),https://macbulldogs.com/sports/womens-basketball/roster/brianna-shaw/8013
Brianna Shaw,2020-21,Assists,2,02/02/21,at Avila (Mo.),https://macbulldogs.com/sports/womens-basketball/roster/brianna-shaw/8013
Brianna Shaw,2020-21,Blocks,0,02/10/21,at Sterling (Kan.),https://macbulldogs.com/sports/womens-basketball/roster/brianna-shaw/8013
Brianna Shaw,2020-21,Steals,0,02/10/21,at Sterling (Kan.),https://macbulldogs.com/sports/womens-basketball/roster/brianna-shaw/8013
Brianna Shaw,2022-23,Points,0,02/04/23,York,https://macbulldogs.com/sports/womens-basketball/roster/brianna-shaw/8013
Brianna Shaw,2022-23,Minutes,1,02/01/23,at Tabor,https://macbulldogs.com/sports/womens-basketball/roster/brianna-shaw/8013
Brianna Shaw,2022-23,Field Goals Made,0,02/04/23,York,https://macbulldogs.com/sports/womens-basketball/roster/brianna-shaw/8013
Brianna Shaw,2022-23,Field Goal Attempts,0,02/04/23,York,https://macbulldogs.com/sports/womens-basketball/roster/brianna-shaw/8013
Brianna Shaw,2022-23,3-Point Field Goals Made,0,02/04/23,York,https://macbulldogs.com/sports/womens-basketball/roster/brianna-shaw/8013
Brianna Shaw,2022-23,3-Point Field Goal Attempts,0,02/04/23,York,https://macbulldogs.com/sports/womens-basketball/roster/brianna-shaw/8013
Brianna Shaw,2022-23,Free Throws Made,0,02/04/23,York,https://macbulldogs.com/sports/womens-basketball/roster/brianna-shaw/8013
Brianna Shaw,2022-23,Free Throw Attempts,0,02/04/23,York,https://macbulldogs.com/sports/womens-basketball/roster/brianna-shaw/8013
Brianna Shaw,2022-23,Rebounds,0,02/04/23,York,https://macbulldogs.com/sports/womens-basketball/roster/brianna-shaw/8013
Brianna Shaw,2022-23,Assists,0,02/04/23,York,https://macbulldogs.com/sports/womens-basketball/roster/brianna-shaw/8013
Brianna Shaw,2022-23,Blocks,0,02/04/23,York,https://macbulldogs.com/sports/womens-basketball/roster/brianna-shaw/8013
Brianna Shaw,2022-23,Steals,0,02/04/23,York,https://macbulldogs.com/sports/womens-basketball/roster/brianna-shaw/8013
Brianna Shaw,2020-21,Points,0,02/10/21,at Sterling (Kan.),https://macbulldogs.com/sports/womens-basketball/roster/brianna-shaw/8727
Brianna Shaw,2020-21,Minutes,3,02/02/21,at Avila (Mo.),https://macbulldogs.com/sports/womens-basketball/roster/brianna-shaw/8727
Brianna Shaw,2020-21,Field Goals Made,0,02/10/21,at Sterling (Kan.),https://macbulldogs.com/sports/womens-basketball/roster/brianna-shaw/8727
Brianna Shaw,2020-21,Field Goal Attempts,3,02/02/21,at Avila (Mo.),https://macbulldogs.com/sports/womens-basketball/roster/brianna-shaw/8727
Brianna Shaw,2020-21,3-Point Field Goals Made,0,02/10/21,at Sterling (Kan.),https://macbulldogs.com/sports/womens-basketball/roster/brianna-shaw/8727
Brianna Shaw,2020-21,3-Point Field Goal Attempts,1,02/02/21,at Avila (Mo.),https://macbulldogs.com/sports/womens-basketball/roster/brianna-shaw/8727
Brianna Shaw,2020-21,Free Throws Made,0,02/10/21,at Sterling (Kan.),https://macbulldogs.com/sports/womens-basketball/roster/brianna-shaw/8727
Brianna Shaw,2020-21,Free Throw Attempts,0,02/10/21,at Sterling (Kan.),https://macbulldogs.com/sports/womens-basketball/roster/brianna-shaw/8727
Brianna Shaw,2020-21,Rebounds,0,02/10/21,at Sterling (Kan.),https://macbulldogs.com/sports/womens-basketball/roster/brianna-shaw/8727
Brianna Shaw,2020-21,Assists,2,02/02/21,at Avila (Mo.),https://macbulldogs.com/sports/womens-basketball/roster/brianna-shaw/8727
Brianna Shaw,2020-21,Blocks,0,02/10/21,at Sterling (Kan.),https://macbulldogs.com/sports/womens-basketball/roster/brianna-shaw/8727
Brianna Shaw,2020-21,Steals,0,02/10/21,at Sterling (Kan.),https://macbulldogs.com/sports/womens-basketball/roster/brianna-shaw/8727
Brianna Shaw,2022-23,Points,0,02/04/23,York,https://macbulldogs.com/sports/womens-basketball/roster/brianna-shaw/8727
Brianna Shaw,2022-23,Minutes,1,02/01/23,at Tabor,https://macbulldogs.com/sports/womens-basketball/roster/brianna-shaw/8727
Brianna Shaw,2022-23,Field Goals Made,0,02/04/23,York,https://macbulldogs.com/sports/womens-basketball/roster/brianna-shaw/8727
Brianna Shaw,2022-23,Field Goal Attempts,0,02/04/23,York,https://macbulldogs.com/sports/womens-basketball/roster/brianna-shaw/8727
Brianna Shaw,2022-23,3-Point Field Goals Made,0,02/04/23,York,https://macbulldogs.com/sports/womens-basketball/roster/brianna-shaw/8727
Brianna Shaw,2022-23,3-Point Field Goal Attempts,0,02/04/23,York,https://macbulldogs.com/sports/womens-basketball/roster/brianna-shaw/8727
Brianna Shaw,2022-23,Free Throws Made,0,02/04/23,York,https://macbulldogs.com/sports/womens-basketball/roster/brianna-shaw/8727
Brianna Shaw,2022-23,Free Throw Attempts,0,02/04/23,York,https://macbulldogs.com/sports/womens-basketball/roster/brianna-shaw/8727
Brianna Shaw,2022-23,Rebounds,0,02/04/23,York,https://macbulldogs.com/sports/womens-basketball/roster/brianna-shaw/8727
Brianna Shaw,2022-23,Assists,0,02/04/23,York,https://macbulldogs.com/sports/womens-basketball/roster/brianna-shaw/8727
Brianna Shaw,2022-23,Blocks,0,02/04/23,York,https://macbulldogs.com/sports/womens-basketball/roster/brianna-shaw/8727
Brianna Shaw,2022-23,Steals,0,02/04/23,York,https://macbulldogs.com/sports/womens-basketball/roster/brianna-shaw/8727
Brittany Roberts,2017-18,Points,17,12/30/17,vs Doane (Neb.),https://macbulldogs.com/sports/womens-basketball/roster/brittany-roberts/4112
Brittany Roberts,2017-18,Minutes,31,02/21/18,at Friends (Kan.),https://macbulldogs.com/sports/womens-basketball/roster/brittany-roberts/4112
Brittany Roberts,2017-18,Field Goals Made,8,12/30/17,vs Doane (Neb.),https://macbulldogs.com/sports/womens-basketball/roster/brittany-roberts/4112
Brittany Roberts,2017-18,Field Goal Attempts,18,01/24/18,at Southwestern (Kan.),https://macbulldogs.com/sports/womens-basketball/roster/brittany-roberts/4112
Brittany Roberts,2017-18,3-Point Field Goals Made,0,02/21/18,at Friends (Kan.),https://macbulldogs.com/sports/womens-basketball/roster/brittany-roberts/4112
Brittany Roberts,2017-18,3-Point Field Goal Attempts,0,02/21/18,at Friends (Kan.),https://macbulldogs.com/sports/womens-basketball/roster/brittany-roberts/4112
Brittany Roberts,2017-18,Free Throws Made,7,11/15/17,Oklahoma Wesleyan,https://macbulldogs.com/sports/womens-basketball/roster/brittany-roberts/4112
Brittany Roberts,2017-18,Free Throw Attempts,12,11/15/17,Oklahoma Wesleyan,https://macbulldogs.com/sports/womens-basketball/roster/brittany-roberts/4112
Brittany Roberts,2017-18,Rebounds,14,01/17/18,Bethany (Kan.),https://macbulldogs.com/sports/womens-basketball/roster/brittany-roberts/4112
Brittany Roberts,2017-18,Assists,1,02/14/18,Saint Mary (Kan.),https://macbulldogs.com/sports/womens-basketball/roster/brittany-roberts/4112
Brittany Roberts,2017-18,Blocks,2,02/03/18,at Ottawa (Kan.),https://macbulldogs.com/sports/womens-basketball/roster/brittany-roberts/4112
Brittany Roberts,2017-18,Steals,2,01/27/18,Sterling (Kan.),https://macbulldogs.com/sports/womens-basketball/roster/brittany-roberts/4112
Brittany Roberts,2018-19,Points,0,10/30/18,McPherson,https://macbulldogs.com/sports/womens-basketball/roster/brittany-roberts/4112
Brittany Roberts,2018-19,Minutes,5,10/30/18,McPherson,https://macbulldogs.com/sports/womens-basketball/roster/brittany-roberts/4112
Brittany Roberts,2018-19,Field Goals Made,0,10/30/18,McPherson,https://macbulldogs.com/sports/womens-basketball/roster/brittany-roberts/4112
Brittany Roberts,2018-19,Field Goal Attempts,0,10/30/18,McPherson,https://macbulldogs.com/sports/womens-basketball/roster/brittany-roberts/4112
Brittany Roberts,2018-19,3-Point Field Goals Made,0,10/30/18,McPherson,https://macbulldogs.com/sports/womens-basketball/roster/brittany-roberts/4112
Brittany Roberts,2018-19,3-Point Field Goal Attempts,0,10/30/18,McPherson,https://macbulldogs.com/sports/womens-basketball/roster/brittany-roberts/4112
Brittany Roberts,2018-19,Free Throws Made,0,10/30/18,McPherson,https://macbulldogs.com/sports/womens-basketball/roster/brittany-roberts/4112
Brittany Roberts,2018-19,Free Throw Attempts,0,10/30/18,McPherson,https://macbulldogs.com/sports/womens-basketball/roster/brittany-roberts/4112
Brittany Roberts,2018-19,Rebounds,1,10/30/18,McPherson,https://macbulldogs.com/sports/womens-basketball/roster/brittany-roberts/4112
Brittany Roberts,2018-19,Assists,0,10/30/18,McPherson,https://macbulldogs.com/sports/womens-basketball/roster/brittany-roberts/4112
Brittany Roberts,2018-19,Blocks,0,10/30/18,McPherson,https://macbulldogs.com/sports/womens-basketball/roster/brittany-roberts/4112
Brittany Roberts,2018-19,Steals,0,10/30/18,McPherson,https://macbulldogs.com/sports/womens-basketball/roster/brittany-roberts/4112
Brittany Roberts,2019-20,Points,34,02/01/20,at Sterling (Kan.),https://macbulldogs.com/sports/womens-basketball/roster/brittany-roberts/4112
Brittany Roberts,2019-20,Minutes,34,02/08/20,Bethel (Kan.),https://macbulldogs.com/sports/womens-basketball/roster/brittany-roberts/4112
Brittany Roberts,2019-20,Field Goals Made,15,02/01/20,at Sterling (Kan.),https://macbulldogs.com/sports/womens-basketball/roster/brittany-roberts/4112
Brittany Roberts,2019-20,Field Goal Attempts,25,11/09/19,at Dakota State (S.D.),https://macbulldogs.com/sports/womens-basketball/roster/brittany-roberts/4112
Brittany Roberts,2019-20,3-Point Field Goals Made,0,02/22/20,Ottawa (Kan.),https://macbulldogs.com/sports/womens-basketball/roster/brittany-roberts/4112
Brittany Roberts,2019-20,3-Point Field Goal Attempts,1,02/08/20,Bethel (Kan.),https://macbulldogs.com/sports/womens-basketball/roster/brittany-roberts/4112
Brittany Roberts,2019-20,Free Throws Made,12,01/25/20,York (Neb.),https://macbulldogs.com/sports/womens-basketball/roster/brittany-roberts/4112
Brittany Roberts,2019-20,Free Throw Attempts,17,02/15/20,at Kansas Wesleyan,https://macbulldogs.com/sports/womens-basketball/roster/brittany-roberts/4112
Brittany Roberts,2019-20,Rebounds,21,11/02/19,Randall,https://macbulldogs.com/sports/womens-basketball/roster/brittany-roberts/4112
Brittany Roberts,2019-20,Assists,7,02/22/20,Ottawa (Kan.),https://macbulldogs.com/sports/womens-basketball/roster/brittany-roberts/4112
Brittany Roberts,2019-20,Blocks,3,12/02/19,at St. Mary (Kan.),https://macbulldogs.com/sports/womens-basketball/roster/brittany-roberts/4112
Brittany Roberts,2019-20,Steals,4,11/01/19,Bacone (Okla.),https://macbulldogs.com/sports/womens-basketball/roster/brittany-roberts/4112
Brittany Roberts,2020-21,Points,33,10/31/20,Barclay,https://macbulldogs.com/sports/womens-basketball/roster/brittany-roberts/4112
Brittany Roberts,2020-21,Minutes,43,11/13/20,at Kansas Wesleyan,https://macbulldogs.com/sports/womens-basketball/roster/brittany-roberts/4112
Brittany Roberts,2020-21,Field Goals Made,14,01/23/21,Kansas Wesleyan,https://macbulldogs.com/sports/womens-basketball/roster/brittany-roberts/4112
Brittany Roberts,2020-21,Field Goal Attempts,29,11/13/20,at Kansas Wesleyan,https://macbulldogs.com/sports/womens-basketball/roster/brittany-roberts/4112
Brittany Roberts,2020-21,3-Point Field Goals Made,0,02/25/21,Kansas Wesleyan,https://macbulldogs.com/sports/womens-basketball/roster/brittany-roberts/4112
Brittany Roberts,2020-21,3-Point Field Goal Attempts,1,12/16/20,at Bethany (Kan.),https://macbulldogs.com/sports/womens-basketball/roster/brittany-roberts/4112
Brittany Roberts,2020-21,Free Throws Made,13,12/19/20,at Oklahoma Wesleyan,https://macbulldogs.com/sports/womens-basketball/roster/brittany-roberts/4112
Brittany Roberts,2020-21,Free Throw Attempts,20,12/19/20,at Oklahoma Wesleyan,https://macbulldogs.com/sports/womens-basketball/roster/brittany-roberts/4112
Brittany Roberts,2020-21,Rebounds,25,01/06/21,at Friends (Kan.),https://macbulldogs.com/sports/womens-basketball/roster/brittany-roberts/4112
Brittany Roberts,2020-21,Assists,5,10/31/20,Barclay,https://macbulldogs.com/sports/womens-basketball/roster/brittany-roberts/4112
Brittany Roberts,2020-21,Blocks,3,02/06/21,Bethel (Kan.),https://macbulldogs.com/sports/womens-basketball/roster/brittany-roberts/4112
Brittany Roberts,2020-21,Steals,6,01/23/21,Kansas Wesleyan,https://macbulldogs.com/sports/womens-basketball/roster/brittany-roberts/4112
Brittany Roberts,2021-22,Points,37,12/18/21,at University of Health Sciences,https://macbulldogs.com/sports/womens-basketball/roster/brittany-roberts/4112
Brittany Roberts,2021-22,Minutes,42,01/15/22,Kansas Wesleyan,https://macbulldogs.com/sports/womens-basketball/roster/brittany-roberts/4112
Brittany Roberts,2021-22,Field Goals Made,15,12/18/21,at University of Health Sciences,https://macbulldogs.com/sports/womens-basketball/roster/brittany-roberts/4112
Brittany Roberts,2021-22,Field Goal Attempts,24,11/13/21,at Peru State,https://macbulldogs.com/sports/womens-basketball/roster/brittany-roberts/4112
Brittany Roberts,2021-22,3-Point Field Goals Made,0,02/23/22,at Sterling,https://macbulldogs.com/sports/womens-basketball/roster/brittany-roberts/4112
Brittany Roberts,2021-22,3-Point Field Goal Attempts,1,02/05/22,Oklahoma Wesleyan,https://macbulldogs.com/sports/womens-basketball/roster/brittany-roberts/4112
Brittany Roberts,2021-22,Free Throws Made,10,12/13/21,Ottawa,https://macbulldogs.com/sports/womens-basketball/roster/brittany-roberts/4112
Brittany Roberts,2021-22,Free Throw Attempts,18,01/05/22,at Southwestern,https://macbulldogs.com/sports/womens-basketball/roster/brittany-roberts/4112
Brittany Roberts,2021-22,Rebounds,24,11/09/21,Central Christian,https://macbulldogs.com/sports/womens-basketball/roster/brittany-roberts/4112
Brittany Roberts,2021-22,Assists,8,02/05/22,Oklahoma Wesleyan,https://macbulldogs.com/sports/womens-basketball/roster/brittany-roberts/4112
Brittany Roberts,2021-22,Blocks,4,01/15/22,Kansas Wesleyan,https://macbulldogs.com/sports/womens-basketball/roster/brittany-roberts/4112
Brittany Roberts,2021-22,Steals,6,11/13/21,at Peru State,https://macbulldogs.com/sports/womens-basketball/roster/brittany-roberts/4112
Brittany Roberts,2017-18,Points,17,12/30/17,vs Doane (Neb.),https://macbulldogs.com/sports/womens-basketball/roster/brittany-roberts/5488
Brittany Roberts,2017-18,Minutes,31,02/21/18,at Friends (Kan.),https://macbulldogs.com/sports/womens-basketball/roster/brittany-roberts/5488
Brittany Roberts,2017-18,Field Goals Made,8,12/30/17,vs Doane (Neb.),https://macbulldogs.com/sports/womens-basketball/roster/brittany-roberts/5488
Brittany Roberts,2017-18,Field Goal Attempts,18,01/24/18,at Southwestern (Kan.),https://macbulldogs.com/sports/womens-basketball/roster/brittany-roberts/5488
Brittany Roberts,2017-18,3-Point Field Goals Made,0,02/21/18,at Friends (Kan.),https://macbulldogs.com/sports/womens-basketball/roster/brittany-roberts/5488
Brittany Roberts,2017-18,3-Point Field Goal Attempts,0,02/21/18,at Friends (Kan.),https://macbulldogs.com/sports/womens-basketball/roster/brittany-roberts/5488
Brittany Roberts,2017-18,Free Throws Made,7,11/15/17,Oklahoma Wesleyan,https://macbulldogs.com/sports/womens-basketball/roster/brittany-roberts/5488
Brittany Roberts,2017-18,Free Throw Attempts,12,11/15/17,Oklahoma Wesleyan,https://macbulldogs.com/sports/womens-basketball/roster/brittany-roberts/5488
Brittany Roberts,2017-18,Rebounds,14,01/17/18,Bethany (Kan.),https://macbulldogs.com/sports/womens-basketball/roster/brittany-roberts/5488
Brittany Roberts,2017-18,Assists,1,02/14/18,Saint Mary (Kan.),https://macbulldogs.com/sports/womens-basketball/roster/brittany-roberts/5488
Brittany Roberts,2017-18,Blocks,2,02/03/18,at Ottawa (Kan.),https://macbulldogs.com/sports/womens-basketball/roster/brittany-roberts/5488
Brittany Roberts,2017-18,Steals,2,01/27/18,Sterling (Kan.),https://macbulldogs.com/sports/womens-basketball/roster/brittany-roberts/5488
Brittany Roberts,2018-19,Points,0,10/30/18,McPherson,https://macbulldogs.com/sports/womens-basketball/roster/brittany-roberts/5488
Brittany Roberts,2018-19,Minutes,5,10/30/18,McPherson,https://macbulldogs.com/sports/womens-basketball/roster/brittany-roberts/5488
Brittany Roberts,2018-19,Field Goals Made,0,10/30/18,McPherson,https://macbulldogs.com/sports/womens-basketball/roster/brittany-roberts/5488
Brittany Roberts,2018-19,Field Goal Attempts,0,10/30/18,McPherson,https://macbulldogs.com/sports/womens-basketball/roster/brittany-roberts/5488
Brittany Roberts,2018-19,3-Point Field Goals Made,0,10/30/18,McPherson,https://macbulldogs.com/sports/womens-basketball/roster/brittany-roberts/5488
Brittany Roberts,2018-19,3-Point Field Goal Attempts,0,10/30/18,McPherson,https://macbulldogs.com/sports/womens-basketball/roster/brittany-roberts/5488
Brittany Roberts,2018-19,Free Throws Made,0,10/30/18,McPherson,https://macbulldogs.com/sports/womens-basketball/roster/brittany-roberts/5488
Brittany Roberts,2018-19,Free Throw Attempts,0,10/30/18,McPherson,https://macbulldogs.com/sports/womens-basketball/roster/brittany-roberts/5488
Brittany Roberts,2018-19,Rebounds,1,10/30/18,McPherson,https://macbulldogs.com/sports/womens-basketball/roster/brittany-roberts/5488
Brittany Roberts,2018-19,Assists,0,10/30/18,McPherson,https://macbulldogs.com/sports/womens-basketball/roster/brittany-roberts/5488
Brittany Roberts,2018-19,Blocks,0,10/30/18,McPherson,https://macbulldogs.com/sports/womens-basketball/roster/brittany-roberts/5488
Brittany Roberts,2018-19,Steals,0,10/30/18,McPherson,https://macbulldogs.com/sports/womens-basketball/roster/brittany-roberts/5488
Brittany Roberts,2019-20,Points,34,02/01/20,at Sterling (Kan.),https://macbulldogs.com/sports/womens-basketball/roster/brittany-roberts/5488
Brittany Roberts,2019-20,Minutes,34,02/08/20,Bethel (Kan.),https://macbulldogs.com/sports/womens-basketball/roster/brittany-roberts/5488
Brittany Roberts,2019-20,Field Goals Made,15,02/01/20,at Sterling (Kan.),https://macbulldogs.com/sports/womens-basketball/roster/brittany-roberts/5488
Brittany Roberts,2019-20,Field Goal Attempts,25,11/09/19,at Dakota State (S.D.),https://macbulldogs.com/sports/womens-basketball/roster/brittany-roberts/5488
Brittany Roberts,2019-20,3-Point Field Goals Made,0,02/22/20,Ottawa (Kan.),https://macbulldogs.com/sports/womens-basketball/roster/brittany-roberts/5488
Brittany Roberts,2019-20,3-Point Field Goal Attempts,1,02/08/20,Bethel (Kan.),https://macbulldogs.com/sports/womens-basketball/roster/brittany-roberts/5488
Brittany Roberts,2019-20,Free Throws Made,12,01/25/20,York (Neb.),https://macbulldogs.com/sports/womens-basketball/roster/brittany-roberts/5488
Brittany Roberts,2019-20,Free Throw Attempts,17,02/15/20,at Kansas Wesleyan,https://macbulldogs.com/sports/womens-basketball/roster/brittany-roberts/5488
Brittany Roberts,2019-20,Rebounds,21,11/02/19,Randall,https://macbulldogs.com/sports/womens-basketball/roster/brittany-roberts/5488
Brittany Roberts,2019-20,Assists,7,02/22/20,Ottawa (Kan.),https://macbulldogs.com/sports/womens-basketball/roster/brittany-roberts/5488
Brittany Roberts,2019-20,Blocks,3,12/02/19,at St. Mary (Kan.),https://macbulldogs.com/sports/womens-basketball/roster/brittany-roberts/5488
Brittany Roberts,2019-20,Steals,4,11/01/19,Bacone (Okla.),https://macbulldogs.com/sports/womens-basketball/roster/brittany-roberts/5488
Brittany Roberts,2020-21,Points,33,10/31/20,Barclay,https://macbulldogs.com/sports/womens-basketball/roster/brittany-roberts/5488
Brittany Roberts,2020-21,Minutes,43,11/13/20,at Kansas Wesleyan,https://macbulldogs.com/sports/womens-basketball/roster/brittany-roberts/5488
Brittany Roberts,2020-21,Field Goals Made,14,01/23/21,Kansas Wesleyan,https://macbulldogs.com/sports/womens-basketball/roster/brittany-roberts/5488
Brittany Roberts,2020-21,Field Goal Attempts,29,11/13/20,at Kansas Wesleyan,https://macbulldogs.com/sports/womens-basketball/roster/brittany-roberts/5488
Brittany Roberts,2020-21,3-Point Field Goals Made,0,02/25/21,Kansas Wesleyan,https://macbulldogs.com/sports/womens-basketball/roster/brittany-roberts/5488
Brittany Roberts,2020-21,3-Point Field Goal Attempts,1,12/16/20,at Bethany (Kan.),https://macbulldogs.com/sports/womens-basketball/roster/brittany-roberts/5488
Brittany Roberts,2020-21,Free Throws Made,13,12/19/20,at Oklahoma Wesleyan,https://macbulldogs.com/sports/womens-basketball/roster/brittany-roberts/5488
Brittany Roberts,2020-21,Free Throw Attempts,20,12/19/20,at Oklahoma Wesleyan,https://macbulldogs.com/sports/womens-basketball/roster/brittany-roberts/5488
Brittany Roberts,2020-21,Rebounds,25,01/06/21,at Friends (Kan.),https://macbulldogs.com/sports/womens-basketball/roster/brittany-roberts/5488
Brittany Roberts,2020-21,Assists,5,10/31/20,Barclay,https://macbulldogs.com/sports/womens-basketball/roster/brittany-roberts/5488
Brittany Roberts,2020-21,Blocks,3,02/06/21,Bethel (Kan.),https://macbulldogs.com/sports/womens-basketball/roster/brittany-roberts/5488
Brittany Roberts,2020-21,Steals,6,01/23/21,Kansas Wesleyan,https://macbulldogs.com/sports/womens-basketball/roster/brittany-roberts/5488
Brittany Roberts,2021-22,Points,37,12/18/21,at University of Health Sciences,https://macbulldogs.com/sports/womens-basketball/roster/brittany-roberts/5488
Brittany Roberts,2021-22,Minutes,42,01/15/22,Kansas Wesleyan,https://macbulldogs.com/sports/womens-basketball/roster/brittany-roberts/5488
Brittany Roberts,2021-22,Field Goals Made,15,12/18/21,at University of Health Sciences,https://macbulldogs.com/sports/womens-basketball/roster/brittany-roberts/5488
Brittany Roberts,2021-22,Field Goal Attempts,24,11/13/21,at Peru State,https://macbulldogs.com/sports/womens-basketball/roster/brittany-roberts/5488
Brittany Roberts,2021-22,3-Point Field Goals Made,0,02/23/22,at Sterling,https://macbulldogs.com/sports/womens-basketball/roster/brittany-roberts/5488
Brittany Roberts,2021-22,3-Point Field Goal Attempts,1,02/05/22,Oklahoma Wesleyan,https://macbulldogs.com/sports/womens-basketball/roster/brittany-roberts/5488
Brittany Roberts,2021-22,Free Throws Made,10,12/13/21,Ottawa,https://macbulldogs.com/sports/womens-basketball/roster/brittany-roberts/5488
Brittany Roberts,2021-22,Free Throw Attempts,18,01/05/22,at Southwestern,https://macbulldogs.com/sports/womens-basketball/roster/brittany-roberts/5488
Brittany Roberts,2021-22,Rebounds,24,11/09/21,Central Christian,https://macbulldogs.com/sports/womens-basketball/roster/brittany-roberts/5488
Brittany Roberts,2021-22,Assists,8,02/05/22,Oklahoma Wesleyan,https://macbulldogs.com/sports/womens-basketball/roster/brittany-roberts/5488
Brittany Roberts,2021-22,Blocks,4,01/15/22,Kansas Wesleyan,https://macbulldogs.com/sports/womens-basketball/roster/brittany-roberts/5488
Brittany Roberts,2021-22,Steals,6,11/13/21,at Peru State,https://macbulldogs.com/sports/womens-basketball/roster/brittany-roberts/5488
Brittany Roberts,2017-18,Points,17,12/30/17,vs Doane (Neb.),https://macbulldogs.com/sports/womens-basketball/roster/brittany-roberts/7166
Brittany Roberts,2017-18,Minutes,31,02/21/18,at Friends (Kan.),https://macbulldogs.com/sports/womens-basketball/roster/brittany-roberts/7166
Brittany Roberts,2017-18,Field Goals Made,8,12/30/17,vs Doane (Neb.),https://macbulldogs.com/sports/womens-basketball/roster/brittany-roberts/7166
Brittany Roberts,2017-18,Field Goal Attempts,18,01/24/18,at Southwestern (Kan.),https://macbulldogs.com/sports/womens-basketball/roster/brittany-roberts/7166
Brittany Roberts,2017-18,3-Point Field Goals Made,0,02/21/18,at Friends (Kan.),https://macbulldogs.com/sports/womens-basketball/roster/brittany-roberts/7166
Brittany Roberts,2017-18,3-Point Field Goal Attempts,0,02/21/18,at Friends (Kan.),https://macbulldogs.com/sports/womens-basketball/roster/brittany-roberts/7166
Brittany Roberts,2017-18,Free Throws Made,7,11/15/17,Oklahoma Wesleyan,https://macbulldogs.com/sports/womens-basketball/roster/brittany-roberts/7166
Brittany Roberts,2017-18,Free Throw Attempts,12,11/15/17,Oklahoma Wesleyan,https://macbulldogs.com/sports/womens-basketball/roster/brittany-roberts/7166
Brittany Roberts,2017-18,Rebounds,14,01/17/18,Bethany (Kan.),https://macbulldogs.com/sports/womens-basketball/roster/brittany-roberts/7166
Brittany Roberts,2017-18,Assists,1,02/14/18,Saint Mary (Kan.),https://macbulldogs.com/sports/womens-basketball/roster/brittany-roberts/7166
Brittany Roberts,2017-18,Blocks,2,02/03/18,at Ottawa (Kan.),https://macbulldogs.com/sports/womens-basketball/roster/brittany-roberts/7166
Brittany Roberts,2017-18,Steals,2,01/27/18,Sterling (Kan.),https://macbulldogs.com/sports/womens-basketball/roster/brittany-roberts/7166
Brittany Roberts,2018-19,Points,0,10/30/18,McPherson,https://macbulldogs.com/sports/womens-basketball/roster/brittany-roberts/7166
Brittany Roberts,2018-19,Minutes,5,10/30/18,McPherson,https://macbulldogs.com/sports/womens-basketball/roster/brittany-roberts/7166
Brittany Roberts,2018-19,Field Goals Made,0,10/30/18,McPherson,https://macbulldogs.com/sports/womens-basketball/roster/brittany-roberts/7166
Brittany Roberts,2018-19,Field Goal Attempts,0,10/30/18,McPherson,https://macbulldogs.com/sports/womens-basketball/roster/brittany-roberts/7166
Brittany Roberts,2018-19,3-Point Field Goals Made,0,10/30/18,McPherson,https://macbulldogs.com/sports/womens-basketball/roster/brittany-roberts/7166
Brittany Roberts,2018-19,3-Point Field Goal Attempts,0,10/30/18,McPherson,https://macbulldogs.com/sports/womens-basketball/roster/brittany-roberts/7166
Brittany Roberts,2018-19,Free Throws Made,0,10/30/18,McPherson,https://macbulldogs.com/sports/womens-basketball/roster/brittany-roberts/7166
Brittany Roberts,2018-19,Free Throw Attempts,0,10/30/18,McPherson,https://macbulldogs.com/sports/womens-basketball/roster/brittany-roberts/7166
Brittany Roberts,2018-19,Rebounds,1,10/30/18,McPherson,https://macbulldogs.com/sports/womens-basketball/roster/brittany-roberts/7166
Brittany Roberts,2018-19,Assists,0,10/30/18,McPherson,https://macbulldogs.com/sports/womens-basketball/roster/brittany-roberts/7166
Brittany Roberts,2018-19,Blocks,0,10/30/18,McPherson,https://macbulldogs.com/sports/womens-basketball/roster/brittany-roberts/7166
Brittany Roberts,2018-19,Steals,0,10/30/18,McPherson,https://macbulldogs.com/sports/womens-basketball/roster/brittany-roberts/7166
Brittany Roberts,2019-20,Points,34,02/01/20,at Sterling (Kan.),https://macbulldogs.com/sports/womens-basketball/roster/brittany-roberts/7166
Brittany Roberts,2019-20,Minutes,34,02/08/20,Bethel (Kan.),https://macbulldogs.com/sports/womens-basketball/roster/brittany-roberts/7166
Brittany Roberts,2019-20,Field Goals Made,15,02/01/20,at Sterling (Kan.),https://macbulldogs.com/sports/womens-basketball/roster/brittany-roberts/7166
Brittany Roberts,2019-20,Field Goal Attempts,25,11/09/19,at Dakota State (S.D.),https://macbulldogs.com/sports/womens-basketball/roster/brittany-roberts/7166
Brittany Roberts,2019-20,3-Point Field Goals Made,0,02/22/20,Ottawa (Kan.),https://macbulldogs.com/sports/womens-basketball/roster/brittany-roberts/7166
Brittany Roberts,2019-20,3-Point Field Goal Attempts,1,02/08/20,Bethel (Kan.),https://macbulldogs.com/sports/womens-basketball/roster/brittany-roberts/7166
Brittany Roberts,2019-20,Free Throws Made,12,01/25/20,York (Neb.),https://macbulldogs.com/sports/womens-basketball/roster/brittany-roberts/7166
Brittany Roberts,2019-20,Free Throw Attempts,17,02/15/20,at Kansas Wesleyan,https://macbulldogs.com/sports/womens-basketball/roster/brittany-roberts/7166
Brittany Roberts,2019-20,Rebounds,21,11/02/19,Randall,https://macbulldogs.com/sports/womens-basketball/roster/brittany-roberts/7166
Brittany Roberts,2019-20,Assists,7,02/22/20,Ottawa (Kan.),https://macbulldogs.com/sports/womens-basketball/roster/brittany-roberts/7166
Brittany Roberts,2019-20,Blocks,3,12/02/19,at St. Mary (Kan.),https://macbulldogs.com/sports/womens-basketball/roster/brittany-roberts/7166
Brittany Roberts,2019-20,Steals,4,11/01/19,Bacone (Okla.),https://macbulldogs.com/sports/womens-basketball/roster/brittany-roberts/7166
Brittany Roberts,2020-21,Points,33,10/31/20,Barclay,https://macbulldogs.com/sports/womens-basketball/roster/brittany-roberts/7166
Brittany Roberts,2020-21,Minutes,43,11/13/20,at Kansas Wesleyan,https://macbulldogs.com/sports/womens-basketball/roster/brittany-roberts/7166
Brittany Roberts,2020-21,Field Goals Made,14,01/23/21,Kansas Wesleyan,https://macbulldogs.com/sports/womens-basketball/roster/brittany-roberts/7166
Brittany Roberts,2020-21,Field Goal Attempts,29,11/13/20,at Kansas Wesleyan,https://macbulldogs.com/sports/womens-basketball/roster/brittany-roberts/7166
Brittany Roberts,2020-21,3-Point Field Goals Made,0,02/25/21,Kansas Wesleyan,https://macbulldogs.com/sports/womens-basketball/roster/brittany-roberts/7166
Brittany Roberts,2020-21,3-Point Field Goal Attempts,1,12/16/20,at Bethany (Kan.),https://macbulldogs.com/sports/womens-basketball/roster/brittany-roberts/7166
Brittany Roberts,2020-21,Free Throws Made,13,12/19/20,at Oklahoma Wesleyan,https://macbulldogs.com/sports/womens-basketball/roster/brittany-roberts/7166
Brittany Roberts,2020-21,Free Throw Attempts,20,12/19/20,at Oklahoma Wesleyan,https://macbulldogs.com/sports/womens-basketball/roster/brittany-roberts/7166
Brittany Roberts,2020-21,Rebounds,25,01/06/21,at Friends (Kan.),https://macbulldogs.com/sports/womens-basketball/roster/brittany-roberts/7166
Brittany Roberts,2020-21,Assists,5,10/31/20,Barclay,https://macbulldogs.com/sports/womens-basketball/roster/brittany-roberts/7166
Brittany Roberts,2020-21,Blocks,3,02/06/21,Bethel (Kan.),https://macbulldogs.com/sports/womens-basketball/roster/brittany-roberts/7166
Brittany Roberts,2020-21,Steals,6,01/23/21,Kansas Wesleyan,https://macbulldogs.com/sports/womens-basketball/roster/brittany-roberts/7166
Brittany Roberts,2021-22,Points,37,12/18/21,at University of Health Sciences,https://macbulldogs.com/sports/womens-basketball/roster/brittany-roberts/7166
Brittany Roberts,2021-22,Minutes,42,01/15/22,Kansas Wesleyan,https://macbulldogs.com/sports/womens-basketball/roster/brittany-roberts/7166
Brittany Roberts,2021-22,Field Goals Made,15,12/18/21,at University of Health Sciences,https://macbulldogs.com/sports/womens-basketball/roster/brittany-roberts/7166
Brittany Roberts,2021-22,Field Goal Attempts,24,11/13/21,at Peru State,https://macbulldogs.com/sports/womens-basketball/roster/brittany-roberts/7166
Brittany Roberts,2021-22,3-Point Field Goals Made,0,02/23/22,at Sterling,https://macbulldogs.com/sports/womens-basketball/roster/brittany-roberts/7166
Brittany Roberts,2021-22,3-Point Field Goal Attempts,1,02/05/22,Oklahoma Wesleyan,https://macbulldogs.com/sports/womens-basketball/roster/brittany-roberts/7166
Brittany Roberts,2021-22,Free Throws Made,10,12/13/21,Ottawa,https://macbulldogs.com/sports/womens-basketball/roster/brittany-roberts/7166
Brittany Roberts,2021-22,Free Throw Attempts,18,01/05/22,at Southwestern,https://macbulldogs.com/sports/womens-basketball/roster/brittany-roberts/7166
Brittany Roberts,2021-22,Rebounds,24,11/09/21,Central Christian,https://macbulldogs.com/sports/womens-basketball/roster/brittany-roberts/7166
Brittany Roberts,2021-22,Assists,8,02/05/22,Oklahoma Wesleyan,https://macbulldogs.com/sports/womens-basketball/roster/brittany-roberts/7166
Brittany Roberts,2021-22,Blocks,4,01/15/22,Kansas Wesleyan,https://macbulldogs.com/sports/womens-basketball/roster/brittany-roberts/7166
Brittany Roberts,2021-22,Steals,6,11/13/21,at Peru State,https://macbulldogs.com/sports/womens-basketball/roster/brittany-roberts/7166
Brittany Roberts,2017-18,Points,17,12/30/17,vs Doane (Neb.),https://macbulldogs.com/sports/womens-basketball/roster/brittany-roberts/8011
Brittany Roberts,2017-18,Minutes,31,02/21/18,at Friends (Kan.),https://macbulldogs.com/sports/womens-basketball/roster/brittany-roberts/8011
Brittany Roberts,2017-18,Field Goals Made,8,12/30/17,vs Doane (Neb.),https://macbulldogs.com/sports/womens-basketball/roster/brittany-roberts/8011
Brittany Roberts,2017-18,Field Goal Attempts,18,01/24/18,at Southwestern (Kan.),https://macbulldogs.com/sports/womens-basketball/roster/brittany-roberts/8011
Brittany Roberts,2017-18,3-Point Field Goals Made,0,02/21/18,at Friends (Kan.),https://macbulldogs.com/sports/womens-basketball/roster/brittany-roberts/8011
Brittany Roberts,2017-18,3-Point Field Goal Attempts,0,02/21/18,at Friends (Kan.),https://macbulldogs.com/sports/womens-basketball/roster/brittany-roberts/8011
Brittany Roberts,2017-18,Free Throws Made,7,11/15/17,Oklahoma Wesleyan,https://macbulldogs.com/sports/womens-basketball/roster/brittany-roberts/8011
Brittany Roberts,2017-18,Free Throw Attempts,12,11/15/17,Oklahoma Wesleyan,https://macbulldogs.com/sports/womens-basketball/roster/brittany-roberts/8011
Brittany Roberts,2017-18,Rebounds,14,01/17/18,Bethany (Kan.),https://macbulldogs.com/sports/womens-basketball/roster/brittany-roberts/8011
Brittany Roberts,2017-18,Assists,1,02/14/18,Saint Mary (Kan.),https://macbulldogs.com/sports/womens-basketball/roster/brittany-roberts/8011
Brittany Roberts,2017-18,Blocks,2,02/03/18,at Ottawa (Kan.),https://macbulldogs.com/sports/womens-basketball/roster/brittany-roberts/8011
Brittany Roberts,2017-18,Steals,2,01/27/18,Sterling (Kan.),https://macbulldogs.com/sports/womens-basketball/roster/brittany-roberts/8011
Brittany Roberts,2018-19,Points,0,10/30/18,McPherson,https://macbulldogs.com/sports/womens-basketball/roster/brittany-roberts/8011
Brittany Roberts,2018-19,Minutes,5,10/30/18,McPherson,https://macbulldogs.com/sports/womens-basketball/roster/brittany-roberts/8011
Brittany Roberts,2018-19,Field Goals Made,0,10/30/18,McPherson,https://macbulldogs.com/sports/womens-basketball/roster/brittany-roberts/8011
Brittany Roberts,2018-19,Field Goal Attempts,0,10/30/18,McPherson,https://macbulldogs.com/sports/womens-basketball/roster/brittany-roberts/8011
Brittany Roberts,2018-19,3-Point Field Goals Made,0,10/30/18,McPherson,https://macbulldogs.com/sports/womens-basketball/roster/brittany-roberts/8011
Brittany Roberts,2018-19,3-Point Field Goal Attempts,0,10/30/18,McPherson,https://macbulldogs.com/sports/womens-basketball/roster/brittany-roberts/8011
Brittany Roberts,2018-19,Free Throws Made,0,10/30/18,McPherson,https://macbulldogs.com/sports/womens-basketball/roster/brittany-roberts/8011
Brittany Roberts,2018-19,Free Throw Attempts,0,10/30/18,McPherson,https://macbulldogs.com/sports/womens-basketball/roster/brittany-roberts/8011
Brittany Roberts,2018-19,Rebounds,1,10/30/18,McPherson,https://macbulldogs.com/sports/womens-basketball/roster/brittany-roberts/8011
Brittany Roberts,2018-19,Assists,0,10/30/18,McPherson,https://macbulldogs.com/sports/womens-basketball/roster/brittany-roberts/8011
Brittany Roberts,2018-19,Blocks,0,10/30/18,McPherson,https://macbulldogs.com/sports/womens-basketball/roster/brittany-roberts/8011
Brittany Roberts,2018-19,Steals,0,10/30/18,McPherson,https://macbulldogs.com/sports/womens-basketball/roster/brittany-roberts/8011
Brittany Roberts,2019-20,Points,34,02/01/20,at Sterling (Kan.),https://macbulldogs.com/sports/womens-basketball/roster/brittany-roberts/8011
Brittany Roberts,2019-20,Minutes,34,02/08/20,Bethel (Kan.),https://macbulldogs.com/sports/womens-basketball/roster/brittany-roberts/8011
Brittany Roberts,2019-20,Field Goals Made,15,02/01/20,at Sterling (Kan.),https://macbulldogs.com/sports/womens-basketball/roster/brittany-roberts/8011
Brittany Roberts,2019-20,Field Goal Attempts,25,11/09/19,at Dakota State (S.D.),https://macbulldogs.com/sports/womens-basketball/roster/brittany-roberts/8011
Brittany Roberts,2019-20,3-Point Field Goals Made,0,02/22/20,Ottawa (Kan.),https://macbulldogs.com/sports/womens-basketball/roster/brittany-roberts/8011
Brittany Roberts,2019-20,3-Point Field Goal Attempts,1,02/08/20,Bethel (Kan.),https://macbulldogs.com/sports/womens-basketball/roster/brittany-roberts/8011
Brittany Roberts,2019-20,Free Throws Made,12,01/25/20,York (Neb.),https://macbulldogs.com/sports/womens-basketball/roster/brittany-roberts/8011
Brittany Roberts,2019-20,Free Throw Attempts,17,02/15/20,at Kansas Wesleyan,https://macbulldogs.com/sports/womens-basketball/roster/brittany-roberts/8011
Brittany Roberts,2019-20,Rebounds,21,11/02/19,Randall,https://macbulldogs.com/sports/womens-basketball/roster/brittany-roberts/8011
Brittany Roberts,2019-20,Assists,7,02/22/20,Ottawa (Kan.),https://macbulldogs.com/sports/womens-basketball/roster/brittany-roberts/8011
Brittany Roberts,2019-20,Blocks,3,12/02/19,at St. Mary (Kan.),https://macbulldogs.com/sports/womens-basketball/roster/brittany-roberts/8011
Brittany Roberts,2019-20,Steals,4,11/01/19,Bacone (Okla.),https://macbulldogs.com/sports/womens-basketball/roster/brittany-roberts/8011
Brittany Roberts,2020-21,Points,33,10/31/20,Barclay,https://macbulldogs.com/sports/womens-basketball/roster/brittany-roberts/8011
Brittany Roberts,2020-21,Minutes,43,11/13/20,at Kansas Wesleyan,https://macbulldogs.com/sports/womens-basketball/roster/brittany-roberts/8011
Brittany Roberts,2020-21,Field Goals Made,14,01/23/21,Kansas Wesleyan,https://macbulldogs.com/sports/womens-basketball/roster/brittany-roberts/8011
Brittany Roberts,2020-21,Field Goal Attempts,29,11/13/20,at Kansas Wesleyan,https://macbulldogs.com/sports/womens-basketball/roster/brittany-roberts/8011
Brittany Roberts,2020-21,3-Point Field Goals Made,0,02/25/21,Kansas Wesleyan,https://macbulldogs.com/sports/womens-basketball/roster/brittany-roberts/8011
Brittany Roberts,2020-21,3-Point Field Goal Attempts,1,12/16/20,at Bethany (Kan.),https://macbulldogs.com/sports/womens-basketball/roster/brittany-roberts/8011
Brittany Roberts,2020-21,Free Throws Made,13,12/19/20,at Oklahoma Wesleyan,https://macbulldogs.com/sports/womens-basketball/roster/brittany-roberts/8011
Brittany Roberts,2020-21,Free Throw Attempts,20,12/19/20,at Oklahoma Wesleyan,https://macbulldogs.com/sports/womens-basketball/roster/brittany-roberts/8011
Brittany Roberts,2020-21,Rebounds,25,01/06/21,at Friends (Kan.),https://macbulldogs.com/sports/womens-basketball/roster/brittany-roberts/8011
Brittany Roberts,2020-21,Assists,5,10/31/20,Barclay,https://macbulldogs.com/sports/womens-basketball/roster/brittany-roberts/8011
Brittany Roberts,2020-21,Blocks,3,02/06/21,Bethel (Kan.),https://macbulldogs.com/sports/womens-basketball/roster/brittany-roberts/8011
Brittany Roberts,2020-21,Steals,6,01/23/21,Kansas Wesleyan,https://macbulldogs.com/sports/womens-basketball/roster/brittany-roberts/8011
Brittany Roberts,2021-22,Points,37,12/18/21,at University of Health Sciences,https://macbulldogs.com/sports/womens-basketball/roster/brittany-roberts/8011
Brittany Roberts,2021-22,Minutes,42,01/15/22,Kansas Wesleyan,https://macbulldogs.com/sports/womens-basketball/roster/brittany-roberts/8011
Brittany Roberts,2021-22,Field Goals Made,15,12/18/21,at University of Health Sciences,https://macbulldogs.com/sports/womens-basketball/roster/brittany-roberts/8011
Brittany Roberts,2021-22,Field Goal Attempts,24,11/13/21,at Peru State,https://macbulldogs.com/sports/womens-basketball/roster/brittany-roberts/8011
Brittany Roberts,2021-22,3-Point Field Goals Made,0,02/23/22,at Sterling,https://macbulldogs.com/sports/womens-basketball/roster/brittany-roberts/8011
Brittany Roberts,2021-22,3-Point Field Goal Attempts,1,02/05/22,Oklahoma Wesleyan,https://macbulldogs.com/sports/womens-basketball/roster/brittany-roberts/8011
Brittany Roberts,2021-22,Free Throws Made,10,12/13/21,Ottawa,https://macbulldogs.com/sports/womens-basketball/roster/brittany-roberts/8011
Brittany Roberts,2021-22,Free Throw Attempts,18,01/05/22,at Southwestern,https://macbulldogs.com/sports/womens-basketball/roster/brittany-roberts/8011
Brittany Roberts,2021-22,Rebounds,24,11/09/21,Central Christian,https://macbulldogs.com/sports/womens-basketball/roster/brittany-roberts/8011
Brittany Roberts,2021-22,Assists,8,02/05/22,Oklahoma Wesleyan,https://macbulldogs.com/sports/womens-basketball/roster/brittany-roberts/8011
Brittany Roberts,2021-22,Blocks,4,01/15/22,Kansas Wesleyan,https://macbulldogs.com/sports/womens-basketball/roster/brittany-roberts/8011
Brittany Roberts,2021-22,Steals,6,11/13/21,at Peru State,https://macbulldogs.com/sports/womens-basketball/roster/brittany-roberts/8011
Brittni Harlow,2016-17,Points,8,12/13/16,at Saint Mary (Kan.),https://macbulldogs.com/sports/womens-basketball/roster/brittni-harlow/5481
Brittni Harlow,2016-17,Minutes,18,12/29/16,vs Northern New Mexico,https://macbulldogs.com/sports/womens-basketball/roster/brittni-harlow/5481
Brittni Harlow,2016-17,Field Goals Made,2,12/13/16,at Saint Mary (Kan.),https://macbulldogs.com/sports/womens-basketball/roster/brittni-harlow/5481
Brittni Harlow,2016-17,Field Goal Attempts,8,12/13/16,at Saint Mary (Kan.),https://macbulldogs.com/sports/womens-basketball/roster/brittni-harlow/5481
Brittni Harlow,2016-17,3-Point Field Goals Made,1,12/13/16,at Saint Mary (Kan.),https://macbulldogs.com/sports/womens-basketball/roster/brittni-harlow/5481
Brittni Harlow,2016-17,3-Point Field Goal Attempts,3,12/29/16,vs Northern New Mexico,https://macbulldogs.com/sports/womens-basketball/roster/brittni-harlow/5481
Brittni Harlow,2016-17,Free Throws Made,7,12/29/16,vs Northern New Mexico,https://macbulldogs.com/sports/womens-basketball/roster/brittni-harlow/5481
Brittni Harlow,2016-17,Free Throw Attempts,10,12/29/16,vs Northern New Mexico,https://macbulldogs.com/sports/womens-basketball/roster/brittni-harlow/5481
Brittni Harlow,2016-17,Rebounds,4,12/29/16,vs Northern New Mexico,https://macbulldogs.com/sports/womens-basketball/roster/brittni-harlow/5481
Brittni Harlow,2016-17,Assists,1,12/30/16,vs Dakota State (S.D.),https://macbulldogs.com/sports/womens-basketball/roster/brittni-harlow/5481
Brittni Harlow,2016-17,Blocks,0,12/30/16,vs Dakota State (S.D.),https://macbulldogs.com/sports/womens-basketball/roster/brittni-harlow/5481
Brittni Harlow,2016-17,Steals,1,12/29/16,vs Northern New Mexico,https://macbulldogs.com/sports/womens-basketball/roster/brittni-harlow/5481
Brittni Harlow,2017-18,Points,5,11/08/17,Central Christian (Kan.),https://macbulldogs.com/sports/womens-basketball/roster/brittni-harlow/5481
Brittni Harlow,2017-18,Minutes,8,11/08/17,Central Christian (Kan.),https://macbulldogs.com/sports/womens-basketball/roster/brittni-harlow/5481
Brittni Harlow,2017-18,Field Goals Made,1,11/08/17,Central Christian (Kan.),https://macbulldogs.com/sports/womens-basketball/roster/brittni-harlow/5481
Brittni Harlow,2017-18,Field Goal Attempts,3,01/24/18,at Southwestern (Kan.),https://macbulldogs.com/sports/womens-basketball/roster/brittni-harlow/5481
Brittni Harlow,2017-18,3-Point Field Goals Made,0,02/07/18,at York (Neb.),https://macbulldogs.com/sports/womens-basketball/roster/brittni-harlow/5481
Brittni Harlow,2017-18,3-Point Field Goal Attempts,1,01/24/18,at Southwestern (Kan.),https://macbulldogs.com/sports/womens-basketball/roster/brittni-harlow/5481
Brittni Harlow,2017-18,Free Throws Made,3,11/08/17,Central Christian (Kan.),https://macbulldogs.com/sports/womens-basketball/roster/brittni-harlow/5481
Brittni Harlow,2017-18,Free Throw Attempts,5,11/08/17,Central Christian (Kan.),https://macbulldogs.com/sports/womens-basketball/roster/brittni-harlow/5481
Brittni Harlow,2017-18,Rebounds,2,01/24/18,at Southwestern (Kan.),https://macbulldogs.com/sports/womens-basketball/roster/brittni-harlow/5481
Brittni Harlow,2017-18,Assists,2,11/08/17,Central Christian (Kan.),https://macbulldogs.com/sports/womens-basketball/roster/brittni-harlow/5481
Brittni Harlow,2017-18,Blocks,0,02/07/18,at York (Neb.),https://macbulldogs.com/sports/womens-basketball/roster/brittni-harlow/5481
Brittni Harlow,2017-18,Steals,0,02/07/18,at York (Neb.),https://macbulldogs.com/sports/womens-basketball/roster/brittni-harlow/5481
Brittni Harlow,2018-19,Points,9,02/09/19,Ottawa (Kan.),https://macbulldogs.com/sports/womens-basketball/roster/brittni-harlow/5481
Brittni Harlow,2018-19,Minutes,19,12/01/18,Southwestern,https://macbulldogs.com/sports/womens-basketball/roster/brittni-harlow/5481
Brittni Harlow,2018-19,Field Goals Made,4,02/09/19,Ottawa (Kan.),https://macbulldogs.com/sports/womens-basketball/roster/brittni-harlow/5481
Brittni Harlow,2018-19,Field Goal Attempts,8,11/14/18,Oklahoma Wesleyan,https://macbulldogs.com/sports/womens-basketball/roster/brittni-harlow/5481
Brittni Harlow,2018-19,3-Point Field Goals Made,2,11/14/18,Oklahoma Wesleyan,https://macbulldogs.com/sports/womens-basketball/roster/brittni-harlow/5481
Brittni Harlow,2018-19,3-Point Field Goal Attempts,4,11/14/18,Oklahoma Wesleyan,https://macbulldogs.com/sports/womens-basketball/roster/brittni-harlow/5481
Brittni Harlow,2018-19,Free Throws Made,8,11/02/18,Central Christian College,https://macbulldogs.com/sports/womens-basketball/roster/brittni-harlow/5481
Brittni Harlow,2018-19,Free Throw Attempts,8,11/02/18,Central Christian College,https://macbulldogs.com/sports/womens-basketball/roster/brittni-harlow/5481
Brittni Harlow,2018-19,Rebounds,5,02/11/19,at St. Mary (Kan.),https://macbulldogs.com/sports/womens-basketball/roster/brittni-harlow/5481
Brittni Harlow,2018-19,Assists,2,02/09/19,Ottawa (Kan.),https://macbulldogs.com/sports/womens-basketball/roster/brittni-harlow/5481
Brittni Harlow,2018-19,Blocks,0,02/16/19,Bethel,https://macbulldogs.com/sports/womens-basketball/roster/brittni-harlow/5481
Brittni Harlow,2018-19,Steals,2,02/02/19,Bethany,https://macbulldogs.com/sports/womens-basketball/roster/brittni-harlow/5481
Brittni Harlow,2019-20,Points,7,02/22/20,Ottawa (Kan.),https://macbulldogs.com/sports/womens-basketball/roster/brittni-harlow/5481
Brittni Harlow,2019-20,Minutes,20,02/22/20,Ottawa (Kan.),https://macbulldogs.com/sports/womens-basketball/roster/brittni-harlow/5481
Brittni Harlow,2019-20,Field Goals Made,2,02/22/20,Ottawa (Kan.),https://macbulldogs.com/sports/womens-basketball/roster/brittni-harlow/5481
Brittni Harlow,2019-20,Field Goal Attempts,3,02/01/20,at Sterling (Kan.),https://macbulldogs.com/sports/womens-basketball/roster/brittni-harlow/5481
Brittni Harlow,2019-20,3-Point Field Goals Made,1,02/22/20,Ottawa (Kan.),https://macbulldogs.com/sports/womens-basketball/roster/brittni-harlow/5481
Brittni Harlow,2019-20,3-Point Field Goal Attempts,1,02/22/20,Ottawa (Kan.),https://macbulldogs.com/sports/womens-basketball/roster/brittni-harlow/5481
Brittni Harlow,2019-20,Free Throws Made,3,01/13/20,at Ottawa (Kan.),https://macbulldogs.com/sports/womens-basketball/roster/brittni-harlow/5481
Brittni Harlow,2019-20,Free Throw Attempts,4,01/13/20,at Ottawa (Kan.),https://macbulldogs.com/sports/womens-basketball/roster/brittni-harlow/5481
Brittni Harlow,2019-20,Rebounds,3,02/22/20,Ottawa (Kan.),https://macbulldogs.com/sports/womens-basketball/roster/brittni-harlow/5481
Brittni Harlow,2019-20,Assists,1,02/05/20,at Oklahoma Wesleyan,https://macbulldogs.com/sports/womens-basketball/roster/brittni-harlow/5481
Brittni Harlow,2019-20,Blocks,0,02/22/20,Ottawa (Kan.),https://macbulldogs.com/sports/womens-basketball/roster/brittni-harlow/5481
Brittni Harlow,2019-20,Steals,1,01/15/20,Bethany (Kan.),https://macbulldogs.com/sports/womens-basketball/roster/brittni-harlow/5481
Brooke DeLuca,2015-16,Points,13,02/11/16,at Oklahoma Wesleyan,https://macbulldogs.com/sports/womens-basketball/roster/brooke-deluca/2986
Brooke DeLuca,2015-16,Minutes,36,02/04/16,Bethany (Kan.),https://macbulldogs.com/sports/womens-basketball/roster/brooke-deluca/2986
Brooke DeLuca,2015-16,Field Goals Made,5,02/11/16,at Oklahoma Wesleyan,https://macbulldogs.com/sports/womens-basketball/roster/brooke-deluca/2986
Brooke DeLuca,2015-16,Field Goal Attempts,9,02/11/16,at Oklahoma Wesleyan,https://macbulldogs.com/sports/womens-basketball/roster/brooke-deluca/2986
Brooke DeLuca,2015-16,3-Point Field Goals Made,3,11/11/15,Central Christian (Kan.),https://macbulldogs.com/sports/womens-basketball/roster/brooke-deluca/2986
Brooke DeLuca,2015-16,3-Point Field Goal Attempts,4,12/10/15,at Bethany (Kan.),https://macbulldogs.com/sports/womens-basketball/roster/brooke-deluca/2986
Brooke DeLuca,2015-16,Free Throws Made,2,02/11/16,at Oklahoma Wesleyan,https://macbulldogs.com/sports/womens-basketball/roster/brooke-deluca/2986
Brooke DeLuca,2015-16,Free Throw Attempts,2,02/11/16,at Oklahoma Wesleyan,https://macbulldogs.com/sports/womens-basketball/roster/brooke-deluca/2986
Brooke DeLuca,2015-16,Rebounds,9,02/11/16,at Oklahoma Wesleyan,https://macbulldogs.com/sports/womens-basketball/roster/brooke-deluca/2986
Brooke DeLuca,2015-16,Assists,3,01/20/16,Bethel (Kan.),https://macbulldogs.com/sports/womens-basketball/roster/brooke-deluca/2986
Brooke DeLuca,2015-16,Blocks,1,01/27/16,Kansas Wesleyan,https://macbulldogs.com/sports/womens-basketball/roster/brooke-deluca/2986
Brooke DeLuca,2015-16,Steals,3,11/11/15,Central Christian (Kan.),https://macbulldogs.com/sports/womens-basketball/roster/brooke-deluca/2986
Brooke DeLuca,2018-19,Points,24,01/19/19,Kansas Wesleyan,https://macbulldogs.com/sports/womens-basketball/roster/brooke-deluca/2986
Brooke DeLuca,2018-19,Minutes,64,01/19/19,Kansas Wesleyan,https://macbulldogs.com/sports/womens-basketball/roster/brooke-deluca/2986
Brooke DeLuca,2018-19,Field Goals Made,8,01/19/19,Kansas Wesleyan,https://macbulldogs.com/sports/womens-basketball/roster/brooke-deluca/2986
Brooke DeLuca,2018-19,Field Goal Attempts,24,01/19/19,Kansas Wesleyan,https://macbulldogs.com/sports/womens-basketball/roster/brooke-deluca/2986
Brooke DeLuca,2018-19,3-Point Field Goals Made,6,01/19/19,Kansas Wesleyan,https://macbulldogs.com/sports/womens-basketball/roster/brooke-deluca/2986
Brooke DeLuca,2018-19,3-Point Field Goal Attempts,12,01/19/19,Kansas Wesleyan,https://macbulldogs.com/sports/womens-basketball/roster/brooke-deluca/2986
Brooke DeLuca,2018-19,Free Throws Made,9,01/24/19,at Southwestern,https://macbulldogs.com/sports/womens-basketball/roster/brooke-deluca/2986
Brooke DeLuca,2018-19,Free Throw Attempts,10,01/24/19,at Southwestern,https://macbulldogs.com/sports/womens-basketball/roster/brooke-deluca/2986
Brooke DeLuca,2018-19,Rebounds,9,11/07/18,at Central Christian (Kan.),https://macbulldogs.com/sports/womens-basketball/roster/brooke-deluca/2986
Brooke DeLuca,2018-19,Assists,6,02/16/19,Bethel,https://macbulldogs.com/sports/womens-basketball/roster/brooke-deluca/2986
Brooke DeLuca,2018-19,Blocks,1,11/07/18,at Central Christian (Kan.),https://macbulldogs.com/sports/womens-basketball/roster/brooke-deluca/2986
Brooke DeLuca,2018-19,Steals,4,02/16/19,Bethel,https://macbulldogs.com/sports/womens-basketball/roster/brooke-deluca/2986
Brooke DeLuca,2015-16,Points,13,02/11/16,at Oklahoma Wesleyan,https://macbulldogs.com/sports/womens-basketball/roster/brooke-deluca/3150
Brooke DeLuca,2015-16,Minutes,36,02/04/16,Bethany (Kan.),https://macbulldogs.com/sports/womens-basketball/roster/brooke-deluca/3150
Brooke DeLuca,2015-16,Field Goals Made,5,02/11/16,at Oklahoma Wesleyan,https://macbulldogs.com/sports/womens-basketball/roster/brooke-deluca/3150
Brooke DeLuca,2015-16,Field Goal Attempts,9,02/11/16,at Oklahoma Wesleyan,https://macbulldogs.com/sports/womens-basketball/roster/brooke-deluca/3150
Brooke DeLuca,2015-16,3-Point Field Goals Made,3,11/11/15,Central Christian (Kan.),https://macbulldogs.com/sports/womens-basketball/roster/brooke-deluca/3150
Brooke DeLuca,2015-16,3-Point Field Goal Attempts,4,12/10/15,at Bethany (Kan.),https://macbulldogs.com/sports/womens-basketball/roster/brooke-deluca/3150
Brooke DeLuca,2015-16,Free Throws Made,2,02/11/16,at Oklahoma Wesleyan,https://macbulldogs.com/sports/womens-basketball/roster/brooke-deluca/3150
Brooke DeLuca,2015-16,Free Throw Attempts,2,02/11/16,at Oklahoma Wesleyan,https://macbulldogs.com/sports/womens-basketball/roster/brooke-deluca/3150
Brooke DeLuca,2015-16,Rebounds,9,02/11/16,at Oklahoma Wesleyan,https://macbulldogs.com/sports/womens-basketball/roster/brooke-deluca/3150
Brooke DeLuca,2015-16,Assists,3,01/20/16,Bethel (Kan.),https://macbulldogs.com/sports/womens-basketball/roster/brooke-deluca/3150
Brooke DeLuca,2015-16,Blocks,1,01/27/16,Kansas Wesleyan,https://macbulldogs.com/sports/womens-basketball/roster/brooke-deluca/3150
Brooke DeLuca,2015-16,Steals,3,11/11/15,Central Christian (Kan.),https://macbulldogs.com/sports/womens-basketball/roster/brooke-deluca/3150
Brooke DeLuca,2018-19,Points,24,01/19/19,Kansas Wesleyan,https://macbulldogs.com/sports/womens-basketball/roster/brooke-deluca/3150
Brooke DeLuca,2018-19,Minutes,64,01/19/19,Kansas Wesleyan,https://macbulldogs.com/sports/womens-basketball/roster/brooke-deluca/3150
Brooke DeLuca,2018-19,Field Goals Made,8,01/19/19,Kansas Wesleyan,https://macbulldogs.com/sports/womens-basketball/roster/brooke-deluca/3150
Brooke DeLuca,2018-19,Field Goal Attempts,24,01/19/19,Kansas Wesleyan,https://macbulldogs.com/sports/womens-basketball/roster/brooke-deluca/3150
Brooke DeLuca,2018-19,3-Point Field Goals Made,6,01/19/19,Kansas Wesleyan,https://macbulldogs.com/sports/womens-basketball/roster/brooke-deluca/3150
Brooke DeLuca,2018-19,3-Point Field Goal Attempts,12,01/19/19,Kansas Wesleyan,https://macbulldogs.com/sports/womens-basketball/roster/brooke-deluca/3150
Brooke DeLuca,2018-19,Free Throws Made,9,01/24/19,at Southwestern,https://macbulldogs.com/sports/womens-basketball/roster/brooke-deluca/3150
Brooke DeLuca,2018-19,Free Throw Attempts,10,01/24/19,at Southwestern,https://macbulldogs.com/sports/womens-basketball/roster/brooke-deluca/3150
Brooke DeLuca,2018-19,Rebounds,9,11/07/18,at Central Christian (Kan.),https://macbulldogs.com/sports/womens-basketball/roster/brooke-deluca/3150
Brooke DeLuca,2018-19,Assists,6,02/16/19,Bethel,https://macbulldogs.com/sports/womens-basketball/roster/brooke-deluca/3150
Brooke DeLuca,2018-19,Blocks,1,11/07/18,at Central Christian (Kan.),https://macbulldogs.com/sports/womens-basketball/roster/brooke-deluca/3150
Brooke DeLuca,2018-19,Steals,4,02/16/19,Bethel,https://macbulldogs.com/sports/womens-basketball/roster/brooke-deluca/3150
Brooke DeLuca,2015-16,Points,13,02/11/16,at Oklahoma Wesleyan,https://macbulldogs.com/sports/womens-basketball/roster/brooke-deluca/4111
Brooke DeLuca,2015-16,Minutes,36,02/04/16,Bethany (Kan.),https://macbulldogs.com/sports/womens-basketball/roster/brooke-deluca/4111
Brooke DeLuca,2015-16,Field Goals Made,5,02/11/16,at Oklahoma Wesleyan,https://macbulldogs.com/sports/womens-basketball/roster/brooke-deluca/4111
Brooke DeLuca,2015-16,Field Goal Attempts,9,02/11/16,at Oklahoma Wesleyan,https://macbulldogs.com/sports/womens-basketball/roster/brooke-deluca/4111
Brooke DeLuca,2015-16,3-Point Field Goals Made,3,11/11/15,Central Christian (Kan.),https://macbulldogs.com/sports/womens-basketball/roster/brooke-deluca/4111
Brooke DeLuca,2015-16,3-Point Field Goal Attempts,4,12/10/15,at Bethany (Kan.),https://macbulldogs.com/sports/womens-basketball/roster/brooke-deluca/4111
Brooke DeLuca,2015-16,Free Throws Made,2,02/11/16,at Oklahoma Wesleyan,https://macbulldogs.com/sports/womens-basketball/roster/brooke-deluca/4111
Brooke DeLuca,2015-16,Free Throw Attempts,2,02/11/16,at Oklahoma Wesleyan,https://macbulldogs.com/sports/womens-basketball/roster/brooke-deluca/4111
Brooke DeLuca,2015-16,Rebounds,9,02/11/16,at Oklahoma Wesleyan,https://macbulldogs.com/sports/womens-basketball/roster/brooke-deluca/4111
Brooke DeLuca,2015-16,Assists,3,01/20/16,Bethel (Kan.),https://macbulldogs.com/sports/womens-basketball/roster/brooke-deluca/4111
Brooke DeLuca,2015-16,Blocks,1,01/27/16,Kansas Wesleyan,https://macbulldogs.com/sports/womens-basketball/roster/brooke-deluca/4111
Brooke DeLuca,2015-16,Steals,3,11/11/15,Central Christian (Kan.),https://macbulldogs.com/sports/womens-basketball/roster/brooke-deluca/4111
Brooke DeLuca,2018-19,Points,24,01/19/19,Kansas Wesleyan,https://macbulldogs.com/sports/womens-basketball/roster/brooke-deluca/4111
Brooke DeLuca,2018-19,Minutes,64,01/19/19,Kansas Wesleyan,https://macbulldogs.com/sports/womens-basketball/roster/brooke-deluca/4111
Brooke DeLuca,2018-19,Field Goals Made,8,01/19/19,Kansas Wesleyan,https://macbulldogs.com/sports/womens-basketball/roster/brooke-deluca/4111
Brooke DeLuca,2018-19,Field Goal Attempts,24,01/19/19,Kansas Wesleyan,https://macbulldogs.com/sports/womens-basketball/roster/brooke-deluca/4111
Brooke DeLuca,2018-19,3-Point Field Goals Made,6,01/19/19,Kansas Wesleyan,https://macbulldogs.com/sports/womens-basketball/roster/brooke-deluca/4111
Brooke DeLuca,2018-19,3-Point Field Goal Attempts,12,01/19/19,Kansas Wesleyan,https://macbulldogs.com/sports/womens-basketball/roster/brooke-deluca/4111
Brooke DeLuca,2018-19,Free Throws Made,9,01/24/19,at Southwestern,https://macbulldogs.com/sports/womens-basketball/roster/brooke-deluca/4111
Brooke DeLuca,2018-19,Free Throw Attempts,10,01/24/19,at Southwestern,https://macbulldogs.com/sports/womens-basketball/roster/brooke-deluca/4111
Brooke DeLuca,2018-19,Rebounds,9,11/07/18,at Central Christian (Kan.),https://macbulldogs.com/sports/womens-basketball/roster/brooke-deluca/4111
Brooke DeLuca,2018-19,Assists,6,02/16/19,Bethel,https://macbulldogs.com/sports/womens-basketball/roster/brooke-deluca/4111
Brooke DeLuca,2018-19,Blocks,1,11/07/18,at Central Christian (Kan.),https://macbulldogs.com/sports/womens-basketball/roster/brooke-deluca/4111
Brooke DeLuca,2018-19,Steals,4,02/16/19,Bethel,https://macbulldogs.com/sports/womens-basketball/roster/brooke-deluca/4111
Brooke Weisenburger,2009-10,Points,19,02/04/10,Bethany College,https://macbulldogs.com/sports/womens-basketball/roster/brooke-weisenburger/556
Brooke Weisenburger,2009-10,Minutes,32,01/23/10,at Kansas Wesleyan Univ.,https://macbulldogs.com/sports/womens-basketball/roster/brooke-weisenburger/556
Brooke Weisenburger,2009-10,Field Goals Made,8,02/04/10,Bethany College,https://macbulldogs.com/sports/womens-basketball/roster/brooke-weisenburger/556
Brooke Weisenburger,2009-10,Field Goal Attempts,20,02/04/10,Bethany College,https://macbulldogs.com/sports/womens-basketball/roster/brooke-weisenburger/556
Brooke Weisenburger,2009-10,3-Point Field Goals Made,4,02/18/10,at Sterling College,https://macbulldogs.com/sports/womens-basketball/roster/brooke-weisenburger/556
Brooke Weisenburger,2009-10,3-Point Field Goal Attempts,8,02/18/10,at Sterling College,https://macbulldogs.com/sports/womens-basketball/roster/brooke-weisenburger/556
Brooke Weisenburger,2009-10,Free Throws Made,4,11/09/09,Southwestern Christian U.,https://macbulldogs.com/sports/womens-basketball/roster/brooke-weisenburger/556
Brooke Weisenburger,2009-10,Free Throw Attempts,7,11/09/09,Southwestern Christian U.,https://macbulldogs.com/sports/womens-basketball/roster/brooke-weisenburger/556
Brooke Weisenburger,2009-10,Rebounds,7,01/09/10,at University of St.Mary,https://macbulldogs.com/sports/womens-basketball/roster/brooke-weisenburger/556
Brooke Weisenburger,2009-10,Assists,7,01/28/10,at Ottawa University,https://macbulldogs.com/sports/womens-basketball/roster/brooke-weisenburger/556
Brooke Weisenburger,2009-10,Blocks,1,01/21/10,Bethel College,https://macbulldogs.com/sports/womens-basketball/roster/brooke-weisenburger/556
Brooke Weisenburger,2009-10,Steals,3,11/17/09,Central Christian College,https://macbulldogs.com/sports/womens-basketball/roster/brooke-weisenburger/556
Brooke Weisenburger,2010-11,Points,18,11/05/10,Johnson & Wales Universit,https://macbulldogs.com/sports/womens-basketball/roster/brooke-weisenburger/556
Brooke Weisenburger,2010-11,Minutes,41,11/05/10,Johnson & Wales Universit,https://macbulldogs.com/sports/womens-basketball/roster/brooke-weisenburger/556
Brooke Weisenburger,2010-11,Field Goals Made,6,12/04/10,at Ottawa University,https://macbulldogs.com/sports/womens-basketball/roster/brooke-weisenburger/556
Brooke Weisenburger,2010-11,Field Goal Attempts,16,01/03/11,at York College,https://macbulldogs.com/sports/womens-basketball/roster/brooke-weisenburger/556
Brooke Weisenburger,2010-11,3-Point Field Goals Made,3,01/27/11,Ottawa University,https://macbulldogs.com/sports/womens-basketball/roster/brooke-weisenburger/556
Brooke Weisenburger,2010-11,3-Point Field Goal Attempts,9,01/13/11,at Bethany College,https://macbulldogs.com/sports/womens-basketball/roster/brooke-weisenburger/556
Brooke Weisenburger,2010-11,Free Throws Made,7,11/16/10,at Central Christian College,https://macbulldogs.com/sports/womens-basketball/roster/brooke-weisenburger/556
Brooke Weisenburger,2010-11,Free Throw Attempts,9,11/16/10,at Central Christian College,https://macbulldogs.com/sports/womens-basketball/roster/brooke-weisenburger/556
Brooke Weisenburger,2010-11,Rebounds,8,11/05/10,Johnson & Wales Universit,https://macbulldogs.com/sports/womens-basketball/roster/brooke-weisenburger/556
Brooke Weisenburger,2010-11,Assists,6,11/02/10,at Haskell Indian Nations Un,https://macbulldogs.com/sports/womens-basketball/roster/brooke-weisenburger/556
Brooke Weisenburger,2010-11,Blocks,1,02/19/11,at Sterling College,https://macbulldogs.com/sports/womens-basketball/roster/brooke-weisenburger/556
Brooke Weisenburger,2010-11,Steals,4,02/03/11,Friends University,https://macbulldogs.com/sports/womens-basketball/roster/brooke-weisenburger/556
Brooke Weisenburger,2011-12,Points,10,01/26/12,Tabor (Kan.),https://macbulldogs.com/sports/womens-basketball/roster/brooke-weisenburger/556
Brooke Weisenburger,2011-12,Minutes,31,02/22/12,at Kansas Wesleyan,https://macbulldogs.com/sports/womens-basketball/roster/brooke-weisenburger/556
Brooke Weisenburger,2011-12,Field Goals Made,4,01/07/12,at Friends (Kan.),https://macbulldogs.com/sports/womens-basketball/roster/brooke-weisenburger/556
Brooke Weisenburger,2011-12,Field Goal Attempts,9,01/07/12,at Friends (Kan.),https://macbulldogs.com/sports/womens-basketball/roster/brooke-weisenburger/556
Brooke Weisenburger,2011-12,3-Point Field Goals Made,2,02/11/12,at Kansas Wesleyan,https://macbulldogs.com/sports/womens-basketball/roster/brooke-weisenburger/556
Brooke Weisenburger,2011-12,3-Point Field Goal Attempts,5,02/11/12,at Kansas Wesleyan,https://macbulldogs.com/sports/womens-basketball/roster/brooke-weisenburger/556
Brooke Weisenburger,2011-12,Free Throws Made,6,01/14/12,Ottawa (Kan.),https://macbulldogs.com/sports/womens-basketball/roster/brooke-weisenburger/556
Brooke Weisenburger,2011-12,Free Throw Attempts,6,01/21/12,Bethel (Kan.),https://macbulldogs.com/sports/womens-basketball/roster/brooke-weisenburger/556
Brooke Weisenburger,2011-12,Rebounds,7,12/08/11,Sterling (Kan.),https://macbulldogs.com/sports/womens-basketball/roster/brooke-weisenburger/556
Brooke Weisenburger,2011-12,Assists,7,01/14/12,Ottawa (Kan.),https://macbulldogs.com/sports/womens-basketball/roster/brooke-weisenburger/556
Brooke Weisenburger,2011-12,Blocks,1,01/18/12,at Bethany (Kan.),https://macbulldogs.com/sports/womens-basketball/roster/brooke-weisenburger/556
Brooke Weisenburger,2011-12,Steals,3,01/26/12,Tabor (Kan.),https://macbulldogs.com/sports/womens-basketball/roster/brooke-weisenburger/556
Brooke Weisenburger,2009-10,Points,19,02/04/10,Bethany College,https://macbulldogs.com/sports/womens-basketball/roster/brooke-weisenburger/901
Brooke Weisenburger,2009-10,Minutes,32,01/23/10,at Kansas Wesleyan Univ.,https://macbulldogs.com/sports/womens-basketball/roster/brooke-weisenburger/901
Brooke Weisenburger,2009-10,Field Goals Made,8,02/04/10,Bethany College,https://macbulldogs.com/sports/womens-basketball/roster/brooke-weisenburger/901
Brooke Weisenburger,2009-10,Field Goal Attempts,20,02/04/10,Bethany College,https://macbulldogs.com/sports/womens-basketball/roster/brooke-weisenburger/901
Brooke Weisenburger,2009-10,3-Point Field Goals Made,4,02/18/10,at Sterling College,https://macbulldogs.com/sports/womens-basketball/roster/brooke-weisenburger/901
Brooke Weisenburger,2009-10,3-Point Field Goal Attempts,8,02/18/10,at Sterling College,https://macbulldogs.com/sports/womens-basketball/roster/brooke-weisenburger/901
Brooke Weisenburger,2009-10,Free Throws Made,4,11/09/09,Southwestern Christian U.,https://macbulldogs.com/sports/womens-basketball/roster/brooke-weisenburger/901
Brooke Weisenburger,2009-10,Free Throw Attempts,7,11/09/09,Southwestern Christian U.,https://macbulldogs.com/sports/womens-basketball/roster/brooke-weisenburger/901
Brooke Weisenburger,2009-10,Rebounds,7,01/09/10,at University of St.Mary,https://macbulldogs.com/sports/womens-basketball/roster/brooke-weisenburger/901
Brooke Weisenburger,2009-10,Assists,7,01/28/10,at Ottawa University,https://macbulldogs.com/sports/womens-basketball/roster/brooke-weisenburger/901
Brooke Weisenburger,2009-10,Blocks,1,01/21/10,Bethel College,https://macbulldogs.com/sports/womens-basketball/roster/brooke-weisenburger/901
Brooke Weisenburger,2009-10,Steals,3,11/17/09,Central Christian College,https://macbulldogs.com/sports/womens-basketball/roster/brooke-weisenburger/901
Brooke Weisenburger,2010-11,Points,18,11/05/10,Johnson & Wales Universit,https://macbulldogs.com/sports/womens-basketball/roster/brooke-weisenburger/901
Brooke Weisenburger,2010-11,Minutes,41,11/05/10,Johnson & Wales Universit,https://macbulldogs.com/sports/womens-basketball/roster/brooke-weisenburger/901
Brooke Weisenburger,2010-11,Field Goals Made,6,12/04/10,at Ottawa University,https://macbulldogs.com/sports/womens-basketball/roster/brooke-weisenburger/901
Brooke Weisenburger,2010-11,Field Goal Attempts,16,01/03/11,at York College,https://macbulldogs.com/sports/womens-basketball/roster/brooke-weisenburger/901
Brooke Weisenburger,2010-11,3-Point Field Goals Made,3,01/27/11,Ottawa University,https://macbulldogs.com/sports/womens-basketball/roster/brooke-weisenburger/901
Brooke Weisenburger,2010-11,3-Point Field Goal Attempts,9,01/13/11,at Bethany College,https://macbulldogs.com/sports/womens-basketball/roster/brooke-weisenburger/901
Brooke Weisenburger,2010-11,Free Throws Made,7,11/16/10,at Central Christian College,https://macbulldogs.com/sports/womens-basketball/roster/brooke-weisenburger/901
Brooke Weisenburger,2010-11,Free Throw Attempts,9,11/16/10,at Central Christian College,https://macbulldogs.com/sports/womens-basketball/roster/brooke-weisenburger/901
Brooke Weisenburger,2010-11,Rebounds,8,11/05/10,Johnson & Wales Universit,https://macbulldogs.com/sports/womens-basketball/roster/brooke-weisenburger/901
Brooke Weisenburger,2010-11,Assists,6,11/02/10,at Haskell Indian Nations Un,https://macbulldogs.com/sports/womens-basketball/roster/brooke-weisenburger/901
Brooke Weisenburger,2010-11,Blocks,1,02/19/11,at Sterling College,https://macbulldogs.com/sports/womens-basketball/roster/brooke-weisenburger/901
Brooke Weisenburger,2010-11,Steals,4,02/03/11,Friends University,https://macbulldogs.com/sports/womens-basketball/roster/brooke-weisenburger/901
Brooke Weisenburger,2011-12,Points,10,01/26/12,Tabor (Kan.),https://macbulldogs.com/sports/womens-basketball/roster/brooke-weisenburger/901
Brooke Weisenburger,2011-12,Minutes,31,02/22/12,at Kansas Wesleyan,https://macbulldogs.com/sports/womens-basketball/roster/brooke-weisenburger/901
Brooke Weisenburger,2011-12,Field Goals Made,4,01/07/12,at Friends (Kan.),https://macbulldogs.com/sports/womens-basketball/roster/brooke-weisenburger/901
Brooke Weisenburger,2011-12,Field Goal Attempts,9,01/07/12,at Friends (Kan.),https://macbulldogs.com/sports/womens-basketball/roster/brooke-weisenburger/901
Brooke Weisenburger,2011-12,3-Point Field Goals Made,2,02/11/12,at Kansas Wesleyan,https://macbulldogs.com/sports/womens-basketball/roster/brooke-weisenburger/901
Brooke Weisenburger,2011-12,3-Point Field Goal Attempts,5,02/11/12,at Kansas Wesleyan,https://macbulldogs.com/sports/womens-basketball/roster/brooke-weisenburger/901
Brooke Weisenburger,2011-12,Free Throws Made,6,01/14/12,Ottawa (Kan.),https://macbulldogs.com/sports/womens-basketball/roster/brooke-weisenburger/901
Brooke Weisenburger,2011-12,Free Throw Attempts,6,01/21/12,Bethel (Kan.),https://macbulldogs.com/sports/womens-basketball/roster/brooke-weisenburger/901
Brooke Weisenburger,2011-12,Rebounds,7,12/08/11,Sterling (Kan.),https://macbulldogs.com/sports/womens-basketball/roster/brooke-weisenburger/901
Brooke Weisenburger,2011-12,Assists,7,01/14/12,Ottawa (Kan.),https://macbulldogs.com/sports/womens-basketball/roster/brooke-weisenburger/901
Brooke Weisenburger,2011-12,Blocks,1,01/18/12,at Bethany (Kan.),https://macbulldogs.com/sports/womens-basketball/roster/brooke-weisenburger/901
Brooke Weisenburger,2011-12,Steals,3,01/26/12,Tabor (Kan.),https://macbulldogs.com/sports/womens-basketball/roster/brooke-weisenburger/901
Brooke Zimmerman,2016-17,Points,12,11/12/16,St. Gregory's (Okla.),https://macbulldogs.com/sports/womens-basketball/roster/brooke-zimmerman/3156
Brooke Zimmerman,2016-17,Minutes,32,12/01/16,at Bethel (Kan.),https://macbulldogs.com/sports/womens-basketball/roster/brooke-zimmerman/3156
Brooke Zimmerman,2016-17,Field Goals Made,6,11/12/16,St. Gregory's (Okla.),https://macbulldogs.com/sports/womens-basketball/roster/brooke-zimmerman/3156
Brooke Zimmerman,2016-17,Field Goal Attempts,12,11/12/16,St. Gregory's (Okla.),https://macbulldogs.com/sports/womens-basketball/roster/brooke-zimmerman/3156
Brooke Zimmerman,2016-17,3-Point Field Goals Made,0,02/18/17,Southwestern (Kan.),https://macbulldogs.com/sports/womens-basketball/roster/brooke-zimmerman/3156
Brooke Zimmerman,2016-17,3-Point Field Goal Attempts,0,02/18/17,Southwestern (Kan.),https://macbulldogs.com/sports/womens-basketball/roster/brooke-zimmerman/3156
Brooke Zimmerman,2016-17,Free Throws Made,2,12/13/16,at Saint Mary (Kan.),https://macbulldogs.com/sports/womens-basketball/roster/brooke-zimmerman/3156
Brooke Zimmerman,2016-17,Free Throw Attempts,4,01/05/17,at York (Neb.),https://macbulldogs.com/sports/womens-basketball/roster/brooke-zimmerman/3156
Brooke Zimmerman,2016-17,Rebounds,11,01/21/17,at Oklahoma Wesleyan,https://macbulldogs.com/sports/womens-basketball/roster/brooke-zimmerman/3156
Brooke Zimmerman,2016-17,Assists,2,01/28/17,at Sterling (Kan.),https://macbulldogs.com/sports/womens-basketball/roster/brooke-zimmerman/3156
Brooke Zimmerman,2016-17,Blocks,2,11/05/16,Bacone (Okla.),https://macbulldogs.com/sports/womens-basketball/roster/brooke-zimmerman/3156
Brooke Zimmerman,2016-17,Steals,3,11/12/16,St. Gregory's (Okla.),https://macbulldogs.com/sports/womens-basketball/roster/brooke-zimmerman/3156
Brooke Zimmerman,2017-18,Points,8,01/24/18,at Southwestern (Kan.),https://macbulldogs.com/sports/womens-basketball/roster/brooke-zimmerman/3156
Brooke Zimmerman,2017-18,Minutes,21,01/20/18,Tabor (Kan.),https://macbulldogs.com/sports/womens-basketball/roster/brooke-zimmerman/3156
Brooke Zimmerman,2017-18,Field Goals Made,4,01/24/18,at Southwestern (Kan.),https://macbulldogs.com/sports/womens-basketball/roster/brooke-zimmerman/3156
Brooke Zimmerman,2017-18,Field Goal Attempts,6,01/24/18,at Southwestern (Kan.),https://macbulldogs.com/sports/womens-basketball/roster/brooke-zimmerman/3156
Brooke Zimmerman,2017-18,3-Point Field Goals Made,0,02/21/18,at Friends (Kan.),https://macbulldogs.com/sports/womens-basketball/roster/brooke-zimmerman/3156
Brooke Zimmerman,2017-18,3-Point Field Goal Attempts,0,02/21/18,at Friends (Kan.),https://macbulldogs.com/sports/womens-basketball/roster/brooke-zimmerman/3156
Brooke Zimmerman,2017-18,Free Throws Made,3,02/10/18,Kansas Wesleyan,https://macbulldogs.com/sports/womens-basketball/roster/brooke-zimmerman/3156
Brooke Zimmerman,2017-18,Free Throw Attempts,6,02/10/18,Kansas Wesleyan,https://macbulldogs.com/sports/womens-basketball/roster/brooke-zimmerman/3156
Brooke Zimmerman,2017-18,Rebounds,7,11/29/17,Southwestern (Kan.),https://macbulldogs.com/sports/womens-basketball/roster/brooke-zimmerman/3156
Brooke Zimmerman,2017-18,Assists,3,10/30/17,Randall University,https://macbulldogs.com/sports/womens-basketball/roster/brooke-zimmerman/3156
Brooke Zimmerman,2017-18,Blocks,2,02/03/18,at Ottawa (Kan.),https://macbulldogs.com/sports/womens-basketball/roster/brooke-zimmerman/3156
Brooke Zimmerman,2017-18,Steals,2,02/10/18,Kansas Wesleyan,https://macbulldogs.com/sports/womens-basketball/roster/brooke-zimmerman/3156
Callie Atkins,2013-14,Points,13,02/13/14,at Kansas Wesleyan,https://macbulldogs.com/sports/womens-basketball/roster/callie-atkins/2149
Callie Atkins,2013-14,Minutes,27,02/15/14,Ottawa (Kan.),https://macbulldogs.com/sports/womens-basketball/roster/callie-atkins/2149
Callie Atkins,2013-14,Field Goals Made,4,02/15/14,Ottawa (Kan.),https://macbulldogs.com/sports/womens-basketball/roster/callie-atkins/2149
Callie Atkins,2013-14,Field Goal Attempts,11,02/22/14,at Southwestern (Kan.),https://macbulldogs.com/sports/womens-basketball/roster/callie-atkins/2149
Callie Atkins,2013-14,3-Point Field Goals Made,3,01/03/14,Dakota State (S.D.),https://macbulldogs.com/sports/womens-basketball/roster/callie-atkins/2149
Callie Atkins,2013-14,3-Point Field Goal Attempts,8,02/08/14,Tabor (Kan.),https://macbulldogs.com/sports/womens-basketball/roster/callie-atkins/2149
Callie Atkins,2013-14,Free Throws Made,3,02/13/14,at Kansas Wesleyan,https://macbulldogs.com/sports/womens-basketball/roster/callie-atkins/2149
Callie Atkins,2013-14,Free Throw Attempts,3,02/20/14,Bethany (Kan.),https://macbulldogs.com/sports/womens-basketball/roster/callie-atkins/2149
Callie Atkins,2013-14,Rebounds,4,01/30/14,Saint Mary (Kan.),https://macbulldogs.com/sports/womens-basketball/roster/callie-atkins/2149
Callie Atkins,2013-14,Assists,3,02/22/14,at Southwestern (Kan.),https://macbulldogs.com/sports/womens-basketball/roster/callie-atkins/2149
Callie Atkins,2013-14,Blocks,2,01/30/14,Saint Mary (Kan.),https://macbulldogs.com/sports/womens-basketball/roster/callie-atkins/2149
Callie Atkins,2013-14,Steals,1,02/20/14,Bethany (Kan.),https://macbulldogs.com/sports/womens-basketball/roster/callie-atkins/2149
Callie Atkins,2014-15,Points,13,12/13/14,Tabor (Kan.),https://macbulldogs.com/sports/womens-basketball/roster/callie-atkins/2149
Callie Atkins,2014-15,Minutes,36,01/03/15,vs York (Neb.),https://macbulldogs.com/sports/womens-basketball/roster/callie-atkins/2149
Callie Atkins,2014-15,Field Goals Made,5,12/13/14,Tabor (Kan.),https://macbulldogs.com/sports/womens-basketball/roster/callie-atkins/2149
Callie Atkins,2014-15,Field Goal Attempts,11,01/03/15,vs York (Neb.),https://macbulldogs.com/sports/womens-basketball/roster/callie-atkins/2149
Callie Atkins,2014-15,3-Point Field Goals Made,3,01/17/15,at Friends (Kan.),https://macbulldogs.com/sports/womens-basketball/roster/callie-atkins/2149
Callie Atkins,2014-15,3-Point Field Goal Attempts,9,01/03/15,vs York (Neb.),https://macbulldogs.com/sports/womens-basketball/roster/callie-atkins/2149
Callie Atkins,2014-15,Free Throws Made,4,01/10/15,Ottawa (Kan.),https://macbulldogs.com/sports/womens-basketball/roster/callie-atkins/2149
Callie Atkins,2014-15,Free Throw Attempts,4,01/10/15,Ottawa (Kan.),https://macbulldogs.com/sports/womens-basketball/roster/callie-atkins/2149
Callie Atkins,2014-15,Rebounds,4,12/06/14,at Bethel (Kan.),https://macbulldogs.com/sports/womens-basketball/roster/callie-atkins/2149
Callie Atkins,2014-15,Assists,3,01/10/15,Ottawa (Kan.),https://macbulldogs.com/sports/womens-basketball/roster/callie-atkins/2149
Callie Atkins,2014-15,Blocks,0,02/21/15,Saint Mary (Kan.),https://macbulldogs.com/sports/womens-basketball/roster/callie-atkins/2149
Callie Atkins,2014-15,Steals,2,01/17/15,at Friends (Kan.),https://macbulldogs.com/sports/womens-basketball/roster/callie-atkins/2149
Cami Engelbert,2012-13,Points,13,02/14/13,at Sterling College,https://macbulldogs.com/sports/womens-basketball/roster/cami-engelbert/1748
Cami Engelbert,2012-13,Minutes,26,11/16/12,vs William Penn College,https://macbulldogs.com/sports/womens-basketball/roster/cami-engelbert/1748
Cami Engelbert,2012-13,Field Goals Made,6,02/14/13,at Sterling College,https://macbulldogs.com/sports/womens-basketball/roster/cami-engelbert/1748
Cami Engelbert,2012-13,Field Goal Attempts,8,11/16/12,vs William Penn College,https://macbulldogs.com/sports/womens-basketball/roster/cami-engelbert/1748
Cami Engelbert,2012-13,3-Point Field Goals Made,1,02/22/13,at Southwestern College,https://macbulldogs.com/sports/womens-basketball/roster/cami-engelbert/1748
Cami Engelbert,2012-13,3-Point Field Goal Attempts,1,02/22/13,at Southwestern College,https://macbulldogs.com/sports/womens-basketball/roster/cami-engelbert/1748
Cami Engelbert,2012-13,Free Throws Made,4,11/26/12,York College,https://macbulldogs.com/sports/womens-basketball/roster/cami-engelbert/1748
Cami Engelbert,2012-13,Free Throw Attempts,6,02/22/13,at Southwestern College,https://macbulldogs.com/sports/womens-basketball/roster/cami-engelbert/1748
Cami Engelbert,2012-13,Rebounds,7,11/16/12,vs William Penn College,https://macbulldogs.com/sports/womens-basketball/roster/cami-engelbert/1748
Cami Engelbert,2012-13,Assists,2,02/02/13,at Saint Mary (Kan.),https://macbulldogs.com/sports/womens-basketball/roster/cami-engelbert/1748
Cami Engelbert,2012-13,Blocks,0,02/22/13,at Southwestern College,https://macbulldogs.com/sports/womens-basketball/roster/cami-engelbert/1748
Cami Engelbert,2012-13,Steals,1,02/16/13,Bethel College,https://macbulldogs.com/sports/womens-basketball/roster/cami-engelbert/1748
Cami Engelbert,2013-14,Points,14,11/23/13,Northern New Mexico,https://macbulldogs.com/sports/womens-basketball/roster/cami-engelbert/1748
Cami Engelbert,2013-14,Minutes,32,02/13/14,at Kansas Wesleyan,https://macbulldogs.com/sports/womens-basketball/roster/cami-engelbert/1748
Cami Engelbert,2013-14,Field Goals Made,6,02/01/14,at Sterling (Kan.),https://macbulldogs.com/sports/womens-basketball/roster/cami-engelbert/1748
Cami Engelbert,2013-14,Field Goal Attempts,12,02/22/14,at Southwestern (Kan.),https://macbulldogs.com/sports/womens-basketball/roster/cami-engelbert/1748
Cami Engelbert,2013-14,3-Point Field Goals Made,1,01/22/14,Southwestern (Kan.),https://macbulldogs.com/sports/womens-basketball/roster/cami-engelbert/1748
Cami Engelbert,2013-14,3-Point Field Goal Attempts,3,01/22/14,Southwestern (Kan.),https://macbulldogs.com/sports/womens-basketball/roster/cami-engelbert/1748
Cami Engelbert,2013-14,Free Throws Made,4,11/26/13,at MidAmerica Nazarene (Kan.,https://macbulldogs.com/sports/womens-basketball/roster/cami-engelbert/1748
Cami Engelbert,2013-14,Free Throw Attempts,7,01/25/14,at Bethel (Kan.),https://macbulldogs.com/sports/womens-basketball/roster/cami-engelbert/1748
Cami Engelbert,2013-14,Rebounds,10,11/23/13,Northern New Mexico,https://macbulldogs.com/sports/womens-basketball/roster/cami-engelbert/1748
Cami Engelbert,2013-14,Assists,6,12/14/13,Friends (Kan.),https://macbulldogs.com/sports/womens-basketball/roster/cami-engelbert/1748
Cami Engelbert,2013-14,Blocks,1,02/26/14,at Southwestern (Kan.),https://macbulldogs.com/sports/womens-basketball/roster/cami-engelbert/1748
Cami Engelbert,2013-14,Steals,3,02/22/14,at Southwestern (Kan.),https://macbulldogs.com/sports/womens-basketball/roster/cami-engelbert/1748
Carly Pomrenke,2023-24,Points,3,10/27/23,at Barclay College,https://macbulldogs.com/sports/womens-basketball/roster/carly-pomrenke/8726
Carly Pomrenke,2023-24,Minutes,10,11/04/23,Manhattan Christian,https://macbulldogs.com/sports/womens-basketball/roster/carly-pomrenke/8726
Carly Pomrenke,2023-24,Field Goals Made,1,11/04/23,Manhattan Christian,https://macbulldogs.com/sports/womens-basketball/roster/carly-pomrenke/8726
Carly Pomrenke,2023-24,Field Goal Attempts,3,11/04/23,Manhattan Christian,https://macbulldogs.com/sports/womens-basketball/roster/carly-pomrenke/8726
Carly Pomrenke,2023-24,3-Point Field Goals Made,1,10/27/23,at Barclay College,https://macbulldogs.com/sports/womens-basketball/roster/carly-pomrenke/8726
Carly Pomrenke,2023-24,3-Point Field Goal Attempts,3,10/27/23,at Barclay College,https://macbulldogs.com/sports/womens-basketball/roster/carly-pomrenke/8726
Carly Pomrenke,2023-24,Free Throws Made,0,02/17/24,University of Saint Mary,https://macbulldogs.com/sports/womens-basketball/roster/carly-pomrenke/8726
Carly Pomrenke,2023-24,Free Throw Attempts,0,02/17/24,University of Saint Mary,https://macbulldogs.com/sports/womens-basketball/roster/carly-pomrenke/8726
Carly Pomrenke,2023-24,Rebounds,3,12/02/23,at Evangel (MO),https://macbulldogs.com/sports/womens-basketball/roster/carly-pomrenke/8726
Carly Pomrenke,2023-24,Assists,1,11/04/23,Manhattan Christian,https://macbulldogs.com/sports/womens-basketball/roster/carly-pomrenke/8726
Carly Pomrenke,2023-24,Blocks,0,02/17/24,University of Saint Mary,https://macbulldogs.com/sports/womens-basketball/roster/carly-pomrenke/8726
Carly Pomrenke,2023-24,Steals,1,11/04/23,Manhattan Christian,https://macbulldogs.com/sports/womens-basketball/roster/carly-pomrenke/8726
Carly Pomrenke,2024-25,Points,9,02/15/25,Friends University,https://macbulldogs.com/sports/womens-basketball/roster/carly-pomrenke/8726
Carly Pomrenke,2024-25,Minutes,23,02/15/25,Friends University,https://macbulldogs.com/sports/womens-basketball/roster/carly-pomrenke/8726
Carly Pomrenke,2024-25,Field Goals Made,4,02/15/25,Friends University,https://macbulldogs.com/sports/womens-basketball/roster/carly-pomrenke/8726
Carly Pomrenke,2024-25,Field Goal Attempts,8,02/15/25,Friends University,https://macbulldogs.com/sports/womens-basketball/roster/carly-pomrenke/8726
Carly Pomrenke,2024-25,3-Point Field Goals Made,1,02/20/25,at Sterling College,https://macbulldogs.com/sports/womens-basketball/roster/carly-pomrenke/8726
Carly Pomrenke,2024-25,3-Point Field Goal Attempts,5,02/15/25,Friends University,https://macbulldogs.com/sports/womens-basketball/roster/carly-pomrenke/8726
Carly Pomrenke,2024-25,Free Throws Made,1,11/20/24,at Kansas Wesleyan,https://macbulldogs.com/sports/womens-basketball/roster/carly-pomrenke/8726
Carly Pomrenke,2024-25,Free Throw Attempts,2,11/20/24,at Kansas Wesleyan,https://macbulldogs.com/sports/womens-basketball/roster/carly-pomrenke/8726
Carly Pomrenke,2024-25,Rebounds,5,02/15/25,Friends University,https://macbulldogs.com/sports/womens-basketball/roster/carly-pomrenke/8726
Carly Pomrenke,2024-25,Assists,1,02/20/25,at Sterling College,https://macbulldogs.com/sports/womens-basketball/roster/carly-pomrenke/8726
Carly Pomrenke,2024-25,Blocks,0,02/22/25,at Oklahoma Wesleyan,https://macbulldogs.com/sports/womens-basketball/roster/carly-pomrenke/8726
Carly Pomrenke,2024-25,Steals,1,02/20/25,at Sterling College,https://macbulldogs.com/sports/womens-basketball/roster/carly-pomrenke/8726
Carly Pomrenke,2023-24,Points,3,10/27/23,at Barclay College,https://macbulldogs.com/sports/womens-basketball/roster/carly-pomrenke/9597
Carly Pomrenke,2023-24,Minutes,10,11/04/23,Manhattan Christian,https://macbulldogs.com/sports/womens-basketball/roster/carly-pomrenke/9597
Carly Pomrenke,2023-24,Field Goals Made,1,11/04/23,Manhattan Christian,https://macbulldogs.com/sports/womens-basketball/roster/carly-pomrenke/9597
Carly Pomrenke,2023-24,Field Goal Attempts,3,11/04/23,Manhattan Christian,https://macbulldogs.com/sports/womens-basketball/roster/carly-pomrenke/9597
Carly Pomrenke,2023-24,3-Point Field Goals Made,1,10/27/23,at Barclay College,https://macbulldogs.com/sports/womens-basketball/roster/carly-pomrenke/9597
Carly Pomrenke,2023-24,3-Point Field Goal Attempts,3,10/27/23,at Barclay College,https://macbulldogs.com/sports/womens-basketball/roster/carly-pomrenke/9597
Carly Pomrenke,2023-24,Free Throws Made,0,02/17/24,University of Saint Mary,https://macbulldogs.com/sports/womens-basketball/roster/carly-pomrenke/9597
Carly Pomrenke,2023-24,Free Throw Attempts,0,02/17/24,University of Saint Mary,https://macbulldogs.com/sports/womens-basketball/roster/carly-pomrenke/9597
Carly Pomrenke,2023-24,Rebounds,3,12/02/23,at Evangel (MO),https://macbulldogs.com/sports/womens-basketball/roster/carly-pomrenke/9597
Carly Pomrenke,2023-24,Assists,1,11/04/23,Manhattan Christian,https://macbulldogs.com/sports/womens-basketball/roster/carly-pomrenke/9597
Carly Pomrenke,2023-24,Blocks,0,02/17/24,University of Saint Mary,https://macbulldogs.com/sports/womens-basketball/roster/carly-pomrenke/9597
Carly Pomrenke,2023-24,Steals,1,11/04/23,Manhattan Christian,https://macbulldogs.com/sports/womens-basketball/roster/carly-pomrenke/9597
Carly Pomrenke,2024-25,Points,9,02/15/25,Friends University,https://macbulldogs.com/sports/womens-basketball/roster/carly-pomrenke/9597
Carly Pomrenke,2024-25,Minutes,23,02/15/25,Friends University,https://macbulldogs.com/sports/womens-basketball/roster/carly-pomrenke/9597
Carly Pomrenke,2024-25,Field Goals Made,4,02/15/25,Friends University,https://macbulldogs.com/sports/womens-basketball/roster/carly-pomrenke/9597
Carly Pomrenke,2024-25,Field Goal Attempts,8,02/15/25,Friends University,https://macbulldogs.com/sports/womens-basketball/roster/carly-pomrenke/9597
Carly Pomrenke,2024-25,3-Point Field Goals Made,1,02/20/25,at Sterling College,https://macbulldogs.com/sports/womens-basketball/roster/carly-pomrenke/9597
Carly Pomrenke,2024-25,3-Point Field Goal Attempts,5,02/15/25,Friends University,https://macbulldogs.com/sports/womens-basketball/roster/carly-pomrenke/9597
Carly Pomrenke,2024-25,Free Throws Made,1,11/20/24,at Kansas Wesleyan,https://macbulldogs.com/sports/womens-basketball/roster/carly-pomrenke/9597
Carly Pomrenke,2024-25,Free Throw Attempts,2,11/20/24,at Kansas Wesleyan,https://macbulldogs.com/sports/womens-basketball/roster/carly-pomrenke/9597
Carly Pomrenke,2024-25,Rebounds,5,02/15/25,Friends University,https://macbulldogs.com/sports/womens-basketball/roster/carly-pomrenke/9597
Carly Pomrenke,2024-25,Assists,1,02/20/25,at Sterling College,https://macbulldogs.com/sports/womens-basketball/roster/carly-pomrenke/9597
Carly Pomrenke,2024-25,Blocks,0,02/22/25,at Oklahoma Wesleyan,https://macbulldogs.com/sports/womens-basketball/roster/carly-pomrenke/9597
Carly Pomrenke,2024-25,Steals,1,02/20/25,at Sterling College,https://macbulldogs.com/sports/womens-basketball/roster/carly-pomrenke/9597
Carly Pomrenke,2023-24,Points,3,10/27/23,at Barclay College,https://macbulldogs.com/sports/womens-basketball/roster/carly-pomrenke/9948
Carly Pomrenke,2023-24,Minutes,10,11/04/23,Manhattan Christian,https://macbulldogs.com/sports/womens-basketball/roster/carly-pomrenke/9948
Carly Pomrenke,2023-24,Field Goals Made,1,11/04/23,Manhattan Christian,https://macbulldogs.com/sports/womens-basketball/roster/carly-pomrenke/9948
Carly Pomrenke,2023-24,Field Goal Attempts,3,11/04/23,Manhattan Christian,https://macbulldogs.com/sports/womens-basketball/roster/carly-pomrenke/9948
Carly Pomrenke,2023-24,3-Point Field Goals Made,1,10/27/23,at Barclay College,https://macbulldogs.com/sports/womens-basketball/roster/carly-pomrenke/9948
Carly Pomrenke,2023-24,3-Point Field Goal Attempts,3,10/27/23,at Barclay College,https://macbulldogs.com/sports/womens-basketball/roster/carly-pomrenke/9948
Carly Pomrenke,2023-24,Free Throws Made,0,02/17/24,University of Saint Mary,https://macbulldogs.com/sports/womens-basketball/roster/carly-pomrenke/9948
Carly Pomrenke,2023-24,Free Throw Attempts,0,02/17/24,University of Saint Mary,https://macbulldogs.com/sports/womens-basketball/roster/carly-pomrenke/9948
Carly Pomrenke,2023-24,Rebounds,3,12/02/23,at Evangel (MO),https://macbulldogs.com/sports/womens-basketball/roster/carly-pomrenke/9948
Carly Pomrenke,2023-24,Assists,1,11/04/23,Manhattan Christian,https://macbulldogs.com/sports/womens-basketball/roster/carly-pomrenke/9948
Carly Pomrenke,2023-24,Blocks,0,02/17/24,University of Saint Mary,https://macbulldogs.com/sports/womens-basketball/roster/carly-pomrenke/9948
Carly Pomrenke,2023-24,Steals,1,11/04/23,Manhattan Christian,https://macbulldogs.com/sports/womens-basketball/roster/carly-pomrenke/9948
Carly Pomrenke,2024-25,Points,9,02/15/25,Friends University,https://macbulldogs.com/sports/womens-basketball/roster/carly-pomrenke/9948
Carly Pomrenke,2024-25,Minutes,23,02/15/25,Friends University,https://macbulldogs.com/sports/womens-basketball/roster/carly-pomrenke/9948
Carly Pomrenke,2024-25,Field Goals Made,4,02/15/25,Friends University,https://macbulldogs.com/sports/womens-basketball/roster/carly-pomrenke/9948
Carly Pomrenke,2024-25,Field Goal Attempts,8,02/15/25,Friends University,https://macbulldogs.com/sports/womens-basketball/roster/carly-pomrenke/9948
Carly Pomrenke,2024-25,3-Point Field Goals Made,1,02/20/25,at Sterling College,https://macbulldogs.com/sports/womens-basketball/roster/carly-pomrenke/9948
Carly Pomrenke,2024-25,3-Point Field Goal Attempts,5,02/15/25,Friends University,https://macbulldogs.com/sports/womens-basketball/roster/carly-pomrenke/9948
Carly Pomrenke,2024-25,Free Throws Made,1,11/20/24,at Kansas Wesleyan,https://macbulldogs.com/sports/womens-basketball/roster/carly-pomrenke/9948
Carly Pomrenke,2024-25,Free Throw Attempts,2,11/20/24,at Kansas Wesleyan,https://macbulldogs.com/sports/womens-basketball/roster/carly-pomrenke/9948
Carly Pomrenke,2024-25,Rebounds,5,02/15/25,Friends University,https://macbulldogs.com/sports/womens-basketball/roster/carly-pomrenke/9948
Carly Pomrenke,2024-25,Assists,1,02/20/25,at Sterling College,https://macbulldogs.com/sports/womens-basketball/roster/carly-pomrenke/9948
Carly Pomrenke,2024-25,Blocks,0,02/22/25,at Oklahoma Wesleyan,https://macbulldogs.com/sports/womens-basketball/roster/carly-pomrenke/9948
Carly Pomrenke,2024-25,Steals,1,02/20/25,at Sterling College,https://macbulldogs.com/sports/womens-basketball/roster/carly-pomrenke/9948
Chandler Short,2012-13,Points,11,02/22/13,at Southwestern College,https://macbulldogs.com/sports/womens-basketball/roster/chandler-short/1753
Chandler Short,2012-13,Minutes,20,02/22/13,at Southwestern College,https://macbulldogs.com/sports/womens-basketball/roster/chandler-short/1753
Chandler Short,2012-13,Field Goals Made,4,02/22/13,at Southwestern College,https://macbulldogs.com/sports/womens-basketball/roster/chandler-short/1753
Chandler Short,2012-13,Field Goal Attempts,8,02/22/13,at Southwestern College,https://macbulldogs.com/sports/womens-basketball/roster/chandler-short/1753
Chandler Short,2012-13,3-Point Field Goals Made,1,02/22/13,at Southwestern College,https://macbulldogs.com/sports/womens-basketball/roster/chandler-short/1753
Chandler Short,2012-13,3-Point Field Goal Attempts,5,02/16/13,Bethel College,https://macbulldogs.com/sports/womens-basketball/roster/chandler-short/1753
Chandler Short,2012-13,Free Throws Made,4,02/16/13,Bethel College,https://macbulldogs.com/sports/womens-basketball/roster/chandler-short/1753
Chandler Short,2012-13,Free Throw Attempts,6,02/16/13,Bethel College,https://macbulldogs.com/sports/womens-basketball/roster/chandler-short/1753
Chandler Short,2012-13,Rebounds,4,11/29/12,at Bethany College,https://macbulldogs.com/sports/womens-basketball/roster/chandler-short/1753
Chandler Short,2012-13,Assists,3,12/08/12,at Southwestern College,https://macbulldogs.com/sports/womens-basketball/roster/chandler-short/1753
Chandler Short,2012-13,Blocks,0,02/22/13,at Southwestern College,https://macbulldogs.com/sports/womens-basketball/roster/chandler-short/1753
Chandler Short,2012-13,Steals,2,01/19/13,Bethany College,https://macbulldogs.com/sports/womens-basketball/roster/chandler-short/1753
Chandler Short,2013-14,Points,22,11/19/13,Central Christian (Kan.),https://macbulldogs.com/sports/womens-basketball/roster/chandler-short/1753
Chandler Short,2013-14,Minutes,28,02/01/14,at Sterling (Kan.),https://macbulldogs.com/sports/womens-basketball/roster/chandler-short/1753
Chandler Short,2013-14,Field Goals Made,7,11/19/13,Central Christian (Kan.),https://macbulldogs.com/sports/womens-basketball/roster/chandler-short/1753
Chandler Short,2013-14,Field Goal Attempts,12,01/25/14,at Bethel (Kan.),https://macbulldogs.com/sports/womens-basketball/roster/chandler-short/1753
Chandler Short,2013-14,3-Point Field Goals Made,3,02/01/14,at Sterling (Kan.),https://macbulldogs.com/sports/womens-basketball/roster/chandler-short/1753
Chandler Short,2013-14,3-Point Field Goal Attempts,6,01/16/14,at Ottawa (Kan.),https://macbulldogs.com/sports/womens-basketball/roster/chandler-short/1753
Chandler Short,2013-14,Free Throws Made,8,02/01/14,at Sterling (Kan.),https://macbulldogs.com/sports/womens-basketball/roster/chandler-short/1753
Chandler Short,2013-14,Free Throw Attempts,9,02/01/14,at Sterling (Kan.),https://macbulldogs.com/sports/womens-basketball/roster/chandler-short/1753
Chandler Short,2013-14,Rebounds,5,01/25/14,at Bethel (Kan.),https://macbulldogs.com/sports/womens-basketball/roster/chandler-short/1753
Chandler Short,2013-14,Assists,4,02/20/14,Bethany (Kan.),https://macbulldogs.com/sports/womens-basketball/roster/chandler-short/1753
Chandler Short,2013-14,Blocks,1,02/06/14,at Friends (Kan.),https://macbulldogs.com/sports/womens-basketball/roster/chandler-short/1753
Chandler Short,2013-14,Steals,5,11/19/13,Central Christian (Kan.),https://macbulldogs.com/sports/womens-basketball/roster/chandler-short/1753
Dana Imankulova,2025 - 26,Points,2,11/01/25,Cottey College,https://macbulldogs.com/sports/womens-basketball/roster/dana-imankulova/10864
Dana Imankulova,2025 - 26,Minutes,20,11/01/25,Cottey College,https://macbulldogs.com/sports/womens-basketball/roster/dana-imankulova/10864
Dana Imankulova,2025 - 26,Field Goals Made,1,11/01/25,Cottey College,https://macbulldogs.com/sports/womens-basketball/roster/dana-imankulova/10864
Dana Imankulova,2025 - 26,Field Goal Attempts,3,11/01/25,Cottey College,https://macbulldogs.com/sports/womens-basketball/roster/dana-imankulova/10864
Dana Imankulova,2025 - 26,3-Point Field Goals Made,0,11/01/25,Cottey College,https://macbulldogs.com/sports/womens-basketball/roster/dana-imankulova/10864
Dana Imankulova,2025 - 26,3-Point Field Goal Attempts,2,11/01/25,Cottey College,https://macbulldogs.com/sports/womens-basketball/roster/dana-imankulova/10864
Dana Imankulova,2025 - 26,Free Throws Made,0,11/01/25,Cottey College,https://macbulldogs.com/sports/womens-basketball/roster/dana-imankulova/10864
Dana Imankulova,2025 - 26,Free Throw Attempts,0,11/01/25,Cottey College,https://macbulldogs.com/sports/womens-basketball/roster/dana-imankulova/10864
Dana Imankulova,2025 - 26,Rebounds,2,11/01/25,Cottey College,https://macbulldogs.com/sports/womens-basketball/roster/dana-imankulova/10864
Dana Imankulova,2025 - 26,Assists,4,11/01/25,Cottey College,https://macbulldogs.com/sports/womens-basketball/roster/dana-imankulova/10864
Dana Imankulova,2025 - 26,Blocks,0,11/01/25,Cottey College,https://macbulldogs.com/sports/womens-basketball/roster/dana-imankulova/10864
Dana Imankulova,2025 - 26,Steals,1,11/01/25,Cottey College,https://macbulldogs.com/sports/womens-basketball/roster/dana-imankulova/10864
Danielle Holt,2016-17,Points,24,02/04/17,at Friends (Kan.),https://macbulldogs.com/sports/womens-basketball/roster/danielle-holt/3145
Danielle Holt,2016-17,Minutes,38,02/02/17,Tabor (Kan.),https://macbulldogs.com/sports/womens-basketball/roster/danielle-holt/3145
Danielle Holt,2016-17,Field Goals Made,10,02/04/17,at Friends (Kan.),https://macbulldogs.com/sports/womens-basketball/roster/danielle-holt/3145
Danielle Holt,2016-17,Field Goal Attempts,12,02/18/17,Southwestern (Kan.),https://macbulldogs.com/sports/womens-basketball/roster/danielle-holt/3145
Danielle Holt,2016-17,3-Point Field Goals Made,0,02/18/17,Southwestern (Kan.),https://macbulldogs.com/sports/womens-basketball/roster/danielle-holt/3145
Danielle Holt,2016-17,3-Point Field Goal Attempts,1,02/18/17,Southwestern (Kan.),https://macbulldogs.com/sports/womens-basketball/roster/danielle-holt/3145
Danielle Holt,2016-17,Free Throws Made,4,02/04/17,at Friends (Kan.),https://macbulldogs.com/sports/womens-basketball/roster/danielle-holt/3145
Danielle Holt,2016-17,Free Throw Attempts,7,01/25/17,Bethel (Kan.),https://macbulldogs.com/sports/womens-basketball/roster/danielle-holt/3145
Danielle Holt,2016-17,Rebounds,15,11/09/16,at Central Christian (Kan.),https://macbulldogs.com/sports/womens-basketball/roster/danielle-holt/3145
Danielle Holt,2016-17,Assists,3,11/05/16,Bacone (Okla.),https://macbulldogs.com/sports/womens-basketball/roster/danielle-holt/3145
Danielle Holt,2016-17,Blocks,2,12/08/16,at Tabor (Kan.),https://macbulldogs.com/sports/womens-basketball/roster/danielle-holt/3145
Danielle Holt,2016-17,Steals,3,01/16/17,at Bethany (Kan.),https://macbulldogs.com/sports/womens-basketball/roster/danielle-holt/3145
Danielle Holt,2017-18,Points,18,11/11/17,at Bacone (Okla.),https://macbulldogs.com/sports/womens-basketball/roster/danielle-holt/3145
Danielle Holt,2017-18,Minutes,34,11/11/17,at Bacone (Okla.),https://macbulldogs.com/sports/womens-basketball/roster/danielle-holt/3145
Danielle Holt,2017-18,Field Goals Made,6,02/17/18,at Bethel (Kan.),https://macbulldogs.com/sports/womens-basketball/roster/danielle-holt/3145
Danielle Holt,2017-18,Field Goal Attempts,18,11/11/17,at Bacone (Okla.),https://macbulldogs.com/sports/womens-basketball/roster/danielle-holt/3145
Danielle Holt,2017-18,3-Point Field Goals Made,2,12/30/17,vs Doane (Neb.),https://macbulldogs.com/sports/womens-basketball/roster/danielle-holt/3145
Danielle Holt,2017-18,3-Point Field Goal Attempts,3,01/17/18,Bethany (Kan.),https://macbulldogs.com/sports/womens-basketball/roster/danielle-holt/3145
Danielle Holt,2017-18,Free Throws Made,8,11/11/17,at Bacone (Okla.),https://macbulldogs.com/sports/womens-basketball/roster/danielle-holt/3145
Danielle Holt,2017-18,Free Throw Attempts,10,11/11/17,at Bacone (Okla.),https://macbulldogs.com/sports/womens-basketball/roster/danielle-holt/3145
Danielle Holt,2017-18,Rebounds,11,02/21/18,at Friends (Kan.),https://macbulldogs.com/sports/womens-basketball/roster/danielle-holt/3145
Danielle Holt,2017-18,Assists,5,02/21/18,at Friends (Kan.),https://macbulldogs.com/sports/womens-basketball/roster/danielle-holt/3145
Danielle Holt,2017-18,Blocks,2,01/06/18,Bethel (Kan.),https://macbulldogs.com/sports/womens-basketball/roster/danielle-holt/3145
Danielle Holt,2017-18,Steals,5,12/12/17,York (Neb.),https://macbulldogs.com/sports/womens-basketball/roster/danielle-holt/3145
Danielle Holt,2018-19,Points,3,10/30/18,McPherson,https://macbulldogs.com/sports/womens-basketball/roster/danielle-holt/3145
Danielle Holt,2018-19,Minutes,23,10/30/18,McPherson,https://macbulldogs.com/sports/womens-basketball/roster/danielle-holt/3145
Danielle Holt,2018-19,Field Goals Made,1,10/30/18,McPherson,https://macbulldogs.com/sports/womens-basketball/roster/danielle-holt/3145
Danielle Holt,2018-19,Field Goal Attempts,1,10/30/18,McPherson,https://macbulldogs.com/sports/womens-basketball/roster/danielle-holt/3145
Danielle Holt,2018-19,3-Point Field Goals Made,0,10/30/18,McPherson,https://macbulldogs.com/sports/womens-basketball/roster/danielle-holt/3145
Danielle Holt,2018-19,3-Point Field Goal Attempts,0,10/30/18,McPherson,https://macbulldogs.com/sports/womens-basketball/roster/danielle-holt/3145
Danielle Holt,2018-19,Free Throws Made,1,10/30/18,McPherson,https://macbulldogs.com/sports/womens-basketball/roster/danielle-holt/3145
Danielle Holt,2018-19,Free Throw Attempts,1,10/30/18,McPherson,https://macbulldogs.com/sports/womens-basketball/roster/danielle-holt/3145
Danielle Holt,2018-19,Rebounds,2,10/30/18,McPherson,https://macbulldogs.com/sports/womens-basketball/roster/danielle-holt/3145
Danielle Holt,2018-19,Assists,1,10/30/18,McPherson,https://macbulldogs.com/sports/womens-basketball/roster/danielle-holt/3145
Danielle Holt,2018-19,Blocks,0,10/30/18,McPherson,https://macbulldogs.com/sports/womens-basketball/roster/danielle-holt/3145
Danielle Holt,2018-19,Steals,0,10/30/18,McPherson,https://macbulldogs.com/sports/womens-basketball/roster/danielle-holt/3145
Danielle Holt,2019-20,Points,11,01/25/20,York (Neb.),https://macbulldogs.com/sports/womens-basketball/roster/danielle-holt/3145
Danielle Holt,2019-20,Minutes,35,11/20/19,at Friends,https://macbulldogs.com/sports/womens-basketball/roster/danielle-holt/3145
Danielle Holt,2019-20,Field Goals Made,5,01/08/20,at Avila (Mo.),https://macbulldogs.com/sports/womens-basketball/roster/danielle-holt/3145
Danielle Holt,2019-20,Field Goal Attempts,10,01/08/20,at Avila (Mo.),https://macbulldogs.com/sports/womens-basketball/roster/danielle-holt/3145
Danielle Holt,2019-20,3-Point Field Goals Made,1,01/29/20,St. Mary (Kan.),https://macbulldogs.com/sports/womens-basketball/roster/danielle-holt/3145
Danielle Holt,2019-20,3-Point Field Goal Attempts,1,01/29/20,St. Mary (Kan.),https://macbulldogs.com/sports/womens-basketball/roster/danielle-holt/3145
Danielle Holt,2019-20,Free Throws Made,5,01/25/20,York (Neb.),https://macbulldogs.com/sports/womens-basketball/roster/danielle-holt/3145
Danielle Holt,2019-20,Free Throw Attempts,8,01/25/20,York (Neb.),https://macbulldogs.com/sports/womens-basketball/roster/danielle-holt/3145
Danielle Holt,2019-20,Rebounds,16,11/06/19,vs Central Christian (Kan.),https://macbulldogs.com/sports/womens-basketball/roster/danielle-holt/3145
Danielle Holt,2019-20,Assists,4,02/22/20,Ottawa (Kan.),https://macbulldogs.com/sports/womens-basketball/roster/danielle-holt/3145
Danielle Holt,2019-20,Blocks,1,02/01/20,at Sterling (Kan.),https://macbulldogs.com/sports/womens-basketball/roster/danielle-holt/3145
Danielle Holt,2019-20,Steals,5,01/25/20,York (Neb.),https://macbulldogs.com/sports/womens-basketball/roster/danielle-holt/3145
Danielle Holt,2016-17,Points,24,02/04/17,at Friends (Kan.),https://macbulldogs.com/sports/womens-basketball/roster/danielle-holt/4109
Danielle Holt,2016-17,Minutes,38,02/02/17,Tabor (Kan.),https://macbulldogs.com/sports/womens-basketball/roster/danielle-holt/4109
Danielle Holt,2016-17,Field Goals Made,10,02/04/17,at Friends (Kan.),https://macbulldogs.com/sports/womens-basketball/roster/danielle-holt/4109
Danielle Holt,2016-17,Field Goal Attempts,12,02/18/17,Southwestern (Kan.),https://macbulldogs.com/sports/womens-basketball/roster/danielle-holt/4109
Danielle Holt,2016-17,3-Point Field Goals Made,0,02/18/17,Southwestern (Kan.),https://macbulldogs.com/sports/womens-basketball/roster/danielle-holt/4109
Danielle Holt,2016-17,3-Point Field Goal Attempts,1,02/18/17,Southwestern (Kan.),https://macbulldogs.com/sports/womens-basketball/roster/danielle-holt/4109
Danielle Holt,2016-17,Free Throws Made,4,02/04/17,at Friends (Kan.),https://macbulldogs.com/sports/womens-basketball/roster/danielle-holt/4109
Danielle Holt,2016-17,Free Throw Attempts,7,01/25/17,Bethel (Kan.),https://macbulldogs.com/sports/womens-basketball/roster/danielle-holt/4109
Danielle Holt,2016-17,Rebounds,15,11/09/16,at Central Christian (Kan.),https://macbulldogs.com/sports/womens-basketball/roster/danielle-holt/4109
Danielle Holt,2016-17,Assists,3,11/05/16,Bacone (Okla.),https://macbulldogs.com/sports/womens-basketball/roster/danielle-holt/4109
Danielle Holt,2016-17,Blocks,2,12/08/16,at Tabor (Kan.),https://macbulldogs.com/sports/womens-basketball/roster/danielle-holt/4109
Danielle Holt,2016-17,Steals,3,01/16/17,at Bethany (Kan.),https://macbulldogs.com/sports/womens-basketball/roster/danielle-holt/4109
Danielle Holt,2017-18,Points,18,11/11/17,at Bacone (Okla.),https://macbulldogs.com/sports/womens-basketball/roster/danielle-holt/4109
Danielle Holt,2017-18,Minutes,34,11/11/17,at Bacone (Okla.),https://macbulldogs.com/sports/womens-basketball/roster/danielle-holt/4109
Danielle Holt,2017-18,Field Goals Made,6,02/17/18,at Bethel (Kan.),https://macbulldogs.com/sports/womens-basketball/roster/danielle-holt/4109
Danielle Holt,2017-18,Field Goal Attempts,18,11/11/17,at Bacone (Okla.),https://macbulldogs.com/sports/womens-basketball/roster/danielle-holt/4109
Danielle Holt,2017-18,3-Point Field Goals Made,2,12/30/17,vs Doane (Neb.),https://macbulldogs.com/sports/womens-basketball/roster/danielle-holt/4109
Danielle Holt,2017-18,3-Point Field Goal Attempts,3,01/17/18,Bethany (Kan.),https://macbulldogs.com/sports/womens-basketball/roster/danielle-holt/4109
Danielle Holt,2017-18,Free Throws Made,8,11/11/17,at Bacone (Okla.),https://macbulldogs.com/sports/womens-basketball/roster/danielle-holt/4109
Danielle Holt,2017-18,Free Throw Attempts,10,11/11/17,at Bacone (Okla.),https://macbulldogs.com/sports/womens-basketball/roster/danielle-holt/4109
Danielle Holt,2017-18,Rebounds,11,02/21/18,at Friends (Kan.),https://macbulldogs.com/sports/womens-basketball/roster/danielle-holt/4109
Danielle Holt,2017-18,Assists,5,02/21/18,at Friends (Kan.),https://macbulldogs.com/sports/womens-basketball/roster/danielle-holt/4109
Danielle Holt,2017-18,Blocks,2,01/06/18,Bethel (Kan.),https://macbulldogs.com/sports/womens-basketball/roster/danielle-holt/4109
Danielle Holt,2017-18,Steals,5,12/12/17,York (Neb.),https://macbulldogs.com/sports/womens-basketball/roster/danielle-holt/4109
Danielle Holt,2018-19,Points,3,10/30/18,McPherson,https://macbulldogs.com/sports/womens-basketball/roster/danielle-holt/4109
Danielle Holt,2018-19,Minutes,23,10/30/18,McPherson,https://macbulldogs.com/sports/womens-basketball/roster/danielle-holt/4109
Danielle Holt,2018-19,Field Goals Made,1,10/30/18,McPherson,https://macbulldogs.com/sports/womens-basketball/roster/danielle-holt/4109
Danielle Holt,2018-19,Field Goal Attempts,1,10/30/18,McPherson,https://macbulldogs.com/sports/womens-basketball/roster/danielle-holt/4109
Danielle Holt,2018-19,3-Point Field Goals Made,0,10/30/18,McPherson,https://macbulldogs.com/sports/womens-basketball/roster/danielle-holt/4109
Danielle Holt,2018-19,3-Point Field Goal Attempts,0,10/30/18,McPherson,https://macbulldogs.com/sports/womens-basketball/roster/danielle-holt/4109
Danielle Holt,2018-19,Free Throws Made,1,10/30/18,McPherson,https://macbulldogs.com/sports/womens-basketball/roster/danielle-holt/4109
Danielle Holt,2018-19,Free Throw Attempts,1,10/30/18,McPherson,https://macbulldogs.com/sports/womens-basketball/roster/danielle-holt/4109
Danielle Holt,2018-19,Rebounds,2,10/30/18,McPherson,https://macbulldogs.com/sports/womens-basketball/roster/danielle-holt/4109
Danielle Holt,2018-19,Assists,1,10/30/18,McPherson,https://macbulldogs.com/sports/womens-basketball/roster/danielle-holt/4109
Danielle Holt,2018-19,Blocks,0,10/30/18,McPherson,https://macbulldogs.com/sports/womens-basketball/roster/danielle-holt/4109
Danielle Holt,2018-19,Steals,0,10/30/18,McPherson,https://macbulldogs.com/sports/womens-basketball/roster/danielle-holt/4109
Danielle Holt,2019-20,Points,11,01/25/20,York (Neb.),https://macbulldogs.com/sports/womens-basketball/roster/danielle-holt/4109
Danielle Holt,2019-20,Minutes,35,11/20/19,at Friends,https://macbulldogs.com/sports/womens-basketball/roster/danielle-holt/4109
Danielle Holt,2019-20,Field Goals Made,5,01/08/20,at Avila (Mo.),https://macbulldogs.com/sports/womens-basketball/roster/danielle-holt/4109
Danielle Holt,2019-20,Field Goal Attempts,10,01/08/20,at Avila (Mo.),https://macbulldogs.com/sports/womens-basketball/roster/danielle-holt/4109
Danielle Holt,2019-20,3-Point Field Goals Made,1,01/29/20,St. Mary (Kan.),https://macbulldogs.com/sports/womens-basketball/roster/danielle-holt/4109
Danielle Holt,2019-20,3-Point Field Goal Attempts,1,01/29/20,St. Mary (Kan.),https://macbulldogs.com/sports/womens-basketball/roster/danielle-holt/4109
Danielle Holt,2019-20,Free Throws Made,5,01/25/20,York (Neb.),https://macbulldogs.com/sports/womens-basketball/roster/danielle-holt/4109
Danielle Holt,2019-20,Free Throw Attempts,8,01/25/20,York (Neb.),https://macbulldogs.com/sports/womens-basketball/roster/danielle-holt/4109
Danielle Holt,2019-20,Rebounds,16,11/06/19,vs Central Christian (Kan.),https://macbulldogs.com/sports/womens-basketball/roster/danielle-holt/4109
Danielle Holt,2019-20,Assists,4,02/22/20,Ottawa (Kan.),https://macbulldogs.com/sports/womens-basketball/roster/danielle-holt/4109
Danielle Holt,2019-20,Blocks,1,02/01/20,at Sterling (Kan.),https://macbulldogs.com/sports/womens-basketball/roster/danielle-holt/4109
Danielle Holt,2019-20,Steals,5,01/25/20,York (Neb.),https://macbulldogs.com/sports/womens-basketball/roster/danielle-holt/4109
Danielle Holt,2016-17,Points,24,02/04/17,at Friends (Kan.),https://macbulldogs.com/sports/womens-basketball/roster/danielle-holt/5482
Danielle Holt,2016-17,Minutes,38,02/02/17,Tabor (Kan.),https://macbulldogs.com/sports/womens-basketball/roster/danielle-holt/5482
Danielle Holt,2016-17,Field Goals Made,10,02/04/17,at Friends (Kan.),https://macbulldogs.com/sports/womens-basketball/roster/danielle-holt/5482
Danielle Holt,2016-17,Field Goal Attempts,12,02/18/17,Southwestern (Kan.),https://macbulldogs.com/sports/womens-basketball/roster/danielle-holt/5482
Danielle Holt,2016-17,3-Point Field Goals Made,0,02/18/17,Southwestern (Kan.),https://macbulldogs.com/sports/womens-basketball/roster/danielle-holt/5482
Danielle Holt,2016-17,3-Point Field Goal Attempts,1,02/18/17,Southwestern (Kan.),https://macbulldogs.com/sports/womens-basketball/roster/danielle-holt/5482
Danielle Holt,2016-17,Free Throws Made,4,02/04/17,at Friends (Kan.),https://macbulldogs.com/sports/womens-basketball/roster/danielle-holt/5482
Danielle Holt,2016-17,Free Throw Attempts,7,01/25/17,Bethel (Kan.),https://macbulldogs.com/sports/womens-basketball/roster/danielle-holt/5482
Danielle Holt,2016-17,Rebounds,15,11/09/16,at Central Christian (Kan.),https://macbulldogs.com/sports/womens-basketball/roster/danielle-holt/5482
Danielle Holt,2016-17,Assists,3,11/05/16,Bacone (Okla.),https://macbulldogs.com/sports/womens-basketball/roster/danielle-holt/5482
Danielle Holt,2016-17,Blocks,2,12/08/16,at Tabor (Kan.),https://macbulldogs.com/sports/womens-basketball/roster/danielle-holt/5482
Danielle Holt,2016-17,Steals,3,01/16/17,at Bethany (Kan.),https://macbulldogs.com/sports/womens-basketball/roster/danielle-holt/5482
Danielle Holt,2017-18,Points,18,11/11/17,at Bacone (Okla.),https://macbulldogs.com/sports/womens-basketball/roster/danielle-holt/5482
Danielle Holt,2017-18,Minutes,34,11/11/17,at Bacone (Okla.),https://macbulldogs.com/sports/womens-basketball/roster/danielle-holt/5482
Danielle Holt,2017-18,Field Goals Made,6,02/17/18,at Bethel (Kan.),https://macbulldogs.com/sports/womens-basketball/roster/danielle-holt/5482
Danielle Holt,2017-18,Field Goal Attempts,18,11/11/17,at Bacone (Okla.),https://macbulldogs.com/sports/womens-basketball/roster/danielle-holt/5482
Danielle Holt,2017-18,3-Point Field Goals Made,2,12/30/17,vs Doane (Neb.),https://macbulldogs.com/sports/womens-basketball/roster/danielle-holt/5482
Danielle Holt,2017-18,3-Point Field Goal Attempts,3,01/17/18,Bethany (Kan.),https://macbulldogs.com/sports/womens-basketball/roster/danielle-holt/5482
Danielle Holt,2017-18,Free Throws Made,8,11/11/17,at Bacone (Okla.),https://macbulldogs.com/sports/womens-basketball/roster/danielle-holt/5482
Danielle Holt,2017-18,Free Throw Attempts,10,11/11/17,at Bacone (Okla.),https://macbulldogs.com/sports/womens-basketball/roster/danielle-holt/5482
Danielle Holt,2017-18,Rebounds,11,02/21/18,at Friends (Kan.),https://macbulldogs.com/sports/womens-basketball/roster/danielle-holt/5482
Danielle Holt,2017-18,Assists,5,02/21/18,at Friends (Kan.),https://macbulldogs.com/sports/womens-basketball/roster/danielle-holt/5482
Danielle Holt,2017-18,Blocks,2,01/06/18,Bethel (Kan.),https://macbulldogs.com/sports/womens-basketball/roster/danielle-holt/5482
Danielle Holt,2017-18,Steals,5,12/12/17,York (Neb.),https://macbulldogs.com/sports/womens-basketball/roster/danielle-holt/5482
Danielle Holt,2018-19,Points,3,10/30/18,McPherson,https://macbulldogs.com/sports/womens-basketball/roster/danielle-holt/5482
Danielle Holt,2018-19,Minutes,23,10/30/18,McPherson,https://macbulldogs.com/sports/womens-basketball/roster/danielle-holt/5482
Danielle Holt,2018-19,Field Goals Made,1,10/30/18,McPherson,https://macbulldogs.com/sports/womens-basketball/roster/danielle-holt/5482
Danielle Holt,2018-19,Field Goal Attempts,1,10/30/18,McPherson,https://macbulldogs.com/sports/womens-basketball/roster/danielle-holt/5482
Danielle Holt,2018-19,3-Point Field Goals Made,0,10/30/18,McPherson,https://macbulldogs.com/sports/womens-basketball/roster/danielle-holt/5482
Danielle Holt,2018-19,3-Point Field Goal Attempts,0,10/30/18,McPherson,https://macbulldogs.com/sports/womens-basketball/roster/danielle-holt/5482
Danielle Holt,2018-19,Free Throws Made,1,10/30/18,McPherson,https://macbulldogs.com/sports/womens-basketball/roster/danielle-holt/5482
Danielle Holt,2018-19,Free Throw Attempts,1,10/30/18,McPherson,https://macbulldogs.com/sports/womens-basketball/roster/danielle-holt/5482
Danielle Holt,2018-19,Rebounds,2,10/30/18,McPherson,https://macbulldogs.com/sports/womens-basketball/roster/danielle-holt/5482
Danielle Holt,2018-19,Assists,1,10/30/18,McPherson,https://macbulldogs.com/sports/womens-basketball/roster/danielle-holt/5482
Danielle Holt,2018-19,Blocks,0,10/30/18,McPherson,https://macbulldogs.com/sports/womens-basketball/roster/danielle-holt/5482
Danielle Holt,2018-19,Steals,0,10/30/18,McPherson,https://macbulldogs.com/sports/womens-basketball/roster/danielle-holt/5482
Danielle Holt,2019-20,Points,11,01/25/20,York (Neb.),https://macbulldogs.com/sports/womens-basketball/roster/danielle-holt/5482
Danielle Holt,2019-20,Minutes,35,11/20/19,at Friends,https://macbulldogs.com/sports/womens-basketball/roster/danielle-holt/5482
Danielle Holt,2019-20,Field Goals Made,5,01/08/20,at Avila (Mo.),https://macbulldogs.com/sports/womens-basketball/roster/danielle-holt/5482
Danielle Holt,2019-20,Field Goal Attempts,10,01/08/20,at Avila (Mo.),https://macbulldogs.com/sports/womens-basketball/roster/danielle-holt/5482
Danielle Holt,2019-20,3-Point Field Goals Made,1,01/29/20,St. Mary (Kan.),https://macbulldogs.com/sports/womens-basketball/roster/danielle-holt/5482
Danielle Holt,2019-20,3-Point Field Goal Attempts,1,01/29/20,St. Mary (Kan.),https://macbulldogs.com/sports/womens-basketball/roster/danielle-holt/5482
Danielle Holt,2019-20,Free Throws Made,5,01/25/20,York (Neb.),https://macbulldogs.com/sports/womens-basketball/roster/danielle-holt/5482
Danielle Holt,2019-20,Free Throw Attempts,8,01/25/20,York (Neb.),https://macbulldogs.com/sports/womens-basketball/roster/danielle-holt/5482
Danielle Holt,2019-20,Rebounds,16,11/06/19,vs Central Christian (Kan.),https://macbulldogs.com/sports/womens-basketball/roster/danielle-holt/5482
Danielle Holt,2019-20,Assists,4,02/22/20,Ottawa (Kan.),https://macbulldogs.com/sports/womens-basketball/roster/danielle-holt/5482
Danielle Holt,2019-20,Blocks,1,02/01/20,at Sterling (Kan.),https://macbulldogs.com/sports/womens-basketball/roster/danielle-holt/5482
Danielle Holt,2019-20,Steals,5,01/25/20,York (Neb.),https://macbulldogs.com/sports/womens-basketball/roster/danielle-holt/5482
Dy'mond McElrath,2020-21,Points,14,12/19/20,at Oklahoma Wesleyan,https://macbulldogs.com/sports/womens-basketball/roster/dy-mond-mcelrath/8008
Dy'mond McElrath,2020-21,Minutes,33,11/13/20,at Kansas Wesleyan,https://macbulldogs.com/sports/womens-basketball/roster/dy-mond-mcelrath/8008
Dy'mond McElrath,2020-21,Field Goals Made,6,12/16/20,at Bethany (Kan.),https://macbulldogs.com/sports/womens-basketball/roster/dy-mond-mcelrath/8008
Dy'mond McElrath,2020-21,Field Goal Attempts,12,12/19/20,at Oklahoma Wesleyan,https://macbulldogs.com/sports/womens-basketball/roster/dy-mond-mcelrath/8008
Dy'mond McElrath,2020-21,3-Point Field Goals Made,2,01/11/21,at Bethel (Kan.),https://macbulldogs.com/sports/womens-basketball/roster/dy-mond-mcelrath/8008
Dy'mond McElrath,2020-21,3-Point Field Goal Attempts,5,01/09/21,Sterling (Kan.),https://macbulldogs.com/sports/womens-basketball/roster/dy-mond-mcelrath/8008
Dy'mond McElrath,2020-21,Free Throws Made,5,12/19/20,at Oklahoma Wesleyan,https://macbulldogs.com/sports/womens-basketball/roster/dy-mond-mcelrath/8008
Dy'mond McElrath,2020-21,Free Throw Attempts,6,12/19/20,at Oklahoma Wesleyan,https://macbulldogs.com/sports/womens-basketball/roster/dy-mond-mcelrath/8008
Dy'mond McElrath,2020-21,Rebounds,8,11/10/20,Oklahoma Wesleyan,https://macbulldogs.com/sports/womens-basketball/roster/dy-mond-mcelrath/8008
Dy'mond McElrath,2020-21,Assists,6,01/11/21,at Bethel (Kan.),https://macbulldogs.com/sports/womens-basketball/roster/dy-mond-mcelrath/8008
Dy'mond McElrath,2020-21,Blocks,1,01/09/21,Sterling (Kan.),https://macbulldogs.com/sports/womens-basketball/roster/dy-mond-mcelrath/8008
Dy'mond McElrath,2020-21,Steals,5,11/24/20,at Randall,https://macbulldogs.com/sports/womens-basketball/roster/dy-mond-mcelrath/8008
Dy'mond McElrath,2021-22,Points,17,12/17/21,vs Williams Baptist,https://macbulldogs.com/sports/womens-basketball/roster/dy-mond-mcelrath/8008
Dy'mond McElrath,2021-22,Minutes,44,01/05/22,at Southwestern,https://macbulldogs.com/sports/womens-basketball/roster/dy-mond-mcelrath/8008
Dy'mond McElrath,2021-22,Field Goals Made,7,12/17/21,vs Williams Baptist,https://macbulldogs.com/sports/womens-basketball/roster/dy-mond-mcelrath/8008
Dy'mond McElrath,2021-22,Field Goal Attempts,14,01/05/22,at Southwestern,https://macbulldogs.com/sports/womens-basketball/roster/dy-mond-mcelrath/8008
Dy'mond McElrath,2021-22,3-Point Field Goals Made,2,02/23/22,at Sterling,https://macbulldogs.com/sports/womens-basketball/roster/dy-mond-mcelrath/8008
Dy'mond McElrath,2021-22,3-Point Field Goal Attempts,7,02/23/22,at Sterling,https://macbulldogs.com/sports/womens-basketball/roster/dy-mond-mcelrath/8008
Dy'mond McElrath,2021-22,Free Throws Made,8,01/22/22,Bethany,https://macbulldogs.com/sports/womens-basketball/roster/dy-mond-mcelrath/8008
Dy'mond McElrath,2021-22,Free Throw Attempts,12,12/13/21,Ottawa,https://macbulldogs.com/sports/womens-basketball/roster/dy-mond-mcelrath/8008
Dy'mond McElrath,2021-22,Rebounds,7,12/04/21,York College,https://macbulldogs.com/sports/womens-basketball/roster/dy-mond-mcelrath/8008
Dy'mond McElrath,2021-22,Assists,10,01/08/22,Sterling College,https://macbulldogs.com/sports/womens-basketball/roster/dy-mond-mcelrath/8008
Dy'mond McElrath,2021-22,Blocks,1,02/16/22,at Sterling,https://macbulldogs.com/sports/womens-basketball/roster/dy-mond-mcelrath/8008
Dy'mond McElrath,2021-22,Steals,6,11/20/21,at Kansas Wesleyan,https://macbulldogs.com/sports/womens-basketball/roster/dy-mond-mcelrath/8008
Dy'mond McElrath,2022-23,Points,13,11/12/22,vs NNM,https://macbulldogs.com/sports/womens-basketball/roster/dy-mond-mcelrath/8008
Dy'mond McElrath,2022-23,Minutes,36,11/12/22,Haskell,https://macbulldogs.com/sports/womens-basketball/roster/dy-mond-mcelrath/8008
Dy'mond McElrath,2022-23,Field Goals Made,5,11/12/22,Haskell,https://macbulldogs.com/sports/womens-basketball/roster/dy-mond-mcelrath/8008
Dy'mond McElrath,2022-23,Field Goal Attempts,15,11/12/22,Haskell,https://macbulldogs.com/sports/womens-basketball/roster/dy-mond-mcelrath/8008
Dy'mond McElrath,2022-23,3-Point Field Goals Made,2,11/12/22,vs NNM,https://macbulldogs.com/sports/womens-basketball/roster/dy-mond-mcelrath/8008
Dy'mond McElrath,2022-23,3-Point Field Goal Attempts,3,11/12/22,vs NNM,https://macbulldogs.com/sports/womens-basketball/roster/dy-mond-mcelrath/8008
Dy'mond McElrath,2022-23,Free Throws Made,1,11/12/22,Haskell,https://macbulldogs.com/sports/womens-basketball/roster/dy-mond-mcelrath/8008
Dy'mond McElrath,2022-23,Free Throw Attempts,2,11/12/22,Haskell,https://macbulldogs.com/sports/womens-basketball/roster/dy-mond-mcelrath/8008
Dy'mond McElrath,2022-23,Rebounds,6,11/12/22,vs NNM,https://macbulldogs.com/sports/womens-basketball/roster/dy-mond-mcelrath/8008
Dy'mond McElrath,2022-23,Assists,3,11/12/22,vs NNM,https://macbulldogs.com/sports/womens-basketball/roster/dy-mond-mcelrath/8008
Dy'mond McElrath,2022-23,Blocks,0,11/12/22,Haskell,https://macbulldogs.com/sports/womens-basketball/roster/dy-mond-mcelrath/8008
Dy'mond McElrath,2022-23,Steals,5,11/12/22,Haskell,https://macbulldogs.com/sports/womens-basketball/roster/dy-mond-mcelrath/8008
Dy'mond McElrath,2020-21,Points,14,12/19/20,at Oklahoma Wesleyan,https://macbulldogs.com/sports/womens-basketball/roster/dy-mond-mcelrath/8723
Dy'mond McElrath,2020-21,Minutes,33,11/13/20,at Kansas Wesleyan,https://macbulldogs.com/sports/womens-basketball/roster/dy-mond-mcelrath/8723
Dy'mond McElrath,2020-21,Field Goals Made,6,12/16/20,at Bethany (Kan.),https://macbulldogs.com/sports/womens-basketball/roster/dy-mond-mcelrath/8723
Dy'mond McElrath,2020-21,Field Goal Attempts,12,12/19/20,at Oklahoma Wesleyan,https://macbulldogs.com/sports/womens-basketball/roster/dy-mond-mcelrath/8723
Dy'mond McElrath,2020-21,3-Point Field Goals Made,2,01/11/21,at Bethel (Kan.),https://macbulldogs.com/sports/womens-basketball/roster/dy-mond-mcelrath/8723
Dy'mond McElrath,2020-21,3-Point Field Goal Attempts,5,01/09/21,Sterling (Kan.),https://macbulldogs.com/sports/womens-basketball/roster/dy-mond-mcelrath/8723
Dy'mond McElrath,2020-21,Free Throws Made,5,12/19/20,at Oklahoma Wesleyan,https://macbulldogs.com/sports/womens-basketball/roster/dy-mond-mcelrath/8723
Dy'mond McElrath,2020-21,Free Throw Attempts,6,12/19/20,at Oklahoma Wesleyan,https://macbulldogs.com/sports/womens-basketball/roster/dy-mond-mcelrath/8723
Dy'mond McElrath,2020-21,Rebounds,8,11/10/20,Oklahoma Wesleyan,https://macbulldogs.com/sports/womens-basketball/roster/dy-mond-mcelrath/8723
Dy'mond McElrath,2020-21,Assists,6,01/11/21,at Bethel (Kan.),https://macbulldogs.com/sports/womens-basketball/roster/dy-mond-mcelrath/8723
Dy'mond McElrath,2020-21,Blocks,1,01/09/21,Sterling (Kan.),https://macbulldogs.com/sports/womens-basketball/roster/dy-mond-mcelrath/8723
Dy'mond McElrath,2020-21,Steals,5,11/24/20,at Randall,https://macbulldogs.com/sports/womens-basketball/roster/dy-mond-mcelrath/8723
Dy'mond McElrath,2021-22,Points,17,12/17/21,vs Williams Baptist,https://macbulldogs.com/sports/womens-basketball/roster/dy-mond-mcelrath/8723
Dy'mond McElrath,2021-22,Minutes,44,01/05/22,at Southwestern,https://macbulldogs.com/sports/womens-basketball/roster/dy-mond-mcelrath/8723
Dy'mond McElrath,2021-22,Field Goals Made,7,12/17/21,vs Williams Baptist,https://macbulldogs.com/sports/womens-basketball/roster/dy-mond-mcelrath/8723
Dy'mond McElrath,2021-22,Field Goal Attempts,14,01/05/22,at Southwestern,https://macbulldogs.com/sports/womens-basketball/roster/dy-mond-mcelrath/8723
Dy'mond McElrath,2021-22,3-Point Field Goals Made,2,02/23/22,at Sterling,https://macbulldogs.com/sports/womens-basketball/roster/dy-mond-mcelrath/8723
Dy'mond McElrath,2021-22,3-Point Field Goal Attempts,7,02/23/22,at Sterling,https://macbulldogs.com/sports/womens-basketball/roster/dy-mond-mcelrath/8723
Dy'mond McElrath,2021-22,Free Throws Made,8,01/22/22,Bethany,https://macbulldogs.com/sports/womens-basketball/roster/dy-mond-mcelrath/8723
Dy'mond McElrath,2021-22,Free Throw Attempts,12,12/13/21,Ottawa,https://macbulldogs.com/sports/womens-basketball/roster/dy-mond-mcelrath/8723
Dy'mond McElrath,2021-22,Rebounds,7,12/04/21,York College,https://macbulldogs.com/sports/womens-basketball/roster/dy-mond-mcelrath/8723
Dy'mond McElrath,2021-22,Assists,10,01/08/22,Sterling College,https://macbulldogs.com/sports/womens-basketball/roster/dy-mond-mcelrath/8723
Dy'mond McElrath,2021-22,Blocks,1,02/16/22,at Sterling,https://macbulldogs.com/sports/womens-basketball/roster/dy-mond-mcelrath/8723
Dy'mond McElrath,2021-22,Steals,6,11/20/21,at Kansas Wesleyan,https://macbulldogs.com/sports/womens-basketball/roster/dy-mond-mcelrath/8723
Dy'mond McElrath,2022-23,Points,13,11/12/22,vs NNM,https://macbulldogs.com/sports/womens-basketball/roster/dy-mond-mcelrath/8723
Dy'mond McElrath,2022-23,Minutes,36,11/12/22,Haskell,https://macbulldogs.com/sports/womens-basketball/roster/dy-mond-mcelrath/8723
Dy'mond McElrath,2022-23,Field Goals Made,5,11/12/22,Haskell,https://macbulldogs.com/sports/womens-basketball/roster/dy-mond-mcelrath/8723
Dy'mond McElrath,2022-23,Field Goal Attempts,15,11/12/22,Haskell,https://macbulldogs.com/sports/womens-basketball/roster/dy-mond-mcelrath/8723
Dy'mond McElrath,2022-23,3-Point Field Goals Made,2,11/12/22,vs NNM,https://macbulldogs.com/sports/womens-basketball/roster/dy-mond-mcelrath/8723
Dy'mond McElrath,2022-23,3-Point Field Goal Attempts,3,11/12/22,vs NNM,https://macbulldogs.com/sports/womens-basketball/roster/dy-mond-mcelrath/8723
Dy'mond McElrath,2022-23,Free Throws Made,1,11/12/22,Haskell,https://macbulldogs.com/sports/womens-basketball/roster/dy-mond-mcelrath/8723
Dy'mond McElrath,2022-23,Free Throw Attempts,2,11/12/22,Haskell,https://macbulldogs.com/sports/womens-basketball/roster/dy-mond-mcelrath/8723
Dy'mond McElrath,2022-23,Rebounds,6,11/12/22,vs NNM,https://macbulldogs.com/sports/womens-basketball/roster/dy-mond-mcelrath/8723
Dy'mond McElrath,2022-23,Assists,3,11/12/22,vs NNM,https://macbulldogs.com/sports/womens-basketball/roster/dy-mond-mcelrath/8723
Dy'mond McElrath,2022-23,Blocks,0,11/12/22,Haskell,https://macbulldogs.com/sports/womens-basketball/roster/dy-mond-mcelrath/8723
Dy'mond McElrath,2022-23,Steals,5,11/12/22,Haskell,https://macbulldogs.com/sports/womens-basketball/roster/dy-mond-mcelrath/8723
Elice Frey,2010-11,Points,0,11/12/10,vs McPherson College,https://macbulldogs.com/sports/womens-basketball/roster/elice-frey/896
Elice Frey,2010-11,Minutes,8,11/12/10,vs McPherson College,https://macbulldogs.com/sports/womens-basketball/roster/elice-frey/896
Elice Frey,2010-11,Field Goals Made,0,11/12/10,vs McPherson College,https://macbulldogs.com/sports/womens-basketball/roster/elice-frey/896
Elice Frey,2010-11,Field Goal Attempts,1,11/12/10,vs McPherson College,https://macbulldogs.com/sports/womens-basketball/roster/elice-frey/896
Elice Frey,2010-11,3-Point Field Goals Made,0,11/12/10,vs McPherson College,https://macbulldogs.com/sports/womens-basketball/roster/elice-frey/896
Elice Frey,2010-11,3-Point Field Goal Attempts,0,11/12/10,vs McPherson College,https://macbulldogs.com/sports/womens-basketball/roster/elice-frey/896
Elice Frey,2010-11,Free Throws Made,0,11/12/10,vs McPherson College,https://macbulldogs.com/sports/womens-basketball/roster/elice-frey/896
Elice Frey,2010-11,Free Throw Attempts,0,11/12/10,vs McPherson College,https://macbulldogs.com/sports/womens-basketball/roster/elice-frey/896
Elice Frey,2010-11,Rebounds,3,11/12/10,vs McPherson College,https://macbulldogs.com/sports/womens-basketball/roster/elice-frey/896
Elice Frey,2010-11,Assists,0,11/12/10,vs McPherson College,https://macbulldogs.com/sports/womens-basketball/roster/elice-frey/896
Elice Frey,2010-11,Blocks,0,11/12/10,vs McPherson College,https://macbulldogs.com/sports/womens-basketball/roster/elice-frey/896
Elice Frey,2010-11,Steals,0,11/12/10,vs McPherson College,https://macbulldogs.com/sports/womens-basketball/roster/elice-frey/896
Elice Frey,2011-12,Points,19,01/26/12,Tabor (Kan.),https://macbulldogs.com/sports/womens-basketball/roster/elice-frey/896
Elice Frey,2011-12,Minutes,33,01/07/12,at Friends (Kan.),https://macbulldogs.com/sports/womens-basketball/roster/elice-frey/896
Elice Frey,2011-12,Field Goals Made,9,11/05/11,at Johnson & Wales (Colo.),https://macbulldogs.com/sports/womens-basketball/roster/elice-frey/896
Elice Frey,2011-12,Field Goal Attempts,14,12/03/11,at Tabor (Kan.),https://macbulldogs.com/sports/womens-basketball/roster/elice-frey/896
Elice Frey,2011-12,3-Point Field Goals Made,0,02/22/12,at Kansas Wesleyan,https://macbulldogs.com/sports/womens-basketball/roster/elice-frey/896
Elice Frey,2011-12,3-Point Field Goal Attempts,1,11/04/11,vs Arizona Christian,https://macbulldogs.com/sports/womens-basketball/roster/elice-frey/896
Elice Frey,2011-12,Free Throws Made,9,01/26/12,Tabor (Kan.),https://macbulldogs.com/sports/womens-basketball/roster/elice-frey/896
Elice Frey,2011-12,Free Throw Attempts,10,01/26/12,Tabor (Kan.),https://macbulldogs.com/sports/womens-basketball/roster/elice-frey/896
Elice Frey,2011-12,Rebounds,12,11/22/11,at Oklahoma Wesleyan,https://macbulldogs.com/sports/womens-basketball/roster/elice-frey/896
Elice Frey,2011-12,Assists,2,02/04/12,Southwestern (Kan.),https://macbulldogs.com/sports/womens-basketball/roster/elice-frey/896
Elice Frey,2011-12,Blocks,6,02/04/12,Southwestern (Kan.),https://macbulldogs.com/sports/womens-basketball/roster/elice-frey/896
Elice Frey,2011-12,Steals,4,01/26/12,Tabor (Kan.),https://macbulldogs.com/sports/womens-basketball/roster/elice-frey/896
Elle Gillen,2017-18,Points,8,11/08/17,Central Christian (Kan.),https://macbulldogs.com/sports/womens-basketball/roster/elle-gillen/3142
Elle Gillen,2017-18,Minutes,12,11/08/17,Central Christian (Kan.),https://macbulldogs.com/sports/womens-basketball/roster/elle-gillen/3142
Elle Gillen,2017-18,Field Goals Made,2,11/08/17,Central Christian (Kan.),https://macbulldogs.com/sports/womens-basketball/roster/elle-gillen/3142
Elle Gillen,2017-18,Field Goal Attempts,3,11/08/17,Central Christian (Kan.),https://macbulldogs.com/sports/womens-basketball/roster/elle-gillen/3142
Elle Gillen,2017-18,3-Point Field Goals Made,2,11/08/17,Central Christian (Kan.),https://macbulldogs.com/sports/womens-basketball/roster/elle-gillen/3142
Elle Gillen,2017-18,3-Point Field Goal Attempts,3,11/08/17,Central Christian (Kan.),https://macbulldogs.com/sports/womens-basketball/roster/elle-gillen/3142
Elle Gillen,2017-18,Free Throws Made,2,11/08/17,Central Christian (Kan.),https://macbulldogs.com/sports/womens-basketball/roster/elle-gillen/3142
Elle Gillen,2017-18,Free Throw Attempts,2,01/10/18,at Saint Mary (Kan.),https://macbulldogs.com/sports/womens-basketball/roster/elle-gillen/3142
Elle Gillen,2017-18,Rebounds,3,11/08/17,Central Christian (Kan.),https://macbulldogs.com/sports/womens-basketball/roster/elle-gillen/3142
Elle Gillen,2017-18,Assists,1,01/24/18,at Southwestern (Kan.),https://macbulldogs.com/sports/womens-basketball/roster/elle-gillen/3142
Elle Gillen,2017-18,Blocks,0,02/03/18,at Ottawa (Kan.),https://macbulldogs.com/sports/womens-basketball/roster/elle-gillen/3142
Elle Gillen,2017-18,Steals,1,10/30/17,Randall University,https://macbulldogs.com/sports/womens-basketball/roster/elle-gillen/3142
Elle Gillen,2018-19,Points,21,01/26/19,at York (Neb.),https://macbulldogs.com/sports/womens-basketball/roster/elle-gillen/3142
Elle Gillen,2018-19,Minutes,29,01/19/19,Kansas Wesleyan,https://macbulldogs.com/sports/womens-basketball/roster/elle-gillen/3142
Elle Gillen,2018-19,Field Goals Made,6,01/26/19,at York (Neb.),https://macbulldogs.com/sports/womens-basketball/roster/elle-gillen/3142
Elle Gillen,2018-19,Field Goal Attempts,18,01/19/19,Kansas Wesleyan,https://macbulldogs.com/sports/womens-basketball/roster/elle-gillen/3142
Elle Gillen,2018-19,3-Point Field Goals Made,6,01/26/19,at York (Neb.),https://macbulldogs.com/sports/womens-basketball/roster/elle-gillen/3142
Elle Gillen,2018-19,3-Point Field Goal Attempts,14,01/19/19,Kansas Wesleyan,https://macbulldogs.com/sports/womens-basketball/roster/elle-gillen/3142
Elle Gillen,2018-19,Free Throws Made,4,01/30/19,Friends,https://macbulldogs.com/sports/womens-basketball/roster/elle-gillen/3142
Elle Gillen,2018-19,Free Throw Attempts,6,01/30/19,Friends,https://macbulldogs.com/sports/womens-basketball/roster/elle-gillen/3142
Elle Gillen,2018-19,Rebounds,6,01/19/19,Kansas Wesleyan,https://macbulldogs.com/sports/womens-basketball/roster/elle-gillen/3142
Elle Gillen,2018-19,Assists,3,01/24/19,at Southwestern,https://macbulldogs.com/sports/womens-basketball/roster/elle-gillen/3142
Elle Gillen,2018-19,Blocks,1,01/24/19,at Southwestern,https://macbulldogs.com/sports/womens-basketball/roster/elle-gillen/3142
Elle Gillen,2018-19,Steals,2,02/09/19,Ottawa (Kan.),https://macbulldogs.com/sports/womens-basketball/roster/elle-gillen/3142
Elle Gillen,2019-20,Points,13,11/16/19,Tabor (Kan.),https://macbulldogs.com/sports/womens-basketball/roster/elle-gillen/3142
Elle Gillen,2019-20,Minutes,35,11/16/19,Tabor (Kan.),https://macbulldogs.com/sports/womens-basketball/roster/elle-gillen/3142
Elle Gillen,2019-20,Field Goals Made,4,02/22/20,Ottawa (Kan.),https://macbulldogs.com/sports/womens-basketball/roster/elle-gillen/3142
Elle Gillen,2019-20,Field Goal Attempts,10,02/19/20,Avila (Mo.),https://macbulldogs.com/sports/womens-basketball/roster/elle-gillen/3142
Elle Gillen,2019-20,3-Point Field Goals Made,4,02/22/20,Ottawa (Kan.),https://macbulldogs.com/sports/womens-basketball/roster/elle-gillen/3142
Elle Gillen,2019-20,3-Point Field Goal Attempts,10,02/19/20,Avila (Mo.),https://macbulldogs.com/sports/womens-basketball/roster/elle-gillen/3142
Elle Gillen,2019-20,Free Throws Made,8,11/16/19,Tabor (Kan.),https://macbulldogs.com/sports/womens-basketball/roster/elle-gillen/3142
Elle Gillen,2019-20,Free Throw Attempts,9,11/16/19,Tabor (Kan.),https://macbulldogs.com/sports/womens-basketball/roster/elle-gillen/3142
Elle Gillen,2019-20,Rebounds,6,11/16/19,Tabor (Kan.),https://macbulldogs.com/sports/womens-basketball/roster/elle-gillen/3142
Elle Gillen,2019-20,Assists,7,02/22/20,Ottawa (Kan.),https://macbulldogs.com/sports/womens-basketball/roster/elle-gillen/3142
Elle Gillen,2019-20,Blocks,2,01/29/20,St. Mary (Kan.),https://macbulldogs.com/sports/womens-basketball/roster/elle-gillen/3142
Elle Gillen,2019-20,Steals,3,11/13/19,at Bethany (Kan.),https://macbulldogs.com/sports/womens-basketball/roster/elle-gillen/3142
Elle Gillen,2017-18,Points,8,11/08/17,Central Christian (Kan.),https://macbulldogs.com/sports/womens-basketball/roster/elle-gillen/4107
Elle Gillen,2017-18,Minutes,12,11/08/17,Central Christian (Kan.),https://macbulldogs.com/sports/womens-basketball/roster/elle-gillen/4107
Elle Gillen,2017-18,Field Goals Made,2,11/08/17,Central Christian (Kan.),https://macbulldogs.com/sports/womens-basketball/roster/elle-gillen/4107
Elle Gillen,2017-18,Field Goal Attempts,3,11/08/17,Central Christian (Kan.),https://macbulldogs.com/sports/womens-basketball/roster/elle-gillen/4107
Elle Gillen,2017-18,3-Point Field Goals Made,2,11/08/17,Central Christian (Kan.),https://macbulldogs.com/sports/womens-basketball/roster/elle-gillen/4107
Elle Gillen,2017-18,3-Point Field Goal Attempts,3,11/08/17,Central Christian (Kan.),https://macbulldogs.com/sports/womens-basketball/roster/elle-gillen/4107
Elle Gillen,2017-18,Free Throws Made,2,11/08/17,Central Christian (Kan.),https://macbulldogs.com/sports/womens-basketball/roster/elle-gillen/4107
Elle Gillen,2017-18,Free Throw Attempts,2,01/10/18,at Saint Mary (Kan.),https://macbulldogs.com/sports/womens-basketball/roster/elle-gillen/4107
Elle Gillen,2017-18,Rebounds,3,11/08/17,Central Christian (Kan.),https://macbulldogs.com/sports/womens-basketball/roster/elle-gillen/4107
Elle Gillen,2017-18,Assists,1,01/24/18,at Southwestern (Kan.),https://macbulldogs.com/sports/womens-basketball/roster/elle-gillen/4107
Elle Gillen,2017-18,Blocks,0,02/03/18,at Ottawa (Kan.),https://macbulldogs.com/sports/womens-basketball/roster/elle-gillen/4107
Elle Gillen,2017-18,Steals,1,10/30/17,Randall University,https://macbulldogs.com/sports/womens-basketball/roster/elle-gillen/4107
Elle Gillen,2018-19,Points,21,01/26/19,at York (Neb.),https://macbulldogs.com/sports/womens-basketball/roster/elle-gillen/4107
Elle Gillen,2018-19,Minutes,29,01/19/19,Kansas Wesleyan,https://macbulldogs.com/sports/womens-basketball/roster/elle-gillen/4107
Elle Gillen,2018-19,Field Goals Made,6,01/26/19,at York (Neb.),https://macbulldogs.com/sports/womens-basketball/roster/elle-gillen/4107
Elle Gillen,2018-19,Field Goal Attempts,18,01/19/19,Kansas Wesleyan,https://macbulldogs.com/sports/womens-basketball/roster/elle-gillen/4107
Elle Gillen,2018-19,3-Point Field Goals Made,6,01/26/19,at York (Neb.),https://macbulldogs.com/sports/womens-basketball/roster/elle-gillen/4107
Elle Gillen,2018-19,3-Point Field Goal Attempts,14,01/19/19,Kansas Wesleyan,https://macbulldogs.com/sports/womens-basketball/roster/elle-gillen/4107
Elle Gillen,2018-19,Free Throws Made,4,01/30/19,Friends,https://macbulldogs.com/sports/womens-basketball/roster/elle-gillen/4107
Elle Gillen,2018-19,Free Throw Attempts,6,01/30/19,Friends,https://macbulldogs.com/sports/womens-basketball/roster/elle-gillen/4107
Elle Gillen,2018-19,Rebounds,6,01/19/19,Kansas Wesleyan,https://macbulldogs.com/sports/womens-basketball/roster/elle-gillen/4107
Elle Gillen,2018-19,Assists,3,01/24/19,at Southwestern,https://macbulldogs.com/sports/womens-basketball/roster/elle-gillen/4107
Elle Gillen,2018-19,Blocks,1,01/24/19,at Southwestern,https://macbulldogs.com/sports/womens-basketball/roster/elle-gillen/4107
Elle Gillen,2018-19,Steals,2,02/09/19,Ottawa (Kan.),https://macbulldogs.com/sports/womens-basketball/roster/elle-gillen/4107
Elle Gillen,2019-20,Points,13,11/16/19,Tabor (Kan.),https://macbulldogs.com/sports/womens-basketball/roster/elle-gillen/4107
Elle Gillen,2019-20,Minutes,35,11/16/19,Tabor (Kan.),https://macbulldogs.com/sports/womens-basketball/roster/elle-gillen/4107
Elle Gillen,2019-20,Field Goals Made,4,02/22/20,Ottawa (Kan.),https://macbulldogs.com/sports/womens-basketball/roster/elle-gillen/4107
Elle Gillen,2019-20,Field Goal Attempts,10,02/19/20,Avila (Mo.),https://macbulldogs.com/sports/womens-basketball/roster/elle-gillen/4107
Elle Gillen,2019-20,3-Point Field Goals Made,4,02/22/20,Ottawa (Kan.),https://macbulldogs.com/sports/womens-basketball/roster/elle-gillen/4107
Elle Gillen,2019-20,3-Point Field Goal Attempts,10,02/19/20,Avila (Mo.),https://macbulldogs.com/sports/womens-basketball/roster/elle-gillen/4107
Elle Gillen,2019-20,Free Throws Made,8,11/16/19,Tabor (Kan.),https://macbulldogs.com/sports/womens-basketball/roster/elle-gillen/4107
Elle Gillen,2019-20,Free Throw Attempts,9,11/16/19,Tabor (Kan.),https://macbulldogs.com/sports/womens-basketball/roster/elle-gillen/4107
Elle Gillen,2019-20,Rebounds,6,11/16/19,Tabor (Kan.),https://macbulldogs.com/sports/womens-basketball/roster/elle-gillen/4107
Elle Gillen,2019-20,Assists,7,02/22/20,Ottawa (Kan.),https://macbulldogs.com/sports/womens-basketball/roster/elle-gillen/4107
Elle Gillen,2019-20,Blocks,2,01/29/20,St. Mary (Kan.),https://macbulldogs.com/sports/womens-basketball/roster/elle-gillen/4107
Elle Gillen,2019-20,Steals,3,11/13/19,at Bethany (Kan.),https://macbulldogs.com/sports/womens-basketball/roster/elle-gillen/4107
Elle Gillen,2017-18,Points,8,11/08/17,Central Christian (Kan.),https://macbulldogs.com/sports/womens-basketball/roster/elle-gillen/5478
Elle Gillen,2017-18,Minutes,12,11/08/17,Central Christian (Kan.),https://macbulldogs.com/sports/womens-basketball/roster/elle-gillen/5478
Elle Gillen,2017-18,Field Goals Made,2,11/08/17,Central Christian (Kan.),https://macbulldogs.com/sports/womens-basketball/roster/elle-gillen/5478
Elle Gillen,2017-18,Field Goal Attempts,3,11/08/17,Central Christian (Kan.),https://macbulldogs.com/sports/womens-basketball/roster/elle-gillen/5478
Elle Gillen,2017-18,3-Point Field Goals Made,2,11/08/17,Central Christian (Kan.),https://macbulldogs.com/sports/womens-basketball/roster/elle-gillen/5478
Elle Gillen,2017-18,3-Point Field Goal Attempts,3,11/08/17,Central Christian (Kan.),https://macbulldogs.com/sports/womens-basketball/roster/elle-gillen/5478
Elle Gillen,2017-18,Free Throws Made,2,11/08/17,Central Christian (Kan.),https://macbulldogs.com/sports/womens-basketball/roster/elle-gillen/5478
Elle Gillen,2017-18,Free Throw Attempts,2,01/10/18,at Saint Mary (Kan.),https://macbulldogs.com/sports/womens-basketball/roster/elle-gillen/5478
Elle Gillen,2017-18,Rebounds,3,11/08/17,Central Christian (Kan.),https://macbulldogs.com/sports/womens-basketball/roster/elle-gillen/5478
Elle Gillen,2017-18,Assists,1,01/24/18,at Southwestern (Kan.),https://macbulldogs.com/sports/womens-basketball/roster/elle-gillen/5478
Elle Gillen,2017-18,Blocks,0,02/03/18,at Ottawa (Kan.),https://macbulldogs.com/sports/womens-basketball/roster/elle-gillen/5478
Elle Gillen,2017-18,Steals,1,10/30/17,Randall University,https://macbulldogs.com/sports/womens-basketball/roster/elle-gillen/5478
Elle Gillen,2018-19,Points,21,01/26/19,at York (Neb.),https://macbulldogs.com/sports/womens-basketball/roster/elle-gillen/5478
Elle Gillen,2018-19,Minutes,29,01/19/19,Kansas Wesleyan,https://macbulldogs.com/sports/womens-basketball/roster/elle-gillen/5478
Elle Gillen,2018-19,Field Goals Made,6,01/26/19,at York (Neb.),https://macbulldogs.com/sports/womens-basketball/roster/elle-gillen/5478
Elle Gillen,2018-19,Field Goal Attempts,18,01/19/19,Kansas Wesleyan,https://macbulldogs.com/sports/womens-basketball/roster/elle-gillen/5478
Elle Gillen,2018-19,3-Point Field Goals Made,6,01/26/19,at York (Neb.),https://macbulldogs.com/sports/womens-basketball/roster/elle-gillen/5478
Elle Gillen,2018-19,3-Point Field Goal Attempts,14,01/19/19,Kansas Wesleyan,https://macbulldogs.com/sports/womens-basketball/roster/elle-gillen/5478
Elle Gillen,2018-19,Free Throws Made,4,01/30/19,Friends,https://macbulldogs.com/sports/womens-basketball/roster/elle-gillen/5478
Elle Gillen,2018-19,Free Throw Attempts,6,01/30/19,Friends,https://macbulldogs.com/sports/womens-basketball/roster/elle-gillen/5478
Elle Gillen,2018-19,Rebounds,6,01/19/19,Kansas Wesleyan,https://macbulldogs.com/sports/womens-basketball/roster/elle-gillen/5478
Elle Gillen,2018-19,Assists,3,01/24/19,at Southwestern,https://macbulldogs.com/sports/womens-basketball/roster/elle-gillen/5478
Elle Gillen,2018-19,Blocks,1,01/24/19,at Southwestern,https://macbulldogs.com/sports/womens-basketball/roster/elle-gillen/5478
Elle Gillen,2018-19,Steals,2,02/09/19,Ottawa (Kan.),https://macbulldogs.com/sports/womens-basketball/roster/elle-gillen/5478
Elle Gillen,2019-20,Points,13,11/16/19,Tabor (Kan.),https://macbulldogs.com/sports/womens-basketball/roster/elle-gillen/5478
Elle Gillen,2019-20,Minutes,35,11/16/19,Tabor (Kan.),https://macbulldogs.com/sports/womens-basketball/roster/elle-gillen/5478
Elle Gillen,2019-20,Field Goals Made,4,02/22/20,Ottawa (Kan.),https://macbulldogs.com/sports/womens-basketball/roster/elle-gillen/5478
Elle Gillen,2019-20,Field Goal Attempts,10,02/19/20,Avila (Mo.),https://macbulldogs.com/sports/womens-basketball/roster/elle-gillen/5478
Elle Gillen,2019-20,3-Point Field Goals Made,4,02/22/20,Ottawa (Kan.),https://macbulldogs.com/sports/womens-basketball/roster/elle-gillen/5478
Elle Gillen,2019-20,3-Point Field Goal Attempts,10,02/19/20,Avila (Mo.),https://macbulldogs.com/sports/womens-basketball/roster/elle-gillen/5478
Elle Gillen,2019-20,Free Throws Made,8,11/16/19,Tabor (Kan.),https://macbulldogs.com/sports/womens-basketball/roster/elle-gillen/5478
Elle Gillen,2019-20,Free Throw Attempts,9,11/16/19,Tabor (Kan.),https://macbulldogs.com/sports/womens-basketball/roster/elle-gillen/5478
Elle Gillen,2019-20,Rebounds,6,11/16/19,Tabor (Kan.),https://macbulldogs.com/sports/womens-basketball/roster/elle-gillen/5478
Elle Gillen,2019-20,Assists,7,02/22/20,Ottawa (Kan.),https://macbulldogs.com/sports/womens-basketball/roster/elle-gillen/5478
Elle Gillen,2019-20,Blocks,2,01/29/20,St. Mary (Kan.),https://macbulldogs.com/sports/womens-basketball/roster/elle-gillen/5478
Elle Gillen,2019-20,Steals,3,11/13/19,at Bethany (Kan.),https://macbulldogs.com/sports/womens-basketball/roster/elle-gillen/5478
Emily Whitley,2018-19,Points,8,10/30/18,McPherson,https://macbulldogs.com/sports/womens-basketball/roster/emily-whitley/2988
Emily Whitley,2018-19,Minutes,14,10/30/18,McPherson,https://macbulldogs.com/sports/womens-basketball/roster/emily-whitley/2988
Emily Whitley,2018-19,Field Goals Made,4,10/30/18,McPherson,https://macbulldogs.com/sports/womens-basketball/roster/emily-whitley/2988
Emily Whitley,2018-19,Field Goal Attempts,10,10/30/18,McPherson,https://macbulldogs.com/sports/womens-basketball/roster/emily-whitley/2988
Emily Whitley,2018-19,3-Point Field Goals Made,0,10/30/18,McPherson,https://macbulldogs.com/sports/womens-basketball/roster/emily-whitley/2988
Emily Whitley,2018-19,3-Point Field Goal Attempts,0,10/30/18,McPherson,https://macbulldogs.com/sports/womens-basketball/roster/emily-whitley/2988
Emily Whitley,2018-19,Free Throws Made,0,10/30/18,McPherson,https://macbulldogs.com/sports/womens-basketball/roster/emily-whitley/2988
Emily Whitley,2018-19,Free Throw Attempts,0,10/30/18,McPherson,https://macbulldogs.com/sports/womens-basketball/roster/emily-whitley/2988
Emily Whitley,2018-19,Rebounds,2,10/30/18,McPherson,https://macbulldogs.com/sports/womens-basketball/roster/emily-whitley/2988
Emily Whitley,2018-19,Assists,0,10/30/18,McPherson,https://macbulldogs.com/sports/womens-basketball/roster/emily-whitley/2988
Emily Whitley,2018-19,Blocks,0,10/30/18,McPherson,https://macbulldogs.com/sports/womens-basketball/roster/emily-whitley/2988
Emily Whitley,2018-19,Steals,0,10/30/18,McPherson,https://macbulldogs.com/sports/womens-basketball/roster/emily-whitley/2988
Emily Whitley,2018-19,Points,8,10/30/18,McPherson,https://macbulldogs.com/sports/womens-basketball/roster/emily-whitley/3155
Emily Whitley,2018-19,Minutes,14,10/30/18,McPherson,https://macbulldogs.com/sports/womens-basketball/roster/emily-whitley/3155
Emily Whitley,2018-19,Field Goals Made,4,10/30/18,McPherson,https://macbulldogs.com/sports/womens-basketball/roster/emily-whitley/3155
Emily Whitley,2018-19,Field Goal Attempts,10,10/30/18,McPherson,https://macbulldogs.com/sports/womens-basketball/roster/emily-whitley/3155
Emily Whitley,2018-19,3-Point Field Goals Made,0,10/30/18,McPherson,https://macbulldogs.com/sports/womens-basketball/roster/emily-whitley/3155
Emily Whitley,2018-19,3-Point Field Goal Attempts,0,10/30/18,McPherson,https://macbulldogs.com/sports/womens-basketball/roster/emily-whitley/3155
Emily Whitley,2018-19,Free Throws Made,0,10/30/18,McPherson,https://macbulldogs.com/sports/womens-basketball/roster/emily-whitley/3155
Emily Whitley,2018-19,Free Throw Attempts,0,10/30/18,McPherson,https://macbulldogs.com/sports/womens-basketball/roster/emily-whitley/3155
Emily Whitley,2018-19,Rebounds,2,10/30/18,McPherson,https://macbulldogs.com/sports/womens-basketball/roster/emily-whitley/3155
Emily Whitley,2018-19,Assists,0,10/30/18,McPherson,https://macbulldogs.com/sports/womens-basketball/roster/emily-whitley/3155
Emily Whitley,2018-19,Blocks,0,10/30/18,McPherson,https://macbulldogs.com/sports/womens-basketball/roster/emily-whitley/3155
Emily Whitley,2018-19,Steals,0,10/30/18,McPherson,https://macbulldogs.com/sports/womens-basketball/roster/emily-whitley/3155
Emily Whitley,2018-19,Points,8,10/30/18,McPherson,https://macbulldogs.com/sports/womens-basketball/roster/emily-whitley/4116
Emily Whitley,2018-19,Minutes,14,10/30/18,McPherson,https://macbulldogs.com/sports/womens-basketball/roster/emily-whitley/4116
Emily Whitley,2018-19,Field Goals Made,4,10/30/18,McPherson,https://macbulldogs.com/sports/womens-basketball/roster/emily-whitley/4116
Emily Whitley,2018-19,Field Goal Attempts,10,10/30/18,McPherson,https://macbulldogs.com/sports/womens-basketball/roster/emily-whitley/4116
Emily Whitley,2018-19,3-Point Field Goals Made,0,10/30/18,McPherson,https://macbulldogs.com/sports/womens-basketball/roster/emily-whitley/4116
Emily Whitley,2018-19,3-Point Field Goal Attempts,0,10/30/18,McPherson,https://macbulldogs.com/sports/womens-basketball/roster/emily-whitley/4116
Emily Whitley,2018-19,Free Throws Made,0,10/30/18,McPherson,https://macbulldogs.com/sports/womens-basketball/roster/emily-whitley/4116
Emily Whitley,2018-19,Free Throw Attempts,0,10/30/18,McPherson,https://macbulldogs.com/sports/womens-basketball/roster/emily-whitley/4116
Emily Whitley,2018-19,Rebounds,2,10/30/18,McPherson,https://macbulldogs.com/sports/womens-basketball/roster/emily-whitley/4116
Emily Whitley,2018-19,Assists,0,10/30/18,McPherson,https://macbulldogs.com/sports/womens-basketball/roster/emily-whitley/4116
Emily Whitley,2018-19,Blocks,0,10/30/18,McPherson,https://macbulldogs.com/sports/womens-basketball/roster/emily-whitley/4116
Emily Whitley,2018-19,Steals,0,10/30/18,McPherson,https://macbulldogs.com/sports/womens-basketball/roster/emily-whitley/4116
Erika Diaz,2019-20,Points,10,11/02/19,Randall,https://macbulldogs.com/sports/womens-basketball/roster/erika-diaz/7155
Erika Diaz,2019-20,Minutes,12,10/25/19,Kansas Christian College,https://macbulldogs.com/sports/womens-basketball/roster/erika-diaz/7155
Erika Diaz,2019-20,Field Goals Made,3,11/26/19,at York (Neb.),https://macbulldogs.com/sports/womens-basketball/roster/erika-diaz/7155
Erika Diaz,2019-20,Field Goal Attempts,6,11/02/19,Randall,https://macbulldogs.com/sports/womens-basketball/roster/erika-diaz/7155
Erika Diaz,2019-20,3-Point Field Goals Made,1,11/02/19,Randall,https://macbulldogs.com/sports/womens-basketball/roster/erika-diaz/7155
Erika Diaz,2019-20,3-Point Field Goal Attempts,3,11/02/19,Randall,https://macbulldogs.com/sports/womens-basketball/roster/erika-diaz/7155
Erika Diaz,2019-20,Free Throws Made,3,11/02/19,Randall,https://macbulldogs.com/sports/womens-basketball/roster/erika-diaz/7155
Erika Diaz,2019-20,Free Throw Attempts,6,11/02/19,Randall,https://macbulldogs.com/sports/womens-basketball/roster/erika-diaz/7155
Erika Diaz,2019-20,Rebounds,4,11/06/19,vs Central Christian (Kan.),https://macbulldogs.com/sports/womens-basketball/roster/erika-diaz/7155
Erika Diaz,2019-20,Assists,2,11/09/19,at Dakota State (S.D.),https://macbulldogs.com/sports/womens-basketball/roster/erika-diaz/7155
Erika Diaz,2019-20,Blocks,0,01/25/20,York (Neb.),https://macbulldogs.com/sports/womens-basketball/roster/erika-diaz/7155
Erika Diaz,2019-20,Steals,1,01/13/20,at Ottawa (Kan.),https://macbulldogs.com/sports/womens-basketball/roster/erika-diaz/7155
Erika Diaz,2020-21,Points,18,02/25/21,Kansas Wesleyan,https://macbulldogs.com/sports/womens-basketball/roster/erika-diaz/7155
Erika Diaz,2020-21,Minutes,30,01/25/21,Tabor (Kan.),https://macbulldogs.com/sports/womens-basketball/roster/erika-diaz/7155
Erika Diaz,2020-21,Field Goals Made,6,02/25/21,Kansas Wesleyan,https://macbulldogs.com/sports/womens-basketball/roster/erika-diaz/7155
Erika Diaz,2020-21,Field Goal Attempts,16,02/25/21,Kansas Wesleyan,https://macbulldogs.com/sports/womens-basketball/roster/erika-diaz/7155
Erika Diaz,2020-21,3-Point Field Goals Made,2,02/25/21,Kansas Wesleyan,https://macbulldogs.com/sports/womens-basketball/roster/erika-diaz/7155
Erika Diaz,2020-21,3-Point Field Goal Attempts,3,02/25/21,Kansas Wesleyan,https://macbulldogs.com/sports/womens-basketball/roster/erika-diaz/7155
Erika Diaz,2020-21,Free Throws Made,5,02/02/21,at Avila (Mo.),https://macbulldogs.com/sports/womens-basketball/roster/erika-diaz/7155
Erika Diaz,2020-21,Free Throw Attempts,7,02/02/21,at Avila (Mo.),https://macbulldogs.com/sports/womens-basketball/roster/erika-diaz/7155
Erika Diaz,2020-21,Rebounds,5,01/23/21,Kansas Wesleyan,https://macbulldogs.com/sports/womens-basketball/roster/erika-diaz/7155
Erika Diaz,2020-21,Assists,6,01/23/21,Kansas Wesleyan,https://macbulldogs.com/sports/womens-basketball/roster/erika-diaz/7155
Erika Diaz,2020-21,Blocks,1,02/06/21,Bethel (Kan.),https://macbulldogs.com/sports/womens-basketball/roster/erika-diaz/7155
Erika Diaz,2020-21,Steals,5,11/04/20,Avila (Mo.),https://macbulldogs.com/sports/womens-basketball/roster/erika-diaz/7155
Georgia Smart,2014-15,Points,15,02/19/15,Friends (Kan.),https://macbulldogs.com/sports/womens-basketball/roster/georgia-smart/2583
Georgia Smart,2014-15,Minutes,28,01/28/15,Bethel (Kan.),https://macbulldogs.com/sports/womens-basketball/roster/georgia-smart/2583
Georgia Smart,2014-15,Field Goals Made,5,02/19/15,Friends (Kan.),https://macbulldogs.com/sports/womens-basketball/roster/georgia-smart/2583
Georgia Smart,2014-15,Field Goal Attempts,14,01/15/15,Southwestern (Kan.),https://macbulldogs.com/sports/womens-basketball/roster/georgia-smart/2583
Georgia Smart,2014-15,3-Point Field Goals Made,1,02/21/15,Saint Mary (Kan.),https://macbulldogs.com/sports/womens-basketball/roster/georgia-smart/2583
Georgia Smart,2014-15,3-Point Field Goal Attempts,3,01/15/15,Southwestern (Kan.),https://macbulldogs.com/sports/womens-basketball/roster/georgia-smart/2583
Georgia Smart,2014-15,Free Throws Made,7,01/31/15,at Kansas Wesleyan,https://macbulldogs.com/sports/womens-basketball/roster/georgia-smart/2583
Georgia Smart,2014-15,Free Throw Attempts,13,01/31/15,at Kansas Wesleyan,https://macbulldogs.com/sports/womens-basketball/roster/georgia-smart/2583
Georgia Smart,2014-15,Rebounds,11,01/31/15,at Kansas Wesleyan,https://macbulldogs.com/sports/womens-basketball/roster/georgia-smart/2583
Georgia Smart,2014-15,Assists,2,02/12/15,at Ottawa (Kan.),https://macbulldogs.com/sports/womens-basketball/roster/georgia-smart/2583
Georgia Smart,2014-15,Blocks,4,11/25/14,Oklahoma Wesleyan,https://macbulldogs.com/sports/womens-basketball/roster/georgia-smart/2583
Georgia Smart,2014-15,Steals,2,12/06/14,at Bethel (Kan.),https://macbulldogs.com/sports/womens-basketball/roster/georgia-smart/2583
Georgia Smart,2015-16,Points,16,01/07/16,York (Neb.),https://macbulldogs.com/sports/womens-basketball/roster/georgia-smart/2583
Georgia Smart,2015-16,Minutes,29,12/15/15,Oklahoma Wesleyan,https://macbulldogs.com/sports/womens-basketball/roster/georgia-smart/2583
Georgia Smart,2015-16,Field Goals Made,7,01/07/16,York (Neb.),https://macbulldogs.com/sports/womens-basketball/roster/georgia-smart/2583
Georgia Smart,2015-16,Field Goal Attempts,14,11/19/15,at Southwestern (Kan.),https://macbulldogs.com/sports/womens-basketball/roster/georgia-smart/2583
Georgia Smart,2015-16,3-Point Field Goals Made,2,01/14/16,at Saint Mary (Kan.),https://macbulldogs.com/sports/womens-basketball/roster/georgia-smart/2583
Georgia Smart,2015-16,3-Point Field Goal Attempts,2,01/14/16,at Saint Mary (Kan.),https://macbulldogs.com/sports/womens-basketball/roster/georgia-smart/2583
Georgia Smart,2015-16,Free Throws Made,5,11/21/15,at Bethel (Kan.),https://macbulldogs.com/sports/womens-basketball/roster/georgia-smart/2583
Georgia Smart,2015-16,Free Throw Attempts,8,11/21/15,at Bethel (Kan.),https://macbulldogs.com/sports/womens-basketball/roster/georgia-smart/2583
Georgia Smart,2015-16,Rebounds,8,11/06/15,at Columbia (Mo.),https://macbulldogs.com/sports/womens-basketball/roster/georgia-smart/2583
Georgia Smart,2015-16,Assists,2,02/11/16,at Oklahoma Wesleyan,https://macbulldogs.com/sports/womens-basketball/roster/georgia-smart/2583
Georgia Smart,2015-16,Blocks,3,01/07/16,York (Neb.),https://macbulldogs.com/sports/womens-basketball/roster/georgia-smart/2583
Georgia Smart,2015-16,Steals,2,02/20/16,Saint Mary (Kan.),https://macbulldogs.com/sports/womens-basketball/roster/georgia-smart/2583
Gillian Rodgers,2023-24,Points,21,01/21/24,Sterling College,https://macbulldogs.com/sports/womens-basketball/roster/gillian-rodgers/10876
Gillian Rodgers,2023-24,Minutes,37,11/25/23,at Waldorf,https://macbulldogs.com/sports/womens-basketball/roster/gillian-rodgers/10876
Gillian Rodgers,2023-24,Field Goals Made,10,01/21/24,Sterling College,https://macbulldogs.com/sports/womens-basketball/roster/gillian-rodgers/10876
Gillian Rodgers,2023-24,Field Goal Attempts,17,01/30/24,York University,https://macbulldogs.com/sports/womens-basketball/roster/gillian-rodgers/10876
Gillian Rodgers,2023-24,3-Point Field Goals Made,3,02/17/24,University of Saint Mary,https://macbulldogs.com/sports/womens-basketball/roster/gillian-rodgers/10876
Gillian Rodgers,2023-24,3-Point Field Goal Attempts,6,01/03/24,at Saint Mary,https://macbulldogs.com/sports/womens-basketball/roster/gillian-rodgers/10876
Gillian Rodgers,2023-24,Free Throws Made,7,12/16/23,College of the Ozarks,https://macbulldogs.com/sports/womens-basketball/roster/gillian-rodgers/10876
Gillian Rodgers,2023-24,Free Throw Attempts,9,12/16/23,College of the Ozarks,https://macbulldogs.com/sports/womens-basketball/roster/gillian-rodgers/10876
Gillian Rodgers,2023-24,Rebounds,10,11/04/23,Manhattan Christian,https://macbulldogs.com/sports/womens-basketball/roster/gillian-rodgers/10876
Gillian Rodgers,2023-24,Assists,3,01/06/24,Southwestern College,https://macbulldogs.com/sports/womens-basketball/roster/gillian-rodgers/10876
Gillian Rodgers,2023-24,Blocks,2,11/29/23,Kansas Wesleyan University,https://macbulldogs.com/sports/womens-basketball/roster/gillian-rodgers/10876
Gillian Rodgers,2023-24,Steals,4,11/08/23,Central Christian College,https://macbulldogs.com/sports/womens-basketball/roster/gillian-rodgers/10876
Gillian Rodgers,2024-25,Points,22,01/04/25,Evangel University,https://macbulldogs.com/sports/womens-basketball/roster/gillian-rodgers/10876
Gillian Rodgers,2024-25,Minutes,35,12/07/24,at Saint Mary,https://macbulldogs.com/sports/womens-basketball/roster/gillian-rodgers/10876
Gillian Rodgers,2024-25,Field Goals Made,10,01/04/25,Evangel University,https://macbulldogs.com/sports/womens-basketball/roster/gillian-rodgers/10876
Gillian Rodgers,2024-25,Field Goal Attempts,17,11/24/24,Ottawa University,https://macbulldogs.com/sports/womens-basketball/roster/gillian-rodgers/10876
Gillian Rodgers,2024-25,3-Point Field Goals Made,2,02/08/25,University of Saint Mary,https://macbulldogs.com/sports/womens-basketball/roster/gillian-rodgers/10876
Gillian Rodgers,2024-25,3-Point Field Goal Attempts,6,02/08/25,University of Saint Mary,https://macbulldogs.com/sports/womens-basketball/roster/gillian-rodgers/10876
Gillian Rodgers,2024-25,Free Throws Made,5,02/08/25,University of Saint Mary,https://macbulldogs.com/sports/womens-basketball/roster/gillian-rodgers/10876
Gillian Rodgers,2024-25,Free Throw Attempts,6,02/08/25,University of Saint Mary,https://macbulldogs.com/sports/womens-basketball/roster/gillian-rodgers/10876
Gillian Rodgers,2024-25,Rebounds,8,01/22/25,Sterling College,https://macbulldogs.com/sports/womens-basketball/roster/gillian-rodgers/10876
Gillian Rodgers,2024-25,Assists,2,11/26/24,at Cottey (MO),https://macbulldogs.com/sports/womens-basketball/roster/gillian-rodgers/10876
Gillian Rodgers,2024-25,Blocks,2,01/11/25,at Southwestern,https://macbulldogs.com/sports/womens-basketball/roster/gillian-rodgers/10876
Gillian Rodgers,2024-25,Steals,3,11/20/24,at Kansas Wesleyan,https://macbulldogs.com/sports/womens-basketball/roster/gillian-rodgers/10876
Gillian Rodgers,2025 - 26,Points,15,12/13/25,Friends University,https://macbulldogs.com/sports/womens-basketball/roster/gillian-rodgers/10876
Gillian Rodgers,2025 - 26,Minutes,28,02/21/26,Oklahoma Wesleyan University,https://macbulldogs.com/sports/womens-basketball/roster/gillian-rodgers/10876
Gillian Rodgers,2025 - 26,Field Goals Made,6,12/13/25,Friends University,https://macbulldogs.com/sports/womens-basketball/roster/gillian-rodgers/10876
Gillian Rodgers,2025 - 26,Field Goal Attempts,12,12/13/25,Friends University,https://macbulldogs.com/sports/womens-basketball/roster/gillian-rodgers/10876
Gillian Rodgers,2025 - 26,3-Point Field Goals Made,4,02/21/26,Oklahoma Wesleyan University,https://macbulldogs.com/sports/womens-basketball/roster/gillian-rodgers/10876
Gillian Rodgers,2025 - 26,3-Point Field Goal Attempts,7,02/21/26,Oklahoma Wesleyan University,https://macbulldogs.com/sports/womens-basketball/roster/gillian-rodgers/10876
Gillian Rodgers,2025 - 26,Free Throws Made,4,12/10/25,at Bethany (KS),https://macbulldogs.com/sports/womens-basketball/roster/gillian-rodgers/10876
Gillian Rodgers,2025 - 26,Free Throw Attempts,6,12/10/25,at Bethany (KS),https://macbulldogs.com/sports/womens-basketball/roster/gillian-rodgers/10876
Gillian Rodgers,2025 - 26,Rebounds,7,01/03/26,at Evangel,https://macbulldogs.com/sports/womens-basketball/roster/gillian-rodgers/10876
Gillian Rodgers,2025 - 26,Assists,2,02/14/26,at Friends,https://macbulldogs.com/sports/womens-basketball/roster/gillian-rodgers/10876
Gillian Rodgers,2025 - 26,Blocks,2,02/18/26,Sterling College,https://macbulldogs.com/sports/womens-basketball/roster/gillian-rodgers/10876
Gillian Rodgers,2025 - 26,Steals,2,01/22/26,at Sterling College,https://macbulldogs.com/sports/womens-basketball/roster/gillian-rodgers/10876
Gillian Rodgers,2023-24,Points,21,01/21/24,Sterling College,https://macbulldogs.com/sports/womens-basketball/roster/gillian-rodgers/9599
Gillian Rodgers,2023-24,Minutes,37,11/25/23,at Waldorf,https://macbulldogs.com/sports/womens-basketball/roster/gillian-rodgers/9599
Gillian Rodgers,2023-24,Field Goals Made,10,01/21/24,Sterling College,https://macbulldogs.com/sports/womens-basketball/roster/gillian-rodgers/9599
Gillian Rodgers,2023-24,Field Goal Attempts,17,01/30/24,York University,https://macbulldogs.com/sports/womens-basketball/roster/gillian-rodgers/9599
Gillian Rodgers,2023-24,3-Point Field Goals Made,3,02/17/24,University of Saint Mary,https://macbulldogs.com/sports/womens-basketball/roster/gillian-rodgers/9599
Gillian Rodgers,2023-24,3-Point Field Goal Attempts,6,01/03/24,at Saint Mary,https://macbulldogs.com/sports/womens-basketball/roster/gillian-rodgers/9599
Gillian Rodgers,2023-24,Free Throws Made,7,12/16/23,College of the Ozarks,https://macbulldogs.com/sports/womens-basketball/roster/gillian-rodgers/9599
Gillian Rodgers,2023-24,Free Throw Attempts,9,12/16/23,College of the Ozarks,https://macbulldogs.com/sports/womens-basketball/roster/gillian-rodgers/9599
Gillian Rodgers,2023-24,Rebounds,10,11/04/23,Manhattan Christian,https://macbulldogs.com/sports/womens-basketball/roster/gillian-rodgers/9599
Gillian Rodgers,2023-24,Assists,3,01/06/24,Southwestern College,https://macbulldogs.com/sports/womens-basketball/roster/gillian-rodgers/9599
Gillian Rodgers,2023-24,Blocks,2,11/29/23,Kansas Wesleyan University,https://macbulldogs.com/sports/womens-basketball/roster/gillian-rodgers/9599
Gillian Rodgers,2023-24,Steals,4,11/08/23,Central Christian College,https://macbulldogs.com/sports/womens-basketball/roster/gillian-rodgers/9599
Gillian Rodgers,2024-25,Points,22,01/04/25,Evangel University,https://macbulldogs.com/sports/womens-basketball/roster/gillian-rodgers/9599
Gillian Rodgers,2024-25,Minutes,35,12/07/24,at Saint Mary,https://macbulldogs.com/sports/womens-basketball/roster/gillian-rodgers/9599
Gillian Rodgers,2024-25,Field Goals Made,10,01/04/25,Evangel University,https://macbulldogs.com/sports/womens-basketball/roster/gillian-rodgers/9599
Gillian Rodgers,2024-25,Field Goal Attempts,17,11/24/24,Ottawa University,https://macbulldogs.com/sports/womens-basketball/roster/gillian-rodgers/9599
Gillian Rodgers,2024-25,3-Point Field Goals Made,2,02/08/25,University of Saint Mary,https://macbulldogs.com/sports/womens-basketball/roster/gillian-rodgers/9599
Gillian Rodgers,2024-25,3-Point Field Goal Attempts,6,02/08/25,University of Saint Mary,https://macbulldogs.com/sports/womens-basketball/roster/gillian-rodgers/9599
Gillian Rodgers,2024-25,Free Throws Made,5,02/08/25,University of Saint Mary,https://macbulldogs.com/sports/womens-basketball/roster/gillian-rodgers/9599
Gillian Rodgers,2024-25,Free Throw Attempts,6,02/08/25,University of Saint Mary,https://macbulldogs.com/sports/womens-basketball/roster/gillian-rodgers/9599
Gillian Rodgers,2024-25,Rebounds,8,01/22/25,Sterling College,https://macbulldogs.com/sports/womens-basketball/roster/gillian-rodgers/9599
Gillian Rodgers,2024-25,Assists,2,11/26/24,at Cottey (MO),https://macbulldogs.com/sports/womens-basketball/roster/gillian-rodgers/9599
Gillian Rodgers,2024-25,Blocks,2,01/11/25,at Southwestern,https://macbulldogs.com/sports/womens-basketball/roster/gillian-rodgers/9599
Gillian Rodgers,2024-25,Steals,3,11/20/24,at Kansas Wesleyan,https://macbulldogs.com/sports/womens-basketball/roster/gillian-rodgers/9599
Gillian Rodgers,2025 - 26,Points,15,12/13/25,Friends University,https://macbulldogs.com/sports/womens-basketball/roster/gillian-rodgers/9599
Gillian Rodgers,2025 - 26,Minutes,28,02/21/26,Oklahoma Wesleyan University,https://macbulldogs.com/sports/womens-basketball/roster/gillian-rodgers/9599
Gillian Rodgers,2025 - 26,Field Goals Made,6,12/13/25,Friends University,https://macbulldogs.com/sports/womens-basketball/roster/gillian-rodgers/9599
Gillian Rodgers,2025 - 26,Field Goal Attempts,12,12/13/25,Friends University,https://macbulldogs.com/sports/womens-basketball/roster/gillian-rodgers/9599
Gillian Rodgers,2025 - 26,3-Point Field Goals Made,4,02/21/26,Oklahoma Wesleyan University,https://macbulldogs.com/sports/womens-basketball/roster/gillian-rodgers/9599
Gillian Rodgers,2025 - 26,3-Point Field Goal Attempts,7,02/21/26,Oklahoma Wesleyan University,https://macbulldogs.com/sports/womens-basketball/roster/gillian-rodgers/9599
Gillian Rodgers,2025 - 26,Free Throws Made,4,12/10/25,at Bethany (KS),https://macbulldogs.com/sports/womens-basketball/roster/gillian-rodgers/9599
Gillian Rodgers,2025 - 26,Free Throw Attempts,6,12/10/25,at Bethany (KS),https://macbulldogs.com/sports/womens-basketball/roster/gillian-rodgers/9599
Gillian Rodgers,2025 - 26,Rebounds,7,01/03/26,at Evangel,https://macbulldogs.com/sports/womens-basketball/roster/gillian-rodgers/9599
Gillian Rodgers,2025 - 26,Assists,2,02/14/26,at Friends,https://macbulldogs.com/sports/womens-basketball/roster/gillian-rodgers/9599
Gillian Rodgers,2025 - 26,Blocks,2,02/18/26,Sterling College,https://macbulldogs.com/sports/womens-basketball/roster/gillian-rodgers/9599
Gillian Rodgers,2025 - 26,Steals,2,01/22/26,at Sterling College,https://macbulldogs.com/sports/womens-basketball/roster/gillian-rodgers/9599
Gillian Rodgers,2023-24,Points,21,01/21/24,Sterling College,https://macbulldogs.com/sports/womens-basketball/roster/gillian-rodgers/9950
Gillian Rodgers,2023-24,Minutes,37,11/25/23,at Waldorf,https://macbulldogs.com/sports/womens-basketball/roster/gillian-rodgers/9950
Gillian Rodgers,2023-24,Field Goals Made,10,01/21/24,Sterling College,https://macbulldogs.com/sports/womens-basketball/roster/gillian-rodgers/9950
Gillian Rodgers,2023-24,Field Goal Attempts,17,01/30/24,York University,https://macbulldogs.com/sports/womens-basketball/roster/gillian-rodgers/9950
Gillian Rodgers,2023-24,3-Point Field Goals Made,3,02/17/24,University of Saint Mary,https://macbulldogs.com/sports/womens-basketball/roster/gillian-rodgers/9950
Gillian Rodgers,2023-24,3-Point Field Goal Attempts,6,01/03/24,at Saint Mary,https://macbulldogs.com/sports/womens-basketball/roster/gillian-rodgers/9950
Gillian Rodgers,2023-24,Free Throws Made,7,12/16/23,College of the Ozarks,https://macbulldogs.com/sports/womens-basketball/roster/gillian-rodgers/9950
Gillian Rodgers,2023-24,Free Throw Attempts,9,12/16/23,College of the Ozarks,https://macbulldogs.com/sports/womens-basketball/roster/gillian-rodgers/9950
Gillian Rodgers,2023-24,Rebounds,10,11/04/23,Manhattan Christian,https://macbulldogs.com/sports/womens-basketball/roster/gillian-rodgers/9950
Gillian Rodgers,2023-24,Assists,3,01/06/24,Southwestern College,https://macbulldogs.com/sports/womens-basketball/roster/gillian-rodgers/9950
Gillian Rodgers,2023-24,Blocks,2,11/29/23,Kansas Wesleyan University,https://macbulldogs.com/sports/womens-basketball/roster/gillian-rodgers/9950
Gillian Rodgers,2023-24,Steals,4,11/08/23,Central Christian College,https://macbulldogs.com/sports/womens-basketball/roster/gillian-rodgers/9950
Gillian Rodgers,2024-25,Points,22,01/04/25,Evangel University,https://macbulldogs.com/sports/womens-basketball/roster/gillian-rodgers/9950
Gillian Rodgers,2024-25,Minutes,35,12/07/24,at Saint Mary,https://macbulldogs.com/sports/womens-basketball/roster/gillian-rodgers/9950
Gillian Rodgers,2024-25,Field Goals Made,10,01/04/25,Evangel University,https://macbulldogs.com/sports/womens-basketball/roster/gillian-rodgers/9950
Gillian Rodgers,2024-25,Field Goal Attempts,17,11/24/24,Ottawa University,https://macbulldogs.com/sports/womens-basketball/roster/gillian-rodgers/9950
Gillian Rodgers,2024-25,3-Point Field Goals Made,2,02/08/25,University of Saint Mary,https://macbulldogs.com/sports/womens-basketball/roster/gillian-rodgers/9950
Gillian Rodgers,2024-25,3-Point Field Goal Attempts,6,02/08/25,University of Saint Mary,https://macbulldogs.com/sports/womens-basketball/roster/gillian-rodgers/9950
Gillian Rodgers,2024-25,Free Throws Made,5,02/08/25,University of Saint Mary,https://macbulldogs.com/sports/womens-basketball/roster/gillian-rodgers/9950
Gillian Rodgers,2024-25,Free Throw Attempts,6,02/08/25,University of Saint Mary,https://macbulldogs.com/sports/womens-basketball/roster/gillian-rodgers/9950
Gillian Rodgers,2024-25,Rebounds,8,01/22/25,Sterling College,https://macbulldogs.com/sports/womens-basketball/roster/gillian-rodgers/9950
Gillian Rodgers,2024-25,Assists,2,11/26/24,at Cottey (MO),https://macbulldogs.com/sports/womens-basketball/roster/gillian-rodgers/9950
Gillian Rodgers,2024-25,Blocks,2,01/11/25,at Southwestern,https://macbulldogs.com/sports/womens-basketball/roster/gillian-rodgers/9950
Gillian Rodgers,2024-25,Steals,3,11/20/24,at Kansas Wesleyan,https://macbulldogs.com/sports/womens-basketball/roster/gillian-rodgers/9950
Gillian Rodgers,2025 - 26,Points,15,12/13/25,Friends University,https://macbulldogs.com/sports/womens-basketball/roster/gillian-rodgers/9950
Gillian Rodgers,2025 - 26,Minutes,28,02/21/26,Oklahoma Wesleyan University,https://macbulldogs.com/sports/womens-basketball/roster/gillian-rodgers/9950
Gillian Rodgers,2025 - 26,Field Goals Made,6,12/13/25,Friends University,https://macbulldogs.com/sports/womens-basketball/roster/gillian-rodgers/9950
Gillian Rodgers,2025 - 26,Field Goal Attempts,12,12/13/25,Friends University,https://macbulldogs.com/sports/womens-basketball/roster/gillian-rodgers/9950
Gillian Rodgers,2025 - 26,3-Point Field Goals Made,4,02/21/26,Oklahoma Wesleyan University,https://macbulldogs.com/sports/womens-basketball/roster/gillian-rodgers/9950
Gillian Rodgers,2025 - 26,3-Point Field Goal Attempts,7,02/21/26,Oklahoma Wesleyan University,https://macbulldogs.com/sports/womens-basketball/roster/gillian-rodgers/9950
Gillian Rodgers,2025 - 26,Free Throws Made,4,12/10/25,at Bethany (KS),https://macbulldogs.com/sports/womens-basketball/roster/gillian-rodgers/9950
Gillian Rodgers,2025 - 26,Free Throw Attempts,6,12/10/25,at Bethany (KS),https://macbulldogs.com/sports/womens-basketball/roster/gillian-rodgers/9950
Gillian Rodgers,2025 - 26,Rebounds,7,01/03/26,at Evangel,https://macbulldogs.com/sports/womens-basketball/roster/gillian-rodgers/9950
Gillian Rodgers,2025 - 26,Assists,2,02/14/26,at Friends,https://macbulldogs.com/sports/womens-basketball/roster/gillian-rodgers/9950
Gillian Rodgers,2025 - 26,Blocks,2,02/18/26,Sterling College,https://macbulldogs.com/sports/womens-basketball/roster/gillian-rodgers/9950
Gillian Rodgers,2025 - 26,Steals,2,01/22/26,at Sterling College,https://macbulldogs.com/sports/womens-basketball/roster/gillian-rodgers/9950
Haley Hurst,2018-19,Points,5,01/16/19,at Tabor,https://macbulldogs.com/sports/womens-basketball/roster/haley-hurst/5483
Haley Hurst,2018-19,Minutes,17,01/19/19,Kansas Wesleyan,https://macbulldogs.com/sports/womens-basketball/roster/haley-hurst/5483
Haley Hurst,2018-19,Field Goals Made,2,01/19/19,Kansas Wesleyan,https://macbulldogs.com/sports/womens-basketball/roster/haley-hurst/5483
Haley Hurst,2018-19,Field Goal Attempts,6,01/19/19,Kansas Wesleyan,https://macbulldogs.com/sports/womens-basketball/roster/haley-hurst/5483
Haley Hurst,2018-19,3-Point Field Goals Made,0,02/16/19,Bethel,https://macbulldogs.com/sports/womens-basketball/roster/haley-hurst/5483
Haley Hurst,2018-19,3-Point Field Goal Attempts,0,02/16/19,Bethel,https://macbulldogs.com/sports/womens-basketball/roster/haley-hurst/5483
Haley Hurst,2018-19,Free Throws Made,4,01/07/19,at Bethel,https://macbulldogs.com/sports/womens-basketball/roster/haley-hurst/5483
Haley Hurst,2018-19,Free Throw Attempts,6,01/07/19,at Bethel,https://macbulldogs.com/sports/womens-basketball/roster/haley-hurst/5483
Haley Hurst,2018-19,Rebounds,3,01/16/19,at Tabor,https://macbulldogs.com/sports/womens-basketball/roster/haley-hurst/5483
Haley Hurst,2018-19,Assists,1,02/09/19,Ottawa (Kan.),https://macbulldogs.com/sports/womens-basketball/roster/haley-hurst/5483
Haley Hurst,2018-19,Blocks,2,01/19/19,Kansas Wesleyan,https://macbulldogs.com/sports/womens-basketball/roster/haley-hurst/5483
Haley Hurst,2018-19,Steals,0,02/16/19,Bethel,https://macbulldogs.com/sports/womens-basketball/roster/haley-hurst/5483
Haley Hurst,2019-20,Points,11,01/04/20,Kansas Wesleyan,https://macbulldogs.com/sports/womens-basketball/roster/haley-hurst/5483
Haley Hurst,2019-20,Minutes,18,02/15/20,at Kansas Wesleyan,https://macbulldogs.com/sports/womens-basketball/roster/haley-hurst/5483
Haley Hurst,2019-20,Field Goals Made,5,01/04/20,Kansas Wesleyan,https://macbulldogs.com/sports/womens-basketball/roster/haley-hurst/5483
Haley Hurst,2019-20,Field Goal Attempts,8,02/15/20,at Kansas Wesleyan,https://macbulldogs.com/sports/womens-basketball/roster/haley-hurst/5483
Haley Hurst,2019-20,3-Point Field Goals Made,0,02/22/20,Ottawa (Kan.),https://macbulldogs.com/sports/womens-basketball/roster/haley-hurst/5483
Haley Hurst,2019-20,3-Point Field Goal Attempts,0,02/22/20,Ottawa (Kan.),https://macbulldogs.com/sports/womens-basketball/roster/haley-hurst/5483
Haley Hurst,2019-20,Free Throws Made,5,11/13/19,at Bethany (Kan.),https://macbulldogs.com/sports/womens-basketball/roster/haley-hurst/5483
Haley Hurst,2019-20,Free Throw Attempts,10,11/13/19,at Bethany (Kan.),https://macbulldogs.com/sports/womens-basketball/roster/haley-hurst/5483
Haley Hurst,2019-20,Rebounds,8,02/15/20,at Kansas Wesleyan,https://macbulldogs.com/sports/womens-basketball/roster/haley-hurst/5483
Haley Hurst,2019-20,Assists,2,11/16/19,Tabor (Kan.),https://macbulldogs.com/sports/womens-basketball/roster/haley-hurst/5483
Haley Hurst,2019-20,Blocks,1,02/15/20,at Kansas Wesleyan,https://macbulldogs.com/sports/womens-basketball/roster/haley-hurst/5483
Haley Hurst,2019-20,Steals,2,11/02/19,Randall,https://macbulldogs.com/sports/womens-basketball/roster/haley-hurst/5483
Isabella Rosa,2025 - 26,Points,11,11/01/25,Cottey College,https://macbulldogs.com/sports/womens-basketball/roster/isabella-rosa/10874
Isabella Rosa,2025 - 26,Minutes,26,10/28/25,Hesston College,https://macbulldogs.com/sports/womens-basketball/roster/isabella-rosa/10874
Isabella Rosa,2025 - 26,Field Goals Made,5,11/01/25,Cottey College,https://macbulldogs.com/sports/womens-basketball/roster/isabella-rosa/10874
Isabella Rosa,2025 - 26,Field Goal Attempts,10,10/28/25,Hesston College,https://macbulldogs.com/sports/womens-basketball/roster/isabella-rosa/10874
Isabella Rosa,2025 - 26,3-Point Field Goals Made,0,02/21/26,Oklahoma Wesleyan University,https://macbulldogs.com/sports/womens-basketball/roster/isabella-rosa/10874
Isabella Rosa,2025 - 26,3-Point Field Goal Attempts,1,02/07/26,at Saint Mary,https://macbulldogs.com/sports/womens-basketball/roster/isabella-rosa/10874
Isabella Rosa,2025 - 26,Free Throws Made,6,02/07/26,at Saint Mary,https://macbulldogs.com/sports/womens-basketball/roster/isabella-rosa/10874
Isabella Rosa,2025 - 26,Free Throw Attempts,10,02/07/26,at Saint Mary,https://macbulldogs.com/sports/womens-basketball/roster/isabella-rosa/10874
Isabella Rosa,2025 - 26,Rebounds,8,11/01/25,Cottey College,https://macbulldogs.com/sports/womens-basketball/roster/isabella-rosa/10874
Isabella Rosa,2025 - 26,Assists,2,02/18/26,Sterling College,https://macbulldogs.com/sports/womens-basketball/roster/isabella-rosa/10874
Isabella Rosa,2025 - 26,Blocks,1,02/21/26,Oklahoma Wesleyan University,https://macbulldogs.com/sports/womens-basketball/roster/isabella-rosa/10874
Isabella Rosa,2025 - 26,Steals,2,02/11/26,at York (NE),https://macbulldogs.com/sports/womens-basketball/roster/isabella-rosa/10874
Ja'Kia Wells,2020-21,Points,11,10/26/20,at Central Christian (Kan.),https://macbulldogs.com/sports/womens-basketball/roster/ja-kia-wells/8015
Ja'Kia Wells,2020-21,Minutes,30,11/04/20,Avila (Mo.),https://macbulldogs.com/sports/womens-basketball/roster/ja-kia-wells/8015
Ja'Kia Wells,2020-21,Field Goals Made,4,02/20/21,Ottawa (Kan.),https://macbulldogs.com/sports/womens-basketball/roster/ja-kia-wells/8015
Ja'Kia Wells,2020-21,Field Goal Attempts,8,02/06/21,Bethel (Kan.),https://macbulldogs.com/sports/womens-basketball/roster/ja-kia-wells/8015
Ja'Kia Wells,2020-21,3-Point Field Goals Made,1,01/16/21,Bethany (Kan.),https://macbulldogs.com/sports/womens-basketball/roster/ja-kia-wells/8015
Ja'Kia Wells,2020-21,3-Point Field Goal Attempts,3,02/06/21,Bethel (Kan.),https://macbulldogs.com/sports/womens-basketball/roster/ja-kia-wells/8015
Ja'Kia Wells,2020-21,Free Throws Made,5,10/26/20,at Central Christian (Kan.),https://macbulldogs.com/sports/womens-basketball/roster/ja-kia-wells/8015
Ja'Kia Wells,2020-21,Free Throw Attempts,9,10/26/20,at Central Christian (Kan.),https://macbulldogs.com/sports/womens-basketball/roster/ja-kia-wells/8015
Ja'Kia Wells,2020-21,Rebounds,9,02/20/21,Ottawa (Kan.),https://macbulldogs.com/sports/womens-basketball/roster/ja-kia-wells/8015
Ja'Kia Wells,2020-21,Assists,3,02/25/21,Kansas Wesleyan,https://macbulldogs.com/sports/womens-basketball/roster/ja-kia-wells/8015
Ja'Kia Wells,2020-21,Blocks,2,02/10/21,at Sterling (Kan.),https://macbulldogs.com/sports/womens-basketball/roster/ja-kia-wells/8015
Ja'Kia Wells,2020-21,Steals,4,01/23/21,Kansas Wesleyan,https://macbulldogs.com/sports/womens-basketball/roster/ja-kia-wells/8015
Ja'Kia Wells,2021-22,Points,12,01/15/22,Kansas Wesleyan,https://macbulldogs.com/sports/womens-basketball/roster/ja-kia-wells/8015
Ja'Kia Wells,2021-22,Minutes,35,01/05/22,at Southwestern,https://macbulldogs.com/sports/womens-basketball/roster/ja-kia-wells/8015
Ja'Kia Wells,2021-22,Field Goals Made,5,01/22/22,Bethany,https://macbulldogs.com/sports/womens-basketball/roster/ja-kia-wells/8015
Ja'Kia Wells,2021-22,Field Goal Attempts,12,01/22/22,Bethany,https://macbulldogs.com/sports/womens-basketball/roster/ja-kia-wells/8015
Ja'Kia Wells,2021-22,3-Point Field Goals Made,2,12/02/21,at Friends,https://macbulldogs.com/sports/womens-basketball/roster/ja-kia-wells/8015
Ja'Kia Wells,2021-22,3-Point Field Goal Attempts,3,12/02/21,at Friends,https://macbulldogs.com/sports/womens-basketball/roster/ja-kia-wells/8015
Ja'Kia Wells,2021-22,Free Throws Made,4,02/09/22,at Ottawa University,https://macbulldogs.com/sports/womens-basketball/roster/ja-kia-wells/8015
Ja'Kia Wells,2021-22,Free Throw Attempts,6,12/17/21,vs Williams Baptist,https://macbulldogs.com/sports/womens-basketball/roster/ja-kia-wells/8015
Ja'Kia Wells,2021-22,Rebounds,13,01/22/22,Bethany,https://macbulldogs.com/sports/womens-basketball/roster/ja-kia-wells/8015
Ja'Kia Wells,2021-22,Assists,5,01/05/22,at Southwestern,https://macbulldogs.com/sports/womens-basketball/roster/ja-kia-wells/8015
Ja'Kia Wells,2021-22,Blocks,4,11/09/21,Central Christian,https://macbulldogs.com/sports/womens-basketball/roster/ja-kia-wells/8015
Ja'Kia Wells,2021-22,Steals,4,02/12/22,Southwestern,https://macbulldogs.com/sports/womens-basketball/roster/ja-kia-wells/8015
Jacee Coberly,2009-10,Points,10,02/06/10,at Southwestern College,https://macbulldogs.com/sports/womens-basketball/roster/jacee-coberly/551
Jacee Coberly,2009-10,Minutes,40,11/21/09,at Haskell Indian Nations Un,https://macbulldogs.com/sports/womens-basketball/roster/jacee-coberly/551
Jacee Coberly,2009-10,Field Goals Made,4,02/06/10,at Southwestern College,https://macbulldogs.com/sports/womens-basketball/roster/jacee-coberly/551
Jacee Coberly,2009-10,Field Goal Attempts,9,12/05/09,Ottawa University,https://macbulldogs.com/sports/womens-basketball/roster/jacee-coberly/551
Jacee Coberly,2009-10,3-Point Field Goals Made,2,02/06/10,at Southwestern College,https://macbulldogs.com/sports/womens-basketball/roster/jacee-coberly/551
Jacee Coberly,2009-10,3-Point Field Goal Attempts,4,11/17/09,Central Christian College,https://macbulldogs.com/sports/womens-basketball/roster/jacee-coberly/551
Jacee Coberly,2009-10,Free Throws Made,3,01/09/10,at University of St.Mary,https://macbulldogs.com/sports/womens-basketball/roster/jacee-coberly/551
Jacee Coberly,2009-10,Free Throw Attempts,3,02/13/10,Friends University,https://macbulldogs.com/sports/womens-basketball/roster/jacee-coberly/551
Jacee Coberly,2009-10,Rebounds,7,12/05/09,Ottawa University,https://macbulldogs.com/sports/womens-basketball/roster/jacee-coberly/551
Jacee Coberly,2009-10,Assists,3,01/16/10,Sterling College,https://macbulldogs.com/sports/womens-basketball/roster/jacee-coberly/551
Jacee Coberly,2009-10,Blocks,1,02/20/10,at Bethel College,https://macbulldogs.com/sports/womens-basketball/roster/jacee-coberly/551
Jacee Coberly,2009-10,Steals,2,01/14/10,at Friends University,https://macbulldogs.com/sports/womens-basketball/roster/jacee-coberly/551
Jacee Coberly,2010-11,Points,6,11/05/10,Johnson & Wales Universit,https://macbulldogs.com/sports/womens-basketball/roster/jacee-coberly/551
Jacee Coberly,2010-11,Minutes,26,10/29/10,at Peru State College,https://macbulldogs.com/sports/womens-basketball/roster/jacee-coberly/551
Jacee Coberly,2010-11,Field Goals Made,2,10/29/10,at Peru State College,https://macbulldogs.com/sports/womens-basketball/roster/jacee-coberly/551
Jacee Coberly,2010-11,Field Goal Attempts,9,10/29/10,at Peru State College,https://macbulldogs.com/sports/womens-basketball/roster/jacee-coberly/551
Jacee Coberly,2010-11,3-Point Field Goals Made,1,11/05/10,Johnson & Wales Universit,https://macbulldogs.com/sports/womens-basketball/roster/jacee-coberly/551
Jacee Coberly,2010-11,3-Point Field Goal Attempts,3,11/05/10,Johnson & Wales Universit,https://macbulldogs.com/sports/womens-basketball/roster/jacee-coberly/551
Jacee Coberly,2010-11,Free Throws Made,3,11/05/10,Johnson & Wales Universit,https://macbulldogs.com/sports/womens-basketball/roster/jacee-coberly/551
Jacee Coberly,2010-11,Free Throw Attempts,4,11/05/10,Johnson & Wales Universit,https://macbulldogs.com/sports/womens-basketball/roster/jacee-coberly/551
Jacee Coberly,2010-11,Rebounds,7,11/05/10,Johnson & Wales Universit,https://macbulldogs.com/sports/womens-basketball/roster/jacee-coberly/551
Jacee Coberly,2010-11,Assists,2,11/02/10,at Haskell Indian Nations Un,https://macbulldogs.com/sports/womens-basketball/roster/jacee-coberly/551
Jacee Coberly,2010-11,Blocks,0,02/17/11,University of St.Mary,https://macbulldogs.com/sports/womens-basketball/roster/jacee-coberly/551
Jacee Coberly,2010-11,Steals,2,10/29/10,at Peru State College,https://macbulldogs.com/sports/womens-basketball/roster/jacee-coberly/551
Jayla Moore,2021-22,Points,2,01/10/22,Tabor,https://macbulldogs.com/sports/womens-basketball/roster/jayla-moore/8027
Jayla Moore,2021-22,Minutes,9,01/10/22,Tabor,https://macbulldogs.com/sports/womens-basketball/roster/jayla-moore/8027
Jayla Moore,2021-22,Field Goals Made,0,02/16/22,at Sterling,https://macbulldogs.com/sports/womens-basketball/roster/jayla-moore/8027
Jayla Moore,2021-22,Field Goal Attempts,2,01/10/22,Tabor,https://macbulldogs.com/sports/womens-basketball/roster/jayla-moore/8027
Jayla Moore,2021-22,3-Point Field Goals Made,0,02/16/22,at Sterling,https://macbulldogs.com/sports/womens-basketball/roster/jayla-moore/8027
Jayla Moore,2021-22,3-Point Field Goal Attempts,1,12/17/21,vs Williams Baptist,https://macbulldogs.com/sports/womens-basketball/roster/jayla-moore/8027
Jayla Moore,2021-22,Free Throws Made,2,01/10/22,Tabor,https://macbulldogs.com/sports/womens-basketball/roster/jayla-moore/8027
Jayla Moore,2021-22,Free Throw Attempts,2,02/16/22,at Sterling,https://macbulldogs.com/sports/womens-basketball/roster/jayla-moore/8027
Jayla Moore,2021-22,Rebounds,3,02/16/22,at Sterling,https://macbulldogs.com/sports/womens-basketball/roster/jayla-moore/8027
Jayla Moore,2021-22,Assists,1,11/17/21,St. Mary,https://macbulldogs.com/sports/womens-basketball/roster/jayla-moore/8027
Jayla Moore,2021-22,Blocks,1,11/29/21,Bethel,https://macbulldogs.com/sports/womens-basketball/roster/jayla-moore/8027
Jayla Moore,2021-22,Steals,0,02/16/22,at Sterling,https://macbulldogs.com/sports/womens-basketball/roster/jayla-moore/8027
Jayla Moore,2022-23,Points,11,01/21/23,at Oklahoma Wesleyan,https://macbulldogs.com/sports/womens-basketball/roster/jayla-moore/8027
Jayla Moore,2022-23,Minutes,27,12/14/22,at College of the Ozarks,https://macbulldogs.com/sports/womens-basketball/roster/jayla-moore/8027
Jayla Moore,2022-23,Field Goals Made,5,01/21/23,at Oklahoma Wesleyan,https://macbulldogs.com/sports/womens-basketball/roster/jayla-moore/8027
Jayla Moore,2022-23,Field Goal Attempts,9,01/21/23,at Oklahoma Wesleyan,https://macbulldogs.com/sports/womens-basketball/roster/jayla-moore/8027
Jayla Moore,2022-23,3-Point Field Goals Made,1,11/19/22,Oklahoma Wesleyan University,https://macbulldogs.com/sports/womens-basketball/roster/jayla-moore/8027
Jayla Moore,2022-23,3-Point Field Goal Attempts,1,01/19/23,Avila University,https://macbulldogs.com/sports/womens-basketball/roster/jayla-moore/8027
Jayla Moore,2022-23,Free Throws Made,3,12/01/22,at Sterling,https://macbulldogs.com/sports/womens-basketball/roster/jayla-moore/8027
Jayla Moore,2022-23,Free Throw Attempts,4,12/01/22,at Sterling,https://macbulldogs.com/sports/womens-basketball/roster/jayla-moore/8027
Jayla Moore,2022-23,Rebounds,4,11/12/22,Haskell,https://macbulldogs.com/sports/womens-basketball/roster/jayla-moore/8027
Jayla Moore,2022-23,Assists,3,02/08/23,Southwestern,https://macbulldogs.com/sports/womens-basketball/roster/jayla-moore/8027
Jayla Moore,2022-23,Blocks,1,11/08/22,at Central Christian,https://macbulldogs.com/sports/womens-basketball/roster/jayla-moore/8027
Jayla Moore,2022-23,Steals,2,01/07/23,Bethel,https://macbulldogs.com/sports/womens-basketball/roster/jayla-moore/8027
Jayla Moore,2023-24,Points,2,01/06/24,Southwestern College,https://macbulldogs.com/sports/womens-basketball/roster/jayla-moore/8027
Jayla Moore,2023-24,Minutes,11,01/06/24,Southwestern College,https://macbulldogs.com/sports/womens-basketball/roster/jayla-moore/8027
Jayla Moore,2023-24,Field Goals Made,1,01/06/24,Southwestern College,https://macbulldogs.com/sports/womens-basketball/roster/jayla-moore/8027
Jayla Moore,2023-24,Field Goal Attempts,3,01/06/24,Southwestern College,https://macbulldogs.com/sports/womens-basketball/roster/jayla-moore/8027
Jayla Moore,2023-24,3-Point Field Goals Made,0,01/06/24,Southwestern College,https://macbulldogs.com/sports/womens-basketball/roster/jayla-moore/8027
Jayla Moore,2023-24,3-Point Field Goal Attempts,0,01/06/24,Southwestern College,https://macbulldogs.com/sports/womens-basketball/roster/jayla-moore/8027
Jayla Moore,2023-24,Free Throws Made,0,01/06/24,Southwestern College,https://macbulldogs.com/sports/womens-basketball/roster/jayla-moore/8027
Jayla Moore,2023-24,Free Throw Attempts,0,01/06/24,Southwestern College,https://macbulldogs.com/sports/womens-basketball/roster/jayla-moore/8027
Jayla Moore,2023-24,Rebounds,2,01/06/24,Southwestern College,https://macbulldogs.com/sports/womens-basketball/roster/jayla-moore/8027
Jayla Moore,2023-24,Assists,0,01/06/24,Southwestern College,https://macbulldogs.com/sports/womens-basketball/roster/jayla-moore/8027
Jayla Moore,2023-24,Blocks,0,01/06/24,Southwestern College,https://macbulldogs.com/sports/womens-basketball/roster/jayla-moore/8027
Jayla Moore,2023-24,Steals,2,01/06/24,Southwestern College,https://macbulldogs.com/sports/womens-basketball/roster/jayla-moore/8027
Jayla Moore,2024-25,Points,0,02/20/25,at Sterling College,https://macbulldogs.com/sports/womens-basketball/roster/jayla-moore/8027
Jayla Moore,2024-25,Minutes,21,02/20/25,at Sterling College,https://macbulldogs.com/sports/womens-basketball/roster/jayla-moore/8027
Jayla Moore,2024-25,Field Goals Made,0,02/20/25,at Sterling College,https://macbulldogs.com/sports/womens-basketball/roster/jayla-moore/8027
Jayla Moore,2024-25,Field Goal Attempts,4,02/20/25,at Sterling College,https://macbulldogs.com/sports/womens-basketball/roster/jayla-moore/8027
Jayla Moore,2024-25,3-Point Field Goals Made,0,02/20/25,at Sterling College,https://macbulldogs.com/sports/womens-basketball/roster/jayla-moore/8027
Jayla Moore,2024-25,3-Point Field Goal Attempts,0,02/20/25,at Sterling College,https://macbulldogs.com/sports/womens-basketball/roster/jayla-moore/8027
Jayla Moore,2024-25,Free Throws Made,0,02/20/25,at Sterling College,https://macbulldogs.com/sports/womens-basketball/roster/jayla-moore/8027
Jayla Moore,2024-25,Free Throw Attempts,0,02/20/25,at Sterling College,https://macbulldogs.com/sports/womens-basketball/roster/jayla-moore/8027
Jayla Moore,2024-25,Rebounds,2,02/20/25,at Sterling College,https://macbulldogs.com/sports/womens-basketball/roster/jayla-moore/8027
Jayla Moore,2024-25,Assists,1,02/20/25,at Sterling College,https://macbulldogs.com/sports/womens-basketball/roster/jayla-moore/8027
Jayla Moore,2024-25,Blocks,0,02/20/25,at Sterling College,https://macbulldogs.com/sports/womens-basketball/roster/jayla-moore/8027
Jayla Moore,2024-25,Steals,3,02/20/25,at Sterling College,https://macbulldogs.com/sports/womens-basketball/roster/jayla-moore/8027
Jayla Moore,2021-22,Points,2,01/10/22,Tabor,https://macbulldogs.com/sports/womens-basketball/roster/jayla-moore/8724
Jayla Moore,2021-22,Minutes,9,01/10/22,Tabor,https://macbulldogs.com/sports/womens-basketball/roster/jayla-moore/8724
Jayla Moore,2021-22,Field Goals Made,0,02/16/22,at Sterling,https://macbulldogs.com/sports/womens-basketball/roster/jayla-moore/8724
Jayla Moore,2021-22,Field Goal Attempts,2,01/10/22,Tabor,https://macbulldogs.com/sports/womens-basketball/roster/jayla-moore/8724
Jayla Moore,2021-22,3-Point Field Goals Made,0,02/16/22,at Sterling,https://macbulldogs.com/sports/womens-basketball/roster/jayla-moore/8724
Jayla Moore,2021-22,3-Point Field Goal Attempts,1,12/17/21,vs Williams Baptist,https://macbulldogs.com/sports/womens-basketball/roster/jayla-moore/8724
Jayla Moore,2021-22,Free Throws Made,2,01/10/22,Tabor,https://macbulldogs.com/sports/womens-basketball/roster/jayla-moore/8724
Jayla Moore,2021-22,Free Throw Attempts,2,02/16/22,at Sterling,https://macbulldogs.com/sports/womens-basketball/roster/jayla-moore/8724
Jayla Moore,2021-22,Rebounds,3,02/16/22,at Sterling,https://macbulldogs.com/sports/womens-basketball/roster/jayla-moore/8724
Jayla Moore,2021-22,Assists,1,11/17/21,St. Mary,https://macbulldogs.com/sports/womens-basketball/roster/jayla-moore/8724
Jayla Moore,2021-22,Blocks,1,11/29/21,Bethel,https://macbulldogs.com/sports/womens-basketball/roster/jayla-moore/8724
Jayla Moore,2021-22,Steals,0,02/16/22,at Sterling,https://macbulldogs.com/sports/womens-basketball/roster/jayla-moore/8724
Jayla Moore,2022-23,Points,11,01/21/23,at Oklahoma Wesleyan,https://macbulldogs.com/sports/womens-basketball/roster/jayla-moore/8724
Jayla Moore,2022-23,Minutes,27,12/14/22,at College of the Ozarks,https://macbulldogs.com/sports/womens-basketball/roster/jayla-moore/8724
Jayla Moore,2022-23,Field Goals Made,5,01/21/23,at Oklahoma Wesleyan,https://macbulldogs.com/sports/womens-basketball/roster/jayla-moore/8724
Jayla Moore,2022-23,Field Goal Attempts,9,01/21/23,at Oklahoma Wesleyan,https://macbulldogs.com/sports/womens-basketball/roster/jayla-moore/8724
Jayla Moore,2022-23,3-Point Field Goals Made,1,11/19/22,Oklahoma Wesleyan University,https://macbulldogs.com/sports/womens-basketball/roster/jayla-moore/8724
Jayla Moore,2022-23,3-Point Field Goal Attempts,1,01/19/23,Avila University,https://macbulldogs.com/sports/womens-basketball/roster/jayla-moore/8724
Jayla Moore,2022-23,Free Throws Made,3,12/01/22,at Sterling,https://macbulldogs.com/sports/womens-basketball/roster/jayla-moore/8724
Jayla Moore,2022-23,Free Throw Attempts,4,12/01/22,at Sterling,https://macbulldogs.com/sports/womens-basketball/roster/jayla-moore/8724
Jayla Moore,2022-23,Rebounds,4,11/12/22,Haskell,https://macbulldogs.com/sports/womens-basketball/roster/jayla-moore/8724
Jayla Moore,2022-23,Assists,3,02/08/23,Southwestern,https://macbulldogs.com/sports/womens-basketball/roster/jayla-moore/8724
Jayla Moore,2022-23,Blocks,1,11/08/22,at Central Christian,https://macbulldogs.com/sports/womens-basketball/roster/jayla-moore/8724
Jayla Moore,2022-23,Steals,2,01/07/23,Bethel,https://macbulldogs.com/sports/womens-basketball/roster/jayla-moore/8724
Jayla Moore,2023-24,Points,2,01/06/24,Southwestern College,https://macbulldogs.com/sports/womens-basketball/roster/jayla-moore/8724
Jayla Moore,2023-24,Minutes,11,01/06/24,Southwestern College,https://macbulldogs.com/sports/womens-basketball/roster/jayla-moore/8724
Jayla Moore,2023-24,Field Goals Made,1,01/06/24,Southwestern College,https://macbulldogs.com/sports/womens-basketball/roster/jayla-moore/8724
Jayla Moore,2023-24,Field Goal Attempts,3,01/06/24,Southwestern College,https://macbulldogs.com/sports/womens-basketball/roster/jayla-moore/8724
Jayla Moore,2023-24,3-Point Field Goals Made,0,01/06/24,Southwestern College,https://macbulldogs.com/sports/womens-basketball/roster/jayla-moore/8724
Jayla Moore,2023-24,3-Point Field Goal Attempts,0,01/06/24,Southwestern College,https://macbulldogs.com/sports/womens-basketball/roster/jayla-moore/8724
Jayla Moore,2023-24,Free Throws Made,0,01/06/24,Southwestern College,https://macbulldogs.com/sports/womens-basketball/roster/jayla-moore/8724
Jayla Moore,2023-24,Free Throw Attempts,0,01/06/24,Southwestern College,https://macbulldogs.com/sports/womens-basketball/roster/jayla-moore/8724
Jayla Moore,2023-24,Rebounds,2,01/06/24,Southwestern College,https://macbulldogs.com/sports/womens-basketball/roster/jayla-moore/8724
Jayla Moore,2023-24,Assists,0,01/06/24,Southwestern College,https://macbulldogs.com/sports/womens-basketball/roster/jayla-moore/8724
Jayla Moore,2023-24,Blocks,0,01/06/24,Southwestern College,https://macbulldogs.com/sports/womens-basketball/roster/jayla-moore/8724
Jayla Moore,2023-24,Steals,2,01/06/24,Southwestern College,https://macbulldogs.com/sports/womens-basketball/roster/jayla-moore/8724
Jayla Moore,2024-25,Points,0,02/20/25,at Sterling College,https://macbulldogs.com/sports/womens-basketball/roster/jayla-moore/8724
Jayla Moore,2024-25,Minutes,21,02/20/25,at Sterling College,https://macbulldogs.com/sports/womens-basketball/roster/jayla-moore/8724
Jayla Moore,2024-25,Field Goals Made,0,02/20/25,at Sterling College,https://macbulldogs.com/sports/womens-basketball/roster/jayla-moore/8724
Jayla Moore,2024-25,Field Goal Attempts,4,02/20/25,at Sterling College,https://macbulldogs.com/sports/womens-basketball/roster/jayla-moore/8724
Jayla Moore,2024-25,3-Point Field Goals Made,0,02/20/25,at Sterling College,https://macbulldogs.com/sports/womens-basketball/roster/jayla-moore/8724
Jayla Moore,2024-25,3-Point Field Goal Attempts,0,02/20/25,at Sterling College,https://macbulldogs.com/sports/womens-basketball/roster/jayla-moore/8724
Jayla Moore,2024-25,Free Throws Made,0,02/20/25,at Sterling College,https://macbulldogs.com/sports/womens-basketball/roster/jayla-moore/8724
Jayla Moore,2024-25,Free Throw Attempts,0,02/20/25,at Sterling College,https://macbulldogs.com/sports/womens-basketball/roster/jayla-moore/8724
Jayla Moore,2024-25,Rebounds,2,02/20/25,at Sterling College,https://macbulldogs.com/sports/womens-basketball/roster/jayla-moore/8724
Jayla Moore,2024-25,Assists,1,02/20/25,at Sterling College,https://macbulldogs.com/sports/womens-basketball/roster/jayla-moore/8724
Jayla Moore,2024-25,Blocks,0,02/20/25,at Sterling College,https://macbulldogs.com/sports/womens-basketball/roster/jayla-moore/8724
Jayla Moore,2024-25,Steals,3,02/20/25,at Sterling College,https://macbulldogs.com/sports/womens-basketball/roster/jayla-moore/8724
Jayla Moore,2021-22,Points,2,01/10/22,Tabor,https://macbulldogs.com/sports/womens-basketball/roster/jayla-moore/9600
Jayla Moore,2021-22,Minutes,9,01/10/22,Tabor,https://macbulldogs.com/sports/womens-basketball/roster/jayla-moore/9600
Jayla Moore,2021-22,Field Goals Made,0,02/16/22,at Sterling,https://macbulldogs.com/sports/womens-basketball/roster/jayla-moore/9600
Jayla Moore,2021-22,Field Goal Attempts,2,01/10/22,Tabor,https://macbulldogs.com/sports/womens-basketball/roster/jayla-moore/9600
Jayla Moore,2021-22,3-Point Field Goals Made,0,02/16/22,at Sterling,https://macbulldogs.com/sports/womens-basketball/roster/jayla-moore/9600
Jayla Moore,2021-22,3-Point Field Goal Attempts,1,12/17/21,vs Williams Baptist,https://macbulldogs.com/sports/womens-basketball/roster/jayla-moore/9600
Jayla Moore,2021-22,Free Throws Made,2,01/10/22,Tabor,https://macbulldogs.com/sports/womens-basketball/roster/jayla-moore/9600
Jayla Moore,2021-22,Free Throw Attempts,2,02/16/22,at Sterling,https://macbulldogs.com/sports/womens-basketball/roster/jayla-moore/9600
Jayla Moore,2021-22,Rebounds,3,02/16/22,at Sterling,https://macbulldogs.com/sports/womens-basketball/roster/jayla-moore/9600
Jayla Moore,2021-22,Assists,1,11/17/21,St. Mary,https://macbulldogs.com/sports/womens-basketball/roster/jayla-moore/9600
Jayla Moore,2021-22,Blocks,1,11/29/21,Bethel,https://macbulldogs.com/sports/womens-basketball/roster/jayla-moore/9600
Jayla Moore,2021-22,Steals,0,02/16/22,at Sterling,https://macbulldogs.com/sports/womens-basketball/roster/jayla-moore/9600
Jayla Moore,2022-23,Points,11,01/21/23,at Oklahoma Wesleyan,https://macbulldogs.com/sports/womens-basketball/roster/jayla-moore/9600
Jayla Moore,2022-23,Minutes,27,12/14/22,at College of the Ozarks,https://macbulldogs.com/sports/womens-basketball/roster/jayla-moore/9600
Jayla Moore,2022-23,Field Goals Made,5,01/21/23,at Oklahoma Wesleyan,https://macbulldogs.com/sports/womens-basketball/roster/jayla-moore/9600
Jayla Moore,2022-23,Field Goal Attempts,9,01/21/23,at Oklahoma Wesleyan,https://macbulldogs.com/sports/womens-basketball/roster/jayla-moore/9600
Jayla Moore,2022-23,3-Point Field Goals Made,1,11/19/22,Oklahoma Wesleyan University,https://macbulldogs.com/sports/womens-basketball/roster/jayla-moore/9600
Jayla Moore,2022-23,3-Point Field Goal Attempts,1,01/19/23,Avila University,https://macbulldogs.com/sports/womens-basketball/roster/jayla-moore/9600
Jayla Moore,2022-23,Free Throws Made,3,12/01/22,at Sterling,https://macbulldogs.com/sports/womens-basketball/roster/jayla-moore/9600
Jayla Moore,2022-23,Free Throw Attempts,4,12/01/22,at Sterling,https://macbulldogs.com/sports/womens-basketball/roster/jayla-moore/9600
Jayla Moore,2022-23,Rebounds,4,11/12/22,Haskell,https://macbulldogs.com/sports/womens-basketball/roster/jayla-moore/9600
Jayla Moore,2022-23,Assists,3,02/08/23,Southwestern,https://macbulldogs.com/sports/womens-basketball/roster/jayla-moore/9600
Jayla Moore,2022-23,Blocks,1,11/08/22,at Central Christian,https://macbulldogs.com/sports/womens-basketball/roster/jayla-moore/9600
Jayla Moore,2022-23,Steals,2,01/07/23,Bethel,https://macbulldogs.com/sports/womens-basketball/roster/jayla-moore/9600
Jayla Moore,2023-24,Points,2,01/06/24,Southwestern College,https://macbulldogs.com/sports/womens-basketball/roster/jayla-moore/9600
Jayla Moore,2023-24,Minutes,11,01/06/24,Southwestern College,https://macbulldogs.com/sports/womens-basketball/roster/jayla-moore/9600
Jayla Moore,2023-24,Field Goals Made,1,01/06/24,Southwestern College,https://macbulldogs.com/sports/womens-basketball/roster/jayla-moore/9600
Jayla Moore,2023-24,Field Goal Attempts,3,01/06/24,Southwestern College,https://macbulldogs.com/sports/womens-basketball/roster/jayla-moore/9600
Jayla Moore,2023-24,3-Point Field Goals Made,0,01/06/24,Southwestern College,https://macbulldogs.com/sports/womens-basketball/roster/jayla-moore/9600
Jayla Moore,2023-24,3-Point Field Goal Attempts,0,01/06/24,Southwestern College,https://macbulldogs.com/sports/womens-basketball/roster/jayla-moore/9600
Jayla Moore,2023-24,Free Throws Made,0,01/06/24,Southwestern College,https://macbulldogs.com/sports/womens-basketball/roster/jayla-moore/9600
Jayla Moore,2023-24,Free Throw Attempts,0,01/06/24,Southwestern College,https://macbulldogs.com/sports/womens-basketball/roster/jayla-moore/9600
Jayla Moore,2023-24,Rebounds,2,01/06/24,Southwestern College,https://macbulldogs.com/sports/womens-basketball/roster/jayla-moore/9600
Jayla Moore,2023-24,Assists,0,01/06/24,Southwestern College,https://macbulldogs.com/sports/womens-basketball/roster/jayla-moore/9600
Jayla Moore,2023-24,Blocks,0,01/06/24,Southwestern College,https://macbulldogs.com/sports/womens-basketball/roster/jayla-moore/9600
Jayla Moore,2023-24,Steals,2,01/06/24,Southwestern College,https://macbulldogs.com/sports/womens-basketball/roster/jayla-moore/9600
Jayla Moore,2024-25,Points,0,02/20/25,at Sterling College,https://macbulldogs.com/sports/womens-basketball/roster/jayla-moore/9600
Jayla Moore,2024-25,Minutes,21,02/20/25,at Sterling College,https://macbulldogs.com/sports/womens-basketball/roster/jayla-moore/9600
Jayla Moore,2024-25,Field Goals Made,0,02/20/25,at Sterling College,https://macbulldogs.com/sports/womens-basketball/roster/jayla-moore/9600
Jayla Moore,2024-25,Field Goal Attempts,4,02/20/25,at Sterling College,https://macbulldogs.com/sports/womens-basketball/roster/jayla-moore/9600
Jayla Moore,2024-25,3-Point Field Goals Made,0,02/20/25,at Sterling College,https://macbulldogs.com/sports/womens-basketball/roster/jayla-moore/9600
Jayla Moore,2024-25,3-Point Field Goal Attempts,0,02/20/25,at Sterling College,https://macbulldogs.com/sports/womens-basketball/roster/jayla-moore/9600
Jayla Moore,2024-25,Free Throws Made,0,02/20/25,at Sterling College,https://macbulldogs.com/sports/womens-basketball/roster/jayla-moore/9600
Jayla Moore,2024-25,Free Throw Attempts,0,02/20/25,at Sterling College,https://macbulldogs.com/sports/womens-basketball/roster/jayla-moore/9600
Jayla Moore,2024-25,Rebounds,2,02/20/25,at Sterling College,https://macbulldogs.com/sports/womens-basketball/roster/jayla-moore/9600
Jayla Moore,2024-25,Assists,1,02/20/25,at Sterling College,https://macbulldogs.com/sports/womens-basketball/roster/jayla-moore/9600
Jayla Moore,2024-25,Blocks,0,02/20/25,at Sterling College,https://macbulldogs.com/sports/womens-basketball/roster/jayla-moore/9600
Jayla Moore,2024-25,Steals,3,02/20/25,at Sterling College,https://macbulldogs.com/sports/womens-basketball/roster/jayla-moore/9600
Jayla Moore,2021-22,Points,2,01/10/22,Tabor,https://macbulldogs.com/sports/womens-basketball/roster/jayla-moore/9947
Jayla Moore,2021-22,Minutes,9,01/10/22,Tabor,https://macbulldogs.com/sports/womens-basketball/roster/jayla-moore/9947
Jayla Moore,2021-22,Field Goals Made,0,02/16/22,at Sterling,https://macbulldogs.com/sports/womens-basketball/roster/jayla-moore/9947
Jayla Moore,2021-22,Field Goal Attempts,2,01/10/22,Tabor,https://macbulldogs.com/sports/womens-basketball/roster/jayla-moore/9947
Jayla Moore,2021-22,3-Point Field Goals Made,0,02/16/22,at Sterling,https://macbulldogs.com/sports/womens-basketball/roster/jayla-moore/9947
Jayla Moore,2021-22,3-Point Field Goal Attempts,1,12/17/21,vs Williams Baptist,https://macbulldogs.com/sports/womens-basketball/roster/jayla-moore/9947
Jayla Moore,2021-22,Free Throws Made,2,01/10/22,Tabor,https://macbulldogs.com/sports/womens-basketball/roster/jayla-moore/9947
Jayla Moore,2021-22,Free Throw Attempts,2,02/16/22,at Sterling,https://macbulldogs.com/sports/womens-basketball/roster/jayla-moore/9947
Jayla Moore,2021-22,Rebounds,3,02/16/22,at Sterling,https://macbulldogs.com/sports/womens-basketball/roster/jayla-moore/9947
Jayla Moore,2021-22,Assists,1,11/17/21,St. Mary,https://macbulldogs.com/sports/womens-basketball/roster/jayla-moore/9947
Jayla Moore,2021-22,Blocks,1,11/29/21,Bethel,https://macbulldogs.com/sports/womens-basketball/roster/jayla-moore/9947
Jayla Moore,2021-22,Steals,0,02/16/22,at Sterling,https://macbulldogs.com/sports/womens-basketball/roster/jayla-moore/9947
Jayla Moore,2022-23,Points,11,01/21/23,at Oklahoma Wesleyan,https://macbulldogs.com/sports/womens-basketball/roster/jayla-moore/9947
Jayla Moore,2022-23,Minutes,27,12/14/22,at College of the Ozarks,https://macbulldogs.com/sports/womens-basketball/roster/jayla-moore/9947
Jayla Moore,2022-23,Field Goals Made,5,01/21/23,at Oklahoma Wesleyan,https://macbulldogs.com/sports/womens-basketball/roster/jayla-moore/9947
Jayla Moore,2022-23,Field Goal Attempts,9,01/21/23,at Oklahoma Wesleyan,https://macbulldogs.com/sports/womens-basketball/roster/jayla-moore/9947
Jayla Moore,2022-23,3-Point Field Goals Made,1,11/19/22,Oklahoma Wesleyan University,https://macbulldogs.com/sports/womens-basketball/roster/jayla-moore/9947
Jayla Moore,2022-23,3-Point Field Goal Attempts,1,01/19/23,Avila University,https://macbulldogs.com/sports/womens-basketball/roster/jayla-moore/9947
Jayla Moore,2022-23,Free Throws Made,3,12/01/22,at Sterling,https://macbulldogs.com/sports/womens-basketball/roster/jayla-moore/9947
Jayla Moore,2022-23,Free Throw Attempts,4,12/01/22,at Sterling,https://macbulldogs.com/sports/womens-basketball/roster/jayla-moore/9947
Jayla Moore,2022-23,Rebounds,4,11/12/22,Haskell,https://macbulldogs.com/sports/womens-basketball/roster/jayla-moore/9947
Jayla Moore,2022-23,Assists,3,02/08/23,Southwestern,https://macbulldogs.com/sports/womens-basketball/roster/jayla-moore/9947
Jayla Moore,2022-23,Blocks,1,11/08/22,at Central Christian,https://macbulldogs.com/sports/womens-basketball/roster/jayla-moore/9947
Jayla Moore,2022-23,Steals,2,01/07/23,Bethel,https://macbulldogs.com/sports/womens-basketball/roster/jayla-moore/9947
Jayla Moore,2023-24,Points,2,01/06/24,Southwestern College,https://macbulldogs.com/sports/womens-basketball/roster/jayla-moore/9947
Jayla Moore,2023-24,Minutes,11,01/06/24,Southwestern College,https://macbulldogs.com/sports/womens-basketball/roster/jayla-moore/9947
Jayla Moore,2023-24,Field Goals Made,1,01/06/24,Southwestern College,https://macbulldogs.com/sports/womens-basketball/roster/jayla-moore/9947
Jayla Moore,2023-24,Field Goal Attempts,3,01/06/24,Southwestern College,https://macbulldogs.com/sports/womens-basketball/roster/jayla-moore/9947
Jayla Moore,2023-24,3-Point Field Goals Made,0,01/06/24,Southwestern College,https://macbulldogs.com/sports/womens-basketball/roster/jayla-moore/9947
Jayla Moore,2023-24,3-Point Field Goal Attempts,0,01/06/24,Southwestern College,https://macbulldogs.com/sports/womens-basketball/roster/jayla-moore/9947
Jayla Moore,2023-24,Free Throws Made,0,01/06/24,Southwestern College,https://macbulldogs.com/sports/womens-basketball/roster/jayla-moore/9947
Jayla Moore,2023-24,Free Throw Attempts,0,01/06/24,Southwestern College,https://macbulldogs.com/sports/womens-basketball/roster/jayla-moore/9947
Jayla Moore,2023-24,Rebounds,2,01/06/24,Southwestern College,https://macbulldogs.com/sports/womens-basketball/roster/jayla-moore/9947
Jayla Moore,2023-24,Assists,0,01/06/24,Southwestern College,https://macbulldogs.com/sports/womens-basketball/roster/jayla-moore/9947
Jayla Moore,2023-24,Blocks,0,01/06/24,Southwestern College,https://macbulldogs.com/sports/womens-basketball/roster/jayla-moore/9947
Jayla Moore,2023-24,Steals,2,01/06/24,Southwestern College,https://macbulldogs.com/sports/womens-basketball/roster/jayla-moore/9947
Jayla Moore,2024-25,Points,0,02/20/25,at Sterling College,https://macbulldogs.com/sports/womens-basketball/roster/jayla-moore/9947
Jayla Moore,2024-25,Minutes,21,02/20/25,at Sterling College,https://macbulldogs.com/sports/womens-basketball/roster/jayla-moore/9947
Jayla Moore,2024-25,Field Goals Made,0,02/20/25,at Sterling College,https://macbulldogs.com/sports/womens-basketball/roster/jayla-moore/9947
Jayla Moore,2024-25,Field Goal Attempts,4,02/20/25,at Sterling College,https://macbulldogs.com/sports/womens-basketball/roster/jayla-moore/9947
Jayla Moore,2024-25,3-Point Field Goals Made,0,02/20/25,at Sterling College,https://macbulldogs.com/sports/womens-basketball/roster/jayla-moore/9947
Jayla Moore,2024-25,3-Point Field Goal Attempts,0,02/20/25,at Sterling College,https://macbulldogs.com/sports/womens-basketball/roster/jayla-moore/9947
Jayla Moore,2024-25,Free Throws Made,0,02/20/25,at Sterling College,https://macbulldogs.com/sports/womens-basketball/roster/jayla-moore/9947
Jayla Moore,2024-25,Free Throw Attempts,0,02/20/25,at Sterling College,https://macbulldogs.com/sports/womens-basketball/roster/jayla-moore/9947
Jayla Moore,2024-25,Rebounds,2,02/20/25,at Sterling College,https://macbulldogs.com/sports/womens-basketball/roster/jayla-moore/9947
Jayla Moore,2024-25,Assists,1,02/20/25,at Sterling College,https://macbulldogs.com/sports/womens-basketball/roster/jayla-moore/9947
Jayla Moore,2024-25,Blocks,0,02/20/25,at Sterling College,https://macbulldogs.com/sports/womens-basketball/roster/jayla-moore/9947
Jayla Moore,2024-25,Steals,3,02/20/25,at Sterling College,https://macbulldogs.com/sports/womens-basketball/roster/jayla-moore/9947
Julie Olvera,2017-18,Points,9,11/29/17,Southwestern (Kan.),https://macbulldogs.com/sports/womens-basketball/roster/julie-olvera/4110
Julie Olvera,2017-18,Minutes,24,01/06/18,Bethel (Kan.),https://macbulldogs.com/sports/womens-basketball/roster/julie-olvera/4110
Julie Olvera,2017-18,Field Goals Made,3,11/29/17,Southwestern (Kan.),https://macbulldogs.com/sports/womens-basketball/roster/julie-olvera/4110
Julie Olvera,2017-18,Field Goal Attempts,7,11/29/17,Southwestern (Kan.),https://macbulldogs.com/sports/womens-basketball/roster/julie-olvera/4110
Julie Olvera,2017-18,3-Point Field Goals Made,3,11/29/17,Southwestern (Kan.),https://macbulldogs.com/sports/womens-basketball/roster/julie-olvera/4110
Julie Olvera,2017-18,3-Point Field Goal Attempts,7,11/29/17,Southwestern (Kan.),https://macbulldogs.com/sports/womens-basketball/roster/julie-olvera/4110
Julie Olvera,2017-18,Free Throws Made,3,01/06/18,Bethel (Kan.),https://macbulldogs.com/sports/womens-basketball/roster/julie-olvera/4110
Julie Olvera,2017-18,Free Throw Attempts,4,01/06/18,Bethel (Kan.),https://macbulldogs.com/sports/womens-basketball/roster/julie-olvera/4110
Julie Olvera,2017-18,Rebounds,5,11/04/17,Haskell (Kan.),https://macbulldogs.com/sports/womens-basketball/roster/julie-olvera/4110
Julie Olvera,2017-18,Assists,2,12/12/17,York (Neb.),https://macbulldogs.com/sports/womens-basketball/roster/julie-olvera/4110
Julie Olvera,2017-18,Blocks,1,01/06/18,Bethel (Kan.),https://macbulldogs.com/sports/womens-basketball/roster/julie-olvera/4110
Julie Olvera,2017-18,Steals,4,11/04/17,Haskell (Kan.),https://macbulldogs.com/sports/womens-basketball/roster/julie-olvera/4110
Julie Olvera,2018-19,Points,0,10/30/18,McPherson,https://macbulldogs.com/sports/womens-basketball/roster/julie-olvera/4110
Julie Olvera,2018-19,Minutes,5,10/30/18,McPherson,https://macbulldogs.com/sports/womens-basketball/roster/julie-olvera/4110
Julie Olvera,2018-19,Field Goals Made,0,10/30/18,McPherson,https://macbulldogs.com/sports/womens-basketball/roster/julie-olvera/4110
Julie Olvera,2018-19,Field Goal Attempts,1,10/30/18,McPherson,https://macbulldogs.com/sports/womens-basketball/roster/julie-olvera/4110
Julie Olvera,2018-19,3-Point Field Goals Made,0,10/30/18,McPherson,https://macbulldogs.com/sports/womens-basketball/roster/julie-olvera/4110
Julie Olvera,2018-19,3-Point Field Goal Attempts,0,10/30/18,McPherson,https://macbulldogs.com/sports/womens-basketball/roster/julie-olvera/4110
Julie Olvera,2018-19,Free Throws Made,0,10/30/18,McPherson,https://macbulldogs.com/sports/womens-basketball/roster/julie-olvera/4110
Julie Olvera,2018-19,Free Throw Attempts,0,10/30/18,McPherson,https://macbulldogs.com/sports/womens-basketball/roster/julie-olvera/4110
Julie Olvera,2018-19,Rebounds,1,10/30/18,McPherson,https://macbulldogs.com/sports/womens-basketball/roster/julie-olvera/4110
Julie Olvera,2018-19,Assists,0,10/30/18,McPherson,https://macbulldogs.com/sports/womens-basketball/roster/julie-olvera/4110
Julie Olvera,2018-19,Blocks,0,10/30/18,McPherson,https://macbulldogs.com/sports/womens-basketball/roster/julie-olvera/4110
Julie Olvera,2018-19,Steals,0,10/30/18,McPherson,https://macbulldogs.com/sports/womens-basketball/roster/julie-olvera/4110
Kalli Olivar,2019-20,Points,0,02/08/20,Bethel (Kan.),https://macbulldogs.com/sports/womens-basketball/roster/kalli-olivar/7164
Kalli Olivar,2019-20,Minutes,2,02/08/20,Bethel (Kan.),https://macbulldogs.com/sports/womens-basketball/roster/kalli-olivar/7164
Kalli Olivar,2019-20,Field Goals Made,0,02/08/20,Bethel (Kan.),https://macbulldogs.com/sports/womens-basketball/roster/kalli-olivar/7164
Kalli Olivar,2019-20,Field Goal Attempts,0,02/08/20,Bethel (Kan.),https://macbulldogs.com/sports/womens-basketball/roster/kalli-olivar/7164
Kalli Olivar,2019-20,3-Point Field Goals Made,0,02/08/20,Bethel (Kan.),https://macbulldogs.com/sports/womens-basketball/roster/kalli-olivar/7164
Kalli Olivar,2019-20,3-Point Field Goal Attempts,0,02/08/20,Bethel (Kan.),https://macbulldogs.com/sports/womens-basketball/roster/kalli-olivar/7164
Kalli Olivar,2019-20,Free Throws Made,0,02/08/20,Bethel (Kan.),https://macbulldogs.com/sports/womens-basketball/roster/kalli-olivar/7164
Kalli Olivar,2019-20,Free Throw Attempts,0,02/08/20,Bethel (Kan.),https://macbulldogs.com/sports/womens-basketball/roster/kalli-olivar/7164
Kalli Olivar,2019-20,Rebounds,0,02/08/20,Bethel (Kan.),https://macbulldogs.com/sports/womens-basketball/roster/kalli-olivar/7164
Kalli Olivar,2019-20,Assists,0,02/08/20,Bethel (Kan.),https://macbulldogs.com/sports/womens-basketball/roster/kalli-olivar/7164
Kalli Olivar,2019-20,Blocks,0,02/08/20,Bethel (Kan.),https://macbulldogs.com/sports/womens-basketball/roster/kalli-olivar/7164
Kalli Olivar,2019-20,Steals,0,02/08/20,Bethel (Kan.),https://macbulldogs.com/sports/womens-basketball/roster/kalli-olivar/7164
Kalli Olivar,2020-21,Points,4,02/02/21,at Avila (Mo.),https://macbulldogs.com/sports/womens-basketball/roster/kalli-olivar/7164
Kalli Olivar,2020-21,Minutes,13,02/02/21,at Avila (Mo.),https://macbulldogs.com/sports/womens-basketball/roster/kalli-olivar/7164
Kalli Olivar,2020-21,Field Goals Made,1,02/02/21,at Avila (Mo.),https://macbulldogs.com/sports/womens-basketball/roster/kalli-olivar/7164
Kalli Olivar,2020-21,Field Goal Attempts,2,02/02/21,at Avila (Mo.),https://macbulldogs.com/sports/womens-basketball/roster/kalli-olivar/7164
Kalli Olivar,2020-21,3-Point Field Goals Made,1,02/02/21,at Avila (Mo.),https://macbulldogs.com/sports/womens-basketball/roster/kalli-olivar/7164
Kalli Olivar,2020-21,3-Point Field Goal Attempts,1,02/02/21,at Avila (Mo.),https://macbulldogs.com/sports/womens-basketball/roster/kalli-olivar/7164
Kalli Olivar,2020-21,Free Throws Made,1,02/02/21,at Avila (Mo.),https://macbulldogs.com/sports/womens-basketball/roster/kalli-olivar/7164
Kalli Olivar,2020-21,Free Throw Attempts,4,02/02/21,at Avila (Mo.),https://macbulldogs.com/sports/womens-basketball/roster/kalli-olivar/7164
Kalli Olivar,2020-21,Rebounds,1,02/04/21,at York (Neb.),https://macbulldogs.com/sports/womens-basketball/roster/kalli-olivar/7164
Kalli Olivar,2020-21,Assists,1,02/02/21,at Avila (Mo.),https://macbulldogs.com/sports/womens-basketball/roster/kalli-olivar/7164
Kalli Olivar,2020-21,Blocks,0,02/10/21,at Sterling (Kan.),https://macbulldogs.com/sports/womens-basketball/roster/kalli-olivar/7164
Kalli Olivar,2020-21,Steals,2,02/02/21,at Avila (Mo.),https://macbulldogs.com/sports/womens-basketball/roster/kalli-olivar/7164
Kalli Olivar,2021-22,Points,0,02/16/22,at Sterling,https://macbulldogs.com/sports/womens-basketball/roster/kalli-olivar/7164
Kalli Olivar,2021-22,Minutes,3,02/16/22,at Sterling,https://macbulldogs.com/sports/womens-basketball/roster/kalli-olivar/7164
Kalli Olivar,2021-22,Field Goals Made,0,02/16/22,at Sterling,https://macbulldogs.com/sports/womens-basketball/roster/kalli-olivar/7164
Kalli Olivar,2021-22,Field Goal Attempts,2,02/16/22,at Sterling,https://macbulldogs.com/sports/womens-basketball/roster/kalli-olivar/7164
Kalli Olivar,2021-22,3-Point Field Goals Made,0,02/16/22,at Sterling,https://macbulldogs.com/sports/womens-basketball/roster/kalli-olivar/7164
Kalli Olivar,2021-22,3-Point Field Goal Attempts,0,02/16/22,at Sterling,https://macbulldogs.com/sports/womens-basketball/roster/kalli-olivar/7164
Kalli Olivar,2021-22,Free Throws Made,0,02/16/22,at Sterling,https://macbulldogs.com/sports/womens-basketball/roster/kalli-olivar/7164
Kalli Olivar,2021-22,Free Throw Attempts,0,02/16/22,at Sterling,https://macbulldogs.com/sports/womens-basketball/roster/kalli-olivar/7164
Kalli Olivar,2021-22,Rebounds,1,01/27/22,Friends University,https://macbulldogs.com/sports/womens-basketball/roster/kalli-olivar/7164
Kalli Olivar,2021-22,Assists,0,02/16/22,at Sterling,https://macbulldogs.com/sports/womens-basketball/roster/kalli-olivar/7164
Kalli Olivar,2021-22,Blocks,0,02/16/22,at Sterling,https://macbulldogs.com/sports/womens-basketball/roster/kalli-olivar/7164
Kalli Olivar,2021-22,Steals,0,02/16/22,at Sterling,https://macbulldogs.com/sports/womens-basketball/roster/kalli-olivar/7164
Kalli Olivar,2022-23,Points,6,12/10/22,McPherson,https://macbulldogs.com/sports/womens-basketball/roster/kalli-olivar/7164
Kalli Olivar,2022-23,Minutes,28,12/10/22,McPherson,https://macbulldogs.com/sports/womens-basketball/roster/kalli-olivar/7164
Kalli Olivar,2022-23,Field Goals Made,1,12/10/22,McPherson,https://macbulldogs.com/sports/womens-basketball/roster/kalli-olivar/7164
Kalli Olivar,2022-23,Field Goal Attempts,6,12/10/22,McPherson,https://macbulldogs.com/sports/womens-basketball/roster/kalli-olivar/7164
Kalli Olivar,2022-23,3-Point Field Goals Made,0,12/10/22,McPherson,https://macbulldogs.com/sports/womens-basketball/roster/kalli-olivar/7164
Kalli Olivar,2022-23,3-Point Field Goal Attempts,1,12/10/22,McPherson,https://macbulldogs.com/sports/womens-basketball/roster/kalli-olivar/7164
Kalli Olivar,2022-23,Free Throws Made,4,12/10/22,McPherson,https://macbulldogs.com/sports/womens-basketball/roster/kalli-olivar/7164
Kalli Olivar,2022-23,Free Throw Attempts,6,12/10/22,McPherson,https://macbulldogs.com/sports/womens-basketball/roster/kalli-olivar/7164
Kalli Olivar,2022-23,Rebounds,2,12/10/22,McPherson,https://macbulldogs.com/sports/womens-basketball/roster/kalli-olivar/7164
Kalli Olivar,2022-23,Assists,0,12/10/22,McPherson,https://macbulldogs.com/sports/womens-basketball/roster/kalli-olivar/7164
Kalli Olivar,2022-23,Blocks,0,12/10/22,McPherson,https://macbulldogs.com/sports/womens-basketball/roster/kalli-olivar/7164
Kalli Olivar,2022-23,Steals,1,12/10/22,McPherson,https://macbulldogs.com/sports/womens-basketball/roster/kalli-olivar/7164
Kalli Olivar,2019-20,Points,0,02/08/20,Bethel (Kan.),https://macbulldogs.com/sports/womens-basketball/roster/kalli-olivar/8010
Kalli Olivar,2019-20,Minutes,2,02/08/20,Bethel (Kan.),https://macbulldogs.com/sports/womens-basketball/roster/kalli-olivar/8010
Kalli Olivar,2019-20,Field Goals Made,0,02/08/20,Bethel (Kan.),https://macbulldogs.com/sports/womens-basketball/roster/kalli-olivar/8010
Kalli Olivar,2019-20,Field Goal Attempts,0,02/08/20,Bethel (Kan.),https://macbulldogs.com/sports/womens-basketball/roster/kalli-olivar/8010
Kalli Olivar,2019-20,3-Point Field Goals Made,0,02/08/20,Bethel (Kan.),https://macbulldogs.com/sports/womens-basketball/roster/kalli-olivar/8010
Kalli Olivar,2019-20,3-Point Field Goal Attempts,0,02/08/20,Bethel (Kan.),https://macbulldogs.com/sports/womens-basketball/roster/kalli-olivar/8010
Kalli Olivar,2019-20,Free Throws Made,0,02/08/20,Bethel (Kan.),https://macbulldogs.com/sports/womens-basketball/roster/kalli-olivar/8010
Kalli Olivar,2019-20,Free Throw Attempts,0,02/08/20,Bethel (Kan.),https://macbulldogs.com/sports/womens-basketball/roster/kalli-olivar/8010
Kalli Olivar,2019-20,Rebounds,0,02/08/20,Bethel (Kan.),https://macbulldogs.com/sports/womens-basketball/roster/kalli-olivar/8010
Kalli Olivar,2019-20,Assists,0,02/08/20,Bethel (Kan.),https://macbulldogs.com/sports/womens-basketball/roster/kalli-olivar/8010
Kalli Olivar,2019-20,Blocks,0,02/08/20,Bethel (Kan.),https://macbulldogs.com/sports/womens-basketball/roster/kalli-olivar/8010
Kalli Olivar,2019-20,Steals,0,02/08/20,Bethel (Kan.),https://macbulldogs.com/sports/womens-basketball/roster/kalli-olivar/8010
Kalli Olivar,2020-21,Points,4,02/02/21,at Avila (Mo.),https://macbulldogs.com/sports/womens-basketball/roster/kalli-olivar/8010
Kalli Olivar,2020-21,Minutes,13,02/02/21,at Avila (Mo.),https://macbulldogs.com/sports/womens-basketball/roster/kalli-olivar/8010
Kalli Olivar,2020-21,Field Goals Made,1,02/02/21,at Avila (Mo.),https://macbulldogs.com/sports/womens-basketball/roster/kalli-olivar/8010
Kalli Olivar,2020-21,Field Goal Attempts,2,02/02/21,at Avila (Mo.),https://macbulldogs.com/sports/womens-basketball/roster/kalli-olivar/8010
Kalli Olivar,2020-21,3-Point Field Goals Made,1,02/02/21,at Avila (Mo.),https://macbulldogs.com/sports/womens-basketball/roster/kalli-olivar/8010
Kalli Olivar,2020-21,3-Point Field Goal Attempts,1,02/02/21,at Avila (Mo.),https://macbulldogs.com/sports/womens-basketball/roster/kalli-olivar/8010
Kalli Olivar,2020-21,Free Throws Made,1,02/02/21,at Avila (Mo.),https://macbulldogs.com/sports/womens-basketball/roster/kalli-olivar/8010
Kalli Olivar,2020-21,Free Throw Attempts,4,02/02/21,at Avila (Mo.),https://macbulldogs.com/sports/womens-basketball/roster/kalli-olivar/8010
Kalli Olivar,2020-21,Rebounds,1,02/04/21,at York (Neb.),https://macbulldogs.com/sports/womens-basketball/roster/kalli-olivar/8010
Kalli Olivar,2020-21,Assists,1,02/02/21,at Avila (Mo.),https://macbulldogs.com/sports/womens-basketball/roster/kalli-olivar/8010
Kalli Olivar,2020-21,Blocks,0,02/10/21,at Sterling (Kan.),https://macbulldogs.com/sports/womens-basketball/roster/kalli-olivar/8010
Kalli Olivar,2020-21,Steals,2,02/02/21,at Avila (Mo.),https://macbulldogs.com/sports/womens-basketball/roster/kalli-olivar/8010
Kalli Olivar,2021-22,Points,0,02/16/22,at Sterling,https://macbulldogs.com/sports/womens-basketball/roster/kalli-olivar/8010
Kalli Olivar,2021-22,Minutes,3,02/16/22,at Sterling,https://macbulldogs.com/sports/womens-basketball/roster/kalli-olivar/8010
Kalli Olivar,2021-22,Field Goals Made,0,02/16/22,at Sterling,https://macbulldogs.com/sports/womens-basketball/roster/kalli-olivar/8010
Kalli Olivar,2021-22,Field Goal Attempts,2,02/16/22,at Sterling,https://macbulldogs.com/sports/womens-basketball/roster/kalli-olivar/8010
Kalli Olivar,2021-22,3-Point Field Goals Made,0,02/16/22,at Sterling,https://macbulldogs.com/sports/womens-basketball/roster/kalli-olivar/8010
Kalli Olivar,2021-22,3-Point Field Goal Attempts,0,02/16/22,at Sterling,https://macbulldogs.com/sports/womens-basketball/roster/kalli-olivar/8010
Kalli Olivar,2021-22,Free Throws Made,0,02/16/22,at Sterling,https://macbulldogs.com/sports/womens-basketball/roster/kalli-olivar/8010
Kalli Olivar,2021-22,Free Throw Attempts,0,02/16/22,at Sterling,https://macbulldogs.com/sports/womens-basketball/roster/kalli-olivar/8010
Kalli Olivar,2021-22,Rebounds,1,01/27/22,Friends University,https://macbulldogs.com/sports/womens-basketball/roster/kalli-olivar/8010
Kalli Olivar,2021-22,Assists,0,02/16/22,at Sterling,https://macbulldogs.com/sports/womens-basketball/roster/kalli-olivar/8010
Kalli Olivar,2021-22,Blocks,0,02/16/22,at Sterling,https://macbulldogs.com/sports/womens-basketball/roster/kalli-olivar/8010
Kalli Olivar,2021-22,Steals,0,02/16/22,at Sterling,https://macbulldogs.com/sports/womens-basketball/roster/kalli-olivar/8010
Kalli Olivar,2022-23,Points,6,12/10/22,McPherson,https://macbulldogs.com/sports/womens-basketball/roster/kalli-olivar/8010
Kalli Olivar,2022-23,Minutes,28,12/10/22,McPherson,https://macbulldogs.com/sports/womens-basketball/roster/kalli-olivar/8010
Kalli Olivar,2022-23,Field Goals Made,1,12/10/22,McPherson,https://macbulldogs.com/sports/womens-basketball/roster/kalli-olivar/8010
Kalli Olivar,2022-23,Field Goal Attempts,6,12/10/22,McPherson,https://macbulldogs.com/sports/womens-basketball/roster/kalli-olivar/8010
Kalli Olivar,2022-23,3-Point Field Goals Made,0,12/10/22,McPherson,https://macbulldogs.com/sports/womens-basketball/roster/kalli-olivar/8010
Kalli Olivar,2022-23,3-Point Field Goal Attempts,1,12/10/22,McPherson,https://macbulldogs.com/sports/womens-basketball/roster/kalli-olivar/8010
Kalli Olivar,2022-23,Free Throws Made,4,12/10/22,McPherson,https://macbulldogs.com/sports/womens-basketball/roster/kalli-olivar/8010
Kalli Olivar,2022-23,Free Throw Attempts,6,12/10/22,McPherson,https://macbulldogs.com/sports/womens-basketball/roster/kalli-olivar/8010
Kalli Olivar,2022-23,Rebounds,2,12/10/22,McPherson,https://macbulldogs.com/sports/womens-basketball/roster/kalli-olivar/8010
Kalli Olivar,2022-23,Assists,0,12/10/22,McPherson,https://macbulldogs.com/sports/womens-basketball/roster/kalli-olivar/8010
Kalli Olivar,2022-23,Blocks,0,12/10/22,McPherson,https://macbulldogs.com/sports/womens-basketball/roster/kalli-olivar/8010
Kalli Olivar,2022-23,Steals,1,12/10/22,McPherson,https://macbulldogs.com/sports/womens-basketball/roster/kalli-olivar/8010
Kalli Olivar,2019-20,Points,0,02/08/20,Bethel (Kan.),https://macbulldogs.com/sports/womens-basketball/roster/kalli-olivar/8725
Kalli Olivar,2019-20,Minutes,2,02/08/20,Bethel (Kan.),https://macbulldogs.com/sports/womens-basketball/roster/kalli-olivar/8725
Kalli Olivar,2019-20,Field Goals Made,0,02/08/20,Bethel (Kan.),https://macbulldogs.com/sports/womens-basketball/roster/kalli-olivar/8725
Kalli Olivar,2019-20,Field Goal Attempts,0,02/08/20,Bethel (Kan.),https://macbulldogs.com/sports/womens-basketball/roster/kalli-olivar/8725
Kalli Olivar,2019-20,3-Point Field Goals Made,0,02/08/20,Bethel (Kan.),https://macbulldogs.com/sports/womens-basketball/roster/kalli-olivar/8725
Kalli Olivar,2019-20,3-Point Field Goal Attempts,0,02/08/20,Bethel (Kan.),https://macbulldogs.com/sports/womens-basketball/roster/kalli-olivar/8725
Kalli Olivar,2019-20,Free Throws Made,0,02/08/20,Bethel (Kan.),https://macbulldogs.com/sports/womens-basketball/roster/kalli-olivar/8725
Kalli Olivar,2019-20,Free Throw Attempts,0,02/08/20,Bethel (Kan.),https://macbulldogs.com/sports/womens-basketball/roster/kalli-olivar/8725
Kalli Olivar,2019-20,Rebounds,0,02/08/20,Bethel (Kan.),https://macbulldogs.com/sports/womens-basketball/roster/kalli-olivar/8725
Kalli Olivar,2019-20,Assists,0,02/08/20,Bethel (Kan.),https://macbulldogs.com/sports/womens-basketball/roster/kalli-olivar/8725
Kalli Olivar,2019-20,Blocks,0,02/08/20,Bethel (Kan.),https://macbulldogs.com/sports/womens-basketball/roster/kalli-olivar/8725
Kalli Olivar,2019-20,Steals,0,02/08/20,Bethel (Kan.),https://macbulldogs.com/sports/womens-basketball/roster/kalli-olivar/8725
Kalli Olivar,2020-21,Points,4,02/02/21,at Avila (Mo.),https://macbulldogs.com/sports/womens-basketball/roster/kalli-olivar/8725
Kalli Olivar,2020-21,Minutes,13,02/02/21,at Avila (Mo.),https://macbulldogs.com/sports/womens-basketball/roster/kalli-olivar/8725
Kalli Olivar,2020-21,Field Goals Made,1,02/02/21,at Avila (Mo.),https://macbulldogs.com/sports/womens-basketball/roster/kalli-olivar/8725
Kalli Olivar,2020-21,Field Goal Attempts,2,02/02/21,at Avila (Mo.),https://macbulldogs.com/sports/womens-basketball/roster/kalli-olivar/8725
Kalli Olivar,2020-21,3-Point Field Goals Made,1,02/02/21,at Avila (Mo.),https://macbulldogs.com/sports/womens-basketball/roster/kalli-olivar/8725
Kalli Olivar,2020-21,3-Point Field Goal Attempts,1,02/02/21,at Avila (Mo.),https://macbulldogs.com/sports/womens-basketball/roster/kalli-olivar/8725
Kalli Olivar,2020-21,Free Throws Made,1,02/02/21,at Avila (Mo.),https://macbulldogs.com/sports/womens-basketball/roster/kalli-olivar/8725
Kalli Olivar,2020-21,Free Throw Attempts,4,02/02/21,at Avila (Mo.),https://macbulldogs.com/sports/womens-basketball/roster/kalli-olivar/8725
Kalli Olivar,2020-21,Rebounds,1,02/04/21,at York (Neb.),https://macbulldogs.com/sports/womens-basketball/roster/kalli-olivar/8725
Kalli Olivar,2020-21,Assists,1,02/02/21,at Avila (Mo.),https://macbulldogs.com/sports/womens-basketball/roster/kalli-olivar/8725
Kalli Olivar,2020-21,Blocks,0,02/10/21,at Sterling (Kan.),https://macbulldogs.com/sports/womens-basketball/roster/kalli-olivar/8725
Kalli Olivar,2020-21,Steals,2,02/02/21,at Avila (Mo.),https://macbulldogs.com/sports/womens-basketball/roster/kalli-olivar/8725
Kalli Olivar,2021-22,Points,0,02/16/22,at Sterling,https://macbulldogs.com/sports/womens-basketball/roster/kalli-olivar/8725
Kalli Olivar,2021-22,Minutes,3,02/16/22,at Sterling,https://macbulldogs.com/sports/womens-basketball/roster/kalli-olivar/8725
Kalli Olivar,2021-22,Field Goals Made,0,02/16/22,at Sterling,https://macbulldogs.com/sports/womens-basketball/roster/kalli-olivar/8725
Kalli Olivar,2021-22,Field Goal Attempts,2,02/16/22,at Sterling,https://macbulldogs.com/sports/womens-basketball/roster/kalli-olivar/8725
Kalli Olivar,2021-22,3-Point Field Goals Made,0,02/16/22,at Sterling,https://macbulldogs.com/sports/womens-basketball/roster/kalli-olivar/8725
Kalli Olivar,2021-22,3-Point Field Goal Attempts,0,02/16/22,at Sterling,https://macbulldogs.com/sports/womens-basketball/roster/kalli-olivar/8725
Kalli Olivar,2021-22,Free Throws Made,0,02/16/22,at Sterling,https://macbulldogs.com/sports/womens-basketball/roster/kalli-olivar/8725
Kalli Olivar,2021-22,Free Throw Attempts,0,02/16/22,at Sterling,https://macbulldogs.com/sports/womens-basketball/roster/kalli-olivar/8725
Kalli Olivar,2021-22,Rebounds,1,01/27/22,Friends University,https://macbulldogs.com/sports/womens-basketball/roster/kalli-olivar/8725
Kalli Olivar,2021-22,Assists,0,02/16/22,at Sterling,https://macbulldogs.com/sports/womens-basketball/roster/kalli-olivar/8725
Kalli Olivar,2021-22,Blocks,0,02/16/22,at Sterling,https://macbulldogs.com/sports/womens-basketball/roster/kalli-olivar/8725
Kalli Olivar,2021-22,Steals,0,02/16/22,at Sterling,https://macbulldogs.com/sports/womens-basketball/roster/kalli-olivar/8725
Kalli Olivar,2022-23,Points,6,12/10/22,McPherson,https://macbulldogs.com/sports/womens-basketball/roster/kalli-olivar/8725
Kalli Olivar,2022-23,Minutes,28,12/10/22,McPherson,https://macbulldogs.com/sports/womens-basketball/roster/kalli-olivar/8725
Kalli Olivar,2022-23,Field Goals Made,1,12/10/22,McPherson,https://macbulldogs.com/sports/womens-basketball/roster/kalli-olivar/8725
Kalli Olivar,2022-23,Field Goal Attempts,6,12/10/22,McPherson,https://macbulldogs.com/sports/womens-basketball/roster/kalli-olivar/8725
Kalli Olivar,2022-23,3-Point Field Goals Made,0,12/10/22,McPherson,https://macbulldogs.com/sports/womens-basketball/roster/kalli-olivar/8725
Kalli Olivar,2022-23,3-Point Field Goal Attempts,1,12/10/22,McPherson,https://macbulldogs.com/sports/womens-basketball/roster/kalli-olivar/8725
Kalli Olivar,2022-23,Free Throws Made,4,12/10/22,McPherson,https://macbulldogs.com/sports/womens-basketball/roster/kalli-olivar/8725
Kalli Olivar,2022-23,Free Throw Attempts,6,12/10/22,McPherson,https://macbulldogs.com/sports/womens-basketball/roster/kalli-olivar/8725
Kalli Olivar,2022-23,Rebounds,2,12/10/22,McPherson,https://macbulldogs.com/sports/womens-basketball/roster/kalli-olivar/8725
Kalli Olivar,2022-23,Assists,0,12/10/22,McPherson,https://macbulldogs.com/sports/womens-basketball/roster/kalli-olivar/8725
Kalli Olivar,2022-23,Blocks,0,12/10/22,McPherson,https://macbulldogs.com/sports/womens-basketball/roster/kalli-olivar/8725
Kalli Olivar,2022-23,Steals,1,12/10/22,McPherson,https://macbulldogs.com/sports/womens-basketball/roster/kalli-olivar/8725
Kamryn Nolan,2023-24,Points,8,11/04/23,Manhattan Christian,https://macbulldogs.com/sports/womens-basketball/roster/kamryn-nolan/9588
Kamryn Nolan,2023-24,Minutes,12,11/04/23,Manhattan Christian,https://macbulldogs.com/sports/womens-basketball/roster/kamryn-nolan/9588
Kamryn Nolan,2023-24,Field Goals Made,4,11/04/23,Manhattan Christian,https://macbulldogs.com/sports/womens-basketball/roster/kamryn-nolan/9588
Kamryn Nolan,2023-24,Field Goal Attempts,9,11/04/23,Manhattan Christian,https://macbulldogs.com/sports/womens-basketball/roster/kamryn-nolan/9588
Kamryn Nolan,2023-24,3-Point Field Goals Made,0,02/21/24,at Southwestern (Kan.),https://macbulldogs.com/sports/womens-basketball/roster/kamryn-nolan/9588
Kamryn Nolan,2023-24,3-Point Field Goal Attempts,1,02/01/24,Friends University,https://macbulldogs.com/sports/womens-basketball/roster/kamryn-nolan/9588
Kamryn Nolan,2023-24,Free Throws Made,0,02/21/24,at Southwestern (Kan.),https://macbulldogs.com/sports/womens-basketball/roster/kamryn-nolan/9588
Kamryn Nolan,2023-24,Free Throw Attempts,0,02/21/24,at Southwestern (Kan.),https://macbulldogs.com/sports/womens-basketball/roster/kamryn-nolan/9588
Kamryn Nolan,2023-24,Rebounds,6,11/04/23,Manhattan Christian,https://macbulldogs.com/sports/womens-basketball/roster/kamryn-nolan/9588
Kamryn Nolan,2023-24,Assists,1,11/04/23,Manhattan Christian,https://macbulldogs.com/sports/womens-basketball/roster/kamryn-nolan/9588
Kamryn Nolan,2023-24,Blocks,0,02/21/24,at Southwestern (Kan.),https://macbulldogs.com/sports/womens-basketball/roster/kamryn-nolan/9588
Kamryn Nolan,2023-24,Steals,1,11/04/23,Manhattan Christian,https://macbulldogs.com/sports/womens-basketball/roster/kamryn-nolan/9588
Kamryn Nolan,2023-24,Points,8,11/04/23,Manhattan Christian,https://macbulldogs.com/sports/womens-basketball/roster/kamryn-nolan/9952
Kamryn Nolan,2023-24,Minutes,12,11/04/23,Manhattan Christian,https://macbulldogs.com/sports/womens-basketball/roster/kamryn-nolan/9952
Kamryn Nolan,2023-24,Field Goals Made,4,11/04/23,Manhattan Christian,https://macbulldogs.com/sports/womens-basketball/roster/kamryn-nolan/9952
Kamryn Nolan,2023-24,Field Goal Attempts,9,11/04/23,Manhattan Christian,https://macbulldogs.com/sports/womens-basketball/roster/kamryn-nolan/9952
Kamryn Nolan,2023-24,3-Point Field Goals Made,0,02/21/24,at Southwestern (Kan.),https://macbulldogs.com/sports/womens-basketball/roster/kamryn-nolan/9952
Kamryn Nolan,2023-24,3-Point Field Goal Attempts,1,02/01/24,Friends University,https://macbulldogs.com/sports/womens-basketball/roster/kamryn-nolan/9952
Kamryn Nolan,2023-24,Free Throws Made,0,02/21/24,at Southwestern (Kan.),https://macbulldogs.com/sports/womens-basketball/roster/kamryn-nolan/9952
Kamryn Nolan,2023-24,Free Throw Attempts,0,02/21/24,at Southwestern (Kan.),https://macbulldogs.com/sports/womens-basketball/roster/kamryn-nolan/9952
Kamryn Nolan,2023-24,Rebounds,6,11/04/23,Manhattan Christian,https://macbulldogs.com/sports/womens-basketball/roster/kamryn-nolan/9952
Kamryn Nolan,2023-24,Assists,1,11/04/23,Manhattan Christian,https://macbulldogs.com/sports/womens-basketball/roster/kamryn-nolan/9952
Kamryn Nolan,2023-24,Blocks,0,02/21/24,at Southwestern (Kan.),https://macbulldogs.com/sports/womens-basketball/roster/kamryn-nolan/9952
Kamryn Nolan,2023-24,Steals,1,11/04/23,Manhattan Christian,https://macbulldogs.com/sports/womens-basketball/roster/kamryn-nolan/9952
Kassidy Weaver,2019-20,Points,2,10/25/19,Kansas Christian College,https://macbulldogs.com/sports/womens-basketball/roster/kassidy-weaver/7172
Kassidy Weaver,2019-20,Minutes,9,10/25/19,Kansas Christian College,https://macbulldogs.com/sports/womens-basketball/roster/kassidy-weaver/7172
Kassidy Weaver,2019-20,Field Goals Made,1,10/25/19,Kansas Christian College,https://macbulldogs.com/sports/womens-basketball/roster/kassidy-weaver/7172
Kassidy Weaver,2019-20,Field Goal Attempts,3,10/25/19,Kansas Christian College,https://macbulldogs.com/sports/womens-basketball/roster/kassidy-weaver/7172
Kassidy Weaver,2019-20,3-Point Field Goals Made,0,10/25/19,Kansas Christian College,https://macbulldogs.com/sports/womens-basketball/roster/kassidy-weaver/7172
Kassidy Weaver,2019-20,3-Point Field Goal Attempts,0,10/25/19,Kansas Christian College,https://macbulldogs.com/sports/womens-basketball/roster/kassidy-weaver/7172
Kassidy Weaver,2019-20,Free Throws Made,0,10/25/19,Kansas Christian College,https://macbulldogs.com/sports/womens-basketball/roster/kassidy-weaver/7172
Kassidy Weaver,2019-20,Free Throw Attempts,0,10/25/19,Kansas Christian College,https://macbulldogs.com/sports/womens-basketball/roster/kassidy-weaver/7172
Kassidy Weaver,2019-20,Rebounds,5,10/25/19,Kansas Christian College,https://macbulldogs.com/sports/womens-basketball/roster/kassidy-weaver/7172
Kassidy Weaver,2019-20,Assists,1,10/25/19,Kansas Christian College,https://macbulldogs.com/sports/womens-basketball/roster/kassidy-weaver/7172
Kassidy Weaver,2019-20,Blocks,1,10/25/19,Kansas Christian College,https://macbulldogs.com/sports/womens-basketball/roster/kassidy-weaver/7172
Kassidy Weaver,2019-20,Steals,0,10/25/19,Kansas Christian College,https://macbulldogs.com/sports/womens-basketball/roster/kassidy-weaver/7172
Kassidy Weaver,2020-21,Points,3,02/02/21,at Avila (Mo.),https://macbulldogs.com/sports/womens-basketball/roster/kassidy-weaver/7172
Kassidy Weaver,2020-21,Minutes,6,02/02/21,at Avila (Mo.),https://macbulldogs.com/sports/womens-basketball/roster/kassidy-weaver/7172
Kassidy Weaver,2020-21,Field Goals Made,1,02/02/21,at Avila (Mo.),https://macbulldogs.com/sports/womens-basketball/roster/kassidy-weaver/7172
Kassidy Weaver,2020-21,Field Goal Attempts,1,02/02/21,at Avila (Mo.),https://macbulldogs.com/sports/womens-basketball/roster/kassidy-weaver/7172
Kassidy Weaver,2020-21,3-Point Field Goals Made,1,02/02/21,at Avila (Mo.),https://macbulldogs.com/sports/womens-basketball/roster/kassidy-weaver/7172
Kassidy Weaver,2020-21,3-Point Field Goal Attempts,1,02/02/21,at Avila (Mo.),https://macbulldogs.com/sports/womens-basketball/roster/kassidy-weaver/7172
Kassidy Weaver,2020-21,Free Throws Made,0,02/02/21,at Avila (Mo.),https://macbulldogs.com/sports/womens-basketball/roster/kassidy-weaver/7172
Kassidy Weaver,2020-21,Free Throw Attempts,0,02/02/21,at Avila (Mo.),https://macbulldogs.com/sports/womens-basketball/roster/kassidy-weaver/7172
Kassidy Weaver,2020-21,Rebounds,3,02/02/21,at Avila (Mo.),https://macbulldogs.com/sports/womens-basketball/roster/kassidy-weaver/7172
Kassidy Weaver,2020-21,Assists,0,02/02/21,at Avila (Mo.),https://macbulldogs.com/sports/womens-basketball/roster/kassidy-weaver/7172
Kassidy Weaver,2020-21,Blocks,0,02/02/21,at Avila (Mo.),https://macbulldogs.com/sports/womens-basketball/roster/kassidy-weaver/7172
Kassidy Weaver,2020-21,Steals,0,02/02/21,at Avila (Mo.),https://macbulldogs.com/sports/womens-basketball/roster/kassidy-weaver/7172
Kassidy Weaver,2021-22,Points,2,11/09/21,Central Christian,https://macbulldogs.com/sports/womens-basketball/roster/kassidy-weaver/7172
Kassidy Weaver,2021-22,Minutes,4,11/09/21,Central Christian,https://macbulldogs.com/sports/womens-basketball/roster/kassidy-weaver/7172
Kassidy Weaver,2021-22,Field Goals Made,1,11/09/21,Central Christian,https://macbulldogs.com/sports/womens-basketball/roster/kassidy-weaver/7172
Kassidy Weaver,2021-22,Field Goal Attempts,1,11/09/21,Central Christian,https://macbulldogs.com/sports/womens-basketball/roster/kassidy-weaver/7172
Kassidy Weaver,2021-22,3-Point Field Goals Made,0,01/19/22,at Avila,https://macbulldogs.com/sports/womens-basketball/roster/kassidy-weaver/7172
Kassidy Weaver,2021-22,3-Point Field Goal Attempts,0,01/19/22,at Avila,https://macbulldogs.com/sports/womens-basketball/roster/kassidy-weaver/7172
Kassidy Weaver,2021-22,Free Throws Made,0,01/19/22,at Avila,https://macbulldogs.com/sports/womens-basketball/roster/kassidy-weaver/7172
Kassidy Weaver,2021-22,Free Throw Attempts,0,01/19/22,at Avila,https://macbulldogs.com/sports/womens-basketball/roster/kassidy-weaver/7172
Kassidy Weaver,2021-22,Rebounds,2,11/09/21,Central Christian,https://macbulldogs.com/sports/womens-basketball/roster/kassidy-weaver/7172
Kassidy Weaver,2021-22,Assists,0,01/19/22,at Avila,https://macbulldogs.com/sports/womens-basketball/roster/kassidy-weaver/7172
Kassidy Weaver,2021-22,Blocks,0,01/19/22,at Avila,https://macbulldogs.com/sports/womens-basketball/roster/kassidy-weaver/7172
Kassidy Weaver,2021-22,Steals,1,11/09/21,Central Christian,https://macbulldogs.com/sports/womens-basketball/roster/kassidy-weaver/7172
Kassidy Weaver,2022-23,Points,6,12/10/22,McPherson,https://macbulldogs.com/sports/womens-basketball/roster/kassidy-weaver/7172
Kassidy Weaver,2022-23,Minutes,16,12/10/22,McPherson,https://macbulldogs.com/sports/womens-basketball/roster/kassidy-weaver/7172
Kassidy Weaver,2022-23,Field Goals Made,2,12/10/22,McPherson,https://macbulldogs.com/sports/womens-basketball/roster/kassidy-weaver/7172
Kassidy Weaver,2022-23,Field Goal Attempts,3,12/10/22,McPherson,https://macbulldogs.com/sports/womens-basketball/roster/kassidy-weaver/7172
Kassidy Weaver,2022-23,3-Point Field Goals Made,1,12/10/22,McPherson,https://macbulldogs.com/sports/womens-basketball/roster/kassidy-weaver/7172
Kassidy Weaver,2022-23,3-Point Field Goal Attempts,1,12/10/22,McPherson,https://macbulldogs.com/sports/womens-basketball/roster/kassidy-weaver/7172
Kassidy Weaver,2022-23,Free Throws Made,1,12/10/22,McPherson,https://macbulldogs.com/sports/womens-basketball/roster/kassidy-weaver/7172
Kassidy Weaver,2022-23,Free Throw Attempts,3,12/10/22,McPherson,https://macbulldogs.com/sports/womens-basketball/roster/kassidy-weaver/7172
Kassidy Weaver,2022-23,Rebounds,3,12/10/22,McPherson,https://macbulldogs.com/sports/womens-basketball/roster/kassidy-weaver/7172
Kassidy Weaver,2022-23,Assists,0,12/10/22,McPherson,https://macbulldogs.com/sports/womens-basketball/roster/kassidy-weaver/7172
Kassidy Weaver,2022-23,Blocks,0,12/10/22,McPherson,https://macbulldogs.com/sports/womens-basketball/roster/kassidy-weaver/7172
Kassidy Weaver,2022-23,Steals,0,12/10/22,McPherson,https://macbulldogs.com/sports/womens-basketball/roster/kassidy-weaver/7172
Kassidy Weaver,2019-20,Points,2,10/25/19,Kansas Christian College,https://macbulldogs.com/sports/womens-basketball/roster/kassidy-weaver/8014
Kassidy Weaver,2019-20,Minutes,9,10/25/19,Kansas Christian College,https://macbulldogs.com/sports/womens-basketball/roster/kassidy-weaver/8014
Kassidy Weaver,2019-20,Field Goals Made,1,10/25/19,Kansas Christian College,https://macbulldogs.com/sports/womens-basketball/roster/kassidy-weaver/8014
Kassidy Weaver,2019-20,Field Goal Attempts,3,10/25/19,Kansas Christian College,https://macbulldogs.com/sports/womens-basketball/roster/kassidy-weaver/8014
Kassidy Weaver,2019-20,3-Point Field Goals Made,0,10/25/19,Kansas Christian College,https://macbulldogs.com/sports/womens-basketball/roster/kassidy-weaver/8014
Kassidy Weaver,2019-20,3-Point Field Goal Attempts,0,10/25/19,Kansas Christian College,https://macbulldogs.com/sports/womens-basketball/roster/kassidy-weaver/8014
Kassidy Weaver,2019-20,Free Throws Made,0,10/25/19,Kansas Christian College,https://macbulldogs.com/sports/womens-basketball/roster/kassidy-weaver/8014
Kassidy Weaver,2019-20,Free Throw Attempts,0,10/25/19,Kansas Christian College,https://macbulldogs.com/sports/womens-basketball/roster/kassidy-weaver/8014
Kassidy Weaver,2019-20,Rebounds,5,10/25/19,Kansas Christian College,https://macbulldogs.com/sports/womens-basketball/roster/kassidy-weaver/8014
Kassidy Weaver,2019-20,Assists,1,10/25/19,Kansas Christian College,https://macbulldogs.com/sports/womens-basketball/roster/kassidy-weaver/8014
Kassidy Weaver,2019-20,Blocks,1,10/25/19,Kansas Christian College,https://macbulldogs.com/sports/womens-basketball/roster/kassidy-weaver/8014
Kassidy Weaver,2019-20,Steals,0,10/25/19,Kansas Christian College,https://macbulldogs.com/sports/womens-basketball/roster/kassidy-weaver/8014
Kassidy Weaver,2020-21,Points,3,02/02/21,at Avila (Mo.),https://macbulldogs.com/sports/womens-basketball/roster/kassidy-weaver/8014
Kassidy Weaver,2020-21,Minutes,6,02/02/21,at Avila (Mo.),https://macbulldogs.com/sports/womens-basketball/roster/kassidy-weaver/8014
Kassidy Weaver,2020-21,Field Goals Made,1,02/02/21,at Avila (Mo.),https://macbulldogs.com/sports/womens-basketball/roster/kassidy-weaver/8014
Kassidy Weaver,2020-21,Field Goal Attempts,1,02/02/21,at Avila (Mo.),https://macbulldogs.com/sports/womens-basketball/roster/kassidy-weaver/8014
Kassidy Weaver,2020-21,3-Point Field Goals Made,1,02/02/21,at Avila (Mo.),https://macbulldogs.com/sports/womens-basketball/roster/kassidy-weaver/8014
Kassidy Weaver,2020-21,3-Point Field Goal Attempts,1,02/02/21,at Avila (Mo.),https://macbulldogs.com/sports/womens-basketball/roster/kassidy-weaver/8014
Kassidy Weaver,2020-21,Free Throws Made,0,02/02/21,at Avila (Mo.),https://macbulldogs.com/sports/womens-basketball/roster/kassidy-weaver/8014
Kassidy Weaver,2020-21,Free Throw Attempts,0,02/02/21,at Avila (Mo.),https://macbulldogs.com/sports/womens-basketball/roster/kassidy-weaver/8014
Kassidy Weaver,2020-21,Rebounds,3,02/02/21,at Avila (Mo.),https://macbulldogs.com/sports/womens-basketball/roster/kassidy-weaver/8014
Kassidy Weaver,2020-21,Assists,0,02/02/21,at Avila (Mo.),https://macbulldogs.com/sports/womens-basketball/roster/kassidy-weaver/8014
Kassidy Weaver,2020-21,Blocks,0,02/02/21,at Avila (Mo.),https://macbulldogs.com/sports/womens-basketball/roster/kassidy-weaver/8014
Kassidy Weaver,2020-21,Steals,0,02/02/21,at Avila (Mo.),https://macbulldogs.com/sports/womens-basketball/roster/kassidy-weaver/8014
Kassidy Weaver,2021-22,Points,2,11/09/21,Central Christian,https://macbulldogs.com/sports/womens-basketball/roster/kassidy-weaver/8014
Kassidy Weaver,2021-22,Minutes,4,11/09/21,Central Christian,https://macbulldogs.com/sports/womens-basketball/roster/kassidy-weaver/8014
Kassidy Weaver,2021-22,Field Goals Made,1,11/09/21,Central Christian,https://macbulldogs.com/sports/womens-basketball/roster/kassidy-weaver/8014
Kassidy Weaver,2021-22,Field Goal Attempts,1,11/09/21,Central Christian,https://macbulldogs.com/sports/womens-basketball/roster/kassidy-weaver/8014
Kassidy Weaver,2021-22,3-Point Field Goals Made,0,01/19/22,at Avila,https://macbulldogs.com/sports/womens-basketball/roster/kassidy-weaver/8014
Kassidy Weaver,2021-22,3-Point Field Goal Attempts,0,01/19/22,at Avila,https://macbulldogs.com/sports/womens-basketball/roster/kassidy-weaver/8014
Kassidy Weaver,2021-22,Free Throws Made,0,01/19/22,at Avila,https://macbulldogs.com/sports/womens-basketball/roster/kassidy-weaver/8014
Kassidy Weaver,2021-22,Free Throw Attempts,0,01/19/22,at Avila,https://macbulldogs.com/sports/womens-basketball/roster/kassidy-weaver/8014
Kassidy Weaver,2021-22,Rebounds,2,11/09/21,Central Christian,https://macbulldogs.com/sports/womens-basketball/roster/kassidy-weaver/8014
Kassidy Weaver,2021-22,Assists,0,01/19/22,at Avila,https://macbulldogs.com/sports/womens-basketball/roster/kassidy-weaver/8014
Kassidy Weaver,2021-22,Blocks,0,01/19/22,at Avila,https://macbulldogs.com/sports/womens-basketball/roster/kassidy-weaver/8014
Kassidy Weaver,2021-22,Steals,1,11/09/21,Central Christian,https://macbulldogs.com/sports/womens-basketball/roster/kassidy-weaver/8014
Kassidy Weaver,2022-23,Points,6,12/10/22,McPherson,https://macbulldogs.com/sports/womens-basketball/roster/kassidy-weaver/8014
Kassidy Weaver,2022-23,Minutes,16,12/10/22,McPherson,https://macbulldogs.com/sports/womens-basketball/roster/kassidy-weaver/8014
Kassidy Weaver,2022-23,Field Goals Made,2,12/10/22,McPherson,https://macbulldogs.com/sports/womens-basketball/roster/kassidy-weaver/8014
Kassidy Weaver,2022-23,Field Goal Attempts,3,12/10/22,McPherson,https://macbulldogs.com/sports/womens-basketball/roster/kassidy-weaver/8014
Kassidy Weaver,2022-23,3-Point Field Goals Made,1,12/10/22,McPherson,https://macbulldogs.com/sports/womens-basketball/roster/kassidy-weaver/8014
Kassidy Weaver,2022-23,3-Point Field Goal Attempts,1,12/10/22,McPherson,https://macbulldogs.com/sports/womens-basketball/roster/kassidy-weaver/8014
Kassidy Weaver,2022-23,Free Throws Made,1,12/10/22,McPherson,https://macbulldogs.com/sports/womens-basketball/roster/kassidy-weaver/8014
Kassidy Weaver,2022-23,Free Throw Attempts,3,12/10/22,McPherson,https://macbulldogs.com/sports/womens-basketball/roster/kassidy-weaver/8014
Kassidy Weaver,2022-23,Rebounds,3,12/10/22,McPherson,https://macbulldogs.com/sports/womens-basketball/roster/kassidy-weaver/8014
Kassidy Weaver,2022-23,Assists,0,12/10/22,McPherson,https://macbulldogs.com/sports/womens-basketball/roster/kassidy-weaver/8014
Kassidy Weaver,2022-23,Blocks,0,12/10/22,McPherson,https://macbulldogs.com/sports/womens-basketball/roster/kassidy-weaver/8014
Kassidy Weaver,2022-23,Steals,0,12/10/22,McPherson,https://macbulldogs.com/sports/womens-basketball/roster/kassidy-weaver/8014
Kassidy Weaver,2019-20,Points,2,10/25/19,Kansas Christian College,https://macbulldogs.com/sports/womens-basketball/roster/kassidy-weaver/8729
Kassidy Weaver,2019-20,Minutes,9,10/25/19,Kansas Christian College,https://macbulldogs.com/sports/womens-basketball/roster/kassidy-weaver/8729
Kassidy Weaver,2019-20,Field Goals Made,1,10/25/19,Kansas Christian College,https://macbulldogs.com/sports/womens-basketball/roster/kassidy-weaver/8729
Kassidy Weaver,2019-20,Field Goal Attempts,3,10/25/19,Kansas Christian College,https://macbulldogs.com/sports/womens-basketball/roster/kassidy-weaver/8729
Kassidy Weaver,2019-20,3-Point Field Goals Made,0,10/25/19,Kansas Christian College,https://macbulldogs.com/sports/womens-basketball/roster/kassidy-weaver/8729
Kassidy Weaver,2019-20,3-Point Field Goal Attempts,0,10/25/19,Kansas Christian College,https://macbulldogs.com/sports/womens-basketball/roster/kassidy-weaver/8729
Kassidy Weaver,2019-20,Free Throws Made,0,10/25/19,Kansas Christian College,https://macbulldogs.com/sports/womens-basketball/roster/kassidy-weaver/8729
Kassidy Weaver,2019-20,Free Throw Attempts,0,10/25/19,Kansas Christian College,https://macbulldogs.com/sports/womens-basketball/roster/kassidy-weaver/8729
Kassidy Weaver,2019-20,Rebounds,5,10/25/19,Kansas Christian College,https://macbulldogs.com/sports/womens-basketball/roster/kassidy-weaver/8729
Kassidy Weaver,2019-20,Assists,1,10/25/19,Kansas Christian College,https://macbulldogs.com/sports/womens-basketball/roster/kassidy-weaver/8729
Kassidy Weaver,2019-20,Blocks,1,10/25/19,Kansas Christian College,https://macbulldogs.com/sports/womens-basketball/roster/kassidy-weaver/8729
Kassidy Weaver,2019-20,Steals,0,10/25/19,Kansas Christian College,https://macbulldogs.com/sports/womens-basketball/roster/kassidy-weaver/8729
Kassidy Weaver,2020-21,Points,3,02/02/21,at Avila (Mo.),https://macbulldogs.com/sports/womens-basketball/roster/kassidy-weaver/8729
Kassidy Weaver,2020-21,Minutes,6,02/02/21,at Avila (Mo.),https://macbulldogs.com/sports/womens-basketball/roster/kassidy-weaver/8729
Kassidy Weaver,2020-21,Field Goals Made,1,02/02/21,at Avila (Mo.),https://macbulldogs.com/sports/womens-basketball/roster/kassidy-weaver/8729
Kassidy Weaver,2020-21,Field Goal Attempts,1,02/02/21,at Avila (Mo.),https://macbulldogs.com/sports/womens-basketball/roster/kassidy-weaver/8729
Kassidy Weaver,2020-21,3-Point Field Goals Made,1,02/02/21,at Avila (Mo.),https://macbulldogs.com/sports/womens-basketball/roster/kassidy-weaver/8729
Kassidy Weaver,2020-21,3-Point Field Goal Attempts,1,02/02/21,at Avila (Mo.),https://macbulldogs.com/sports/womens-basketball/roster/kassidy-weaver/8729
Kassidy Weaver,2020-21,Free Throws Made,0,02/02/21,at Avila (Mo.),https://macbulldogs.com/sports/womens-basketball/roster/kassidy-weaver/8729
Kassidy Weaver,2020-21,Free Throw Attempts,0,02/02/21,at Avila (Mo.),https://macbulldogs.com/sports/womens-basketball/roster/kassidy-weaver/8729
Kassidy Weaver,2020-21,Rebounds,3,02/02/21,at Avila (Mo.),https://macbulldogs.com/sports/womens-basketball/roster/kassidy-weaver/8729
Kassidy Weaver,2020-21,Assists,0,02/02/21,at Avila (Mo.),https://macbulldogs.com/sports/womens-basketball/roster/kassidy-weaver/8729
Kassidy Weaver,2020-21,Blocks,0,02/02/21,at Avila (Mo.),https://macbulldogs.com/sports/womens-basketball/roster/kassidy-weaver/8729
Kassidy Weaver,2020-21,Steals,0,02/02/21,at Avila (Mo.),https://macbulldogs.com/sports/womens-basketball/roster/kassidy-weaver/8729
Kassidy Weaver,2021-22,Points,2,11/09/21,Central Christian,https://macbulldogs.com/sports/womens-basketball/roster/kassidy-weaver/8729
Kassidy Weaver,2021-22,Minutes,4,11/09/21,Central Christian,https://macbulldogs.com/sports/womens-basketball/roster/kassidy-weaver/8729
Kassidy Weaver,2021-22,Field Goals Made,1,11/09/21,Central Christian,https://macbulldogs.com/sports/womens-basketball/roster/kassidy-weaver/8729
Kassidy Weaver,2021-22,Field Goal Attempts,1,11/09/21,Central Christian,https://macbulldogs.com/sports/womens-basketball/roster/kassidy-weaver/8729
Kassidy Weaver,2021-22,3-Point Field Goals Made,0,01/19/22,at Avila,https://macbulldogs.com/sports/womens-basketball/roster/kassidy-weaver/8729
Kassidy Weaver,2021-22,3-Point Field Goal Attempts,0,01/19/22,at Avila,https://macbulldogs.com/sports/womens-basketball/roster/kassidy-weaver/8729
Kassidy Weaver,2021-22,Free Throws Made,0,01/19/22,at Avila,https://macbulldogs.com/sports/womens-basketball/roster/kassidy-weaver/8729
Kassidy Weaver,2021-22,Free Throw Attempts,0,01/19/22,at Avila,https://macbulldogs.com/sports/womens-basketball/roster/kassidy-weaver/8729
Kassidy Weaver,2021-22,Rebounds,2,11/09/21,Central Christian,https://macbulldogs.com/sports/womens-basketball/roster/kassidy-weaver/8729
Kassidy Weaver,2021-22,Assists,0,01/19/22,at Avila,https://macbulldogs.com/sports/womens-basketball/roster/kassidy-weaver/8729
Kassidy Weaver,2021-22,Blocks,0,01/19/22,at Avila,https://macbulldogs.com/sports/womens-basketball/roster/kassidy-weaver/8729
Kassidy Weaver,2021-22,Steals,1,11/09/21,Central Christian,https://macbulldogs.com/sports/womens-basketball/roster/kassidy-weaver/8729
Kassidy Weaver,2022-23,Points,6,12/10/22,McPherson,https://macbulldogs.com/sports/womens-basketball/roster/kassidy-weaver/8729
Kassidy Weaver,2022-23,Minutes,16,12/10/22,McPherson,https://macbulldogs.com/sports/womens-basketball/roster/kassidy-weaver/8729
Kassidy Weaver,2022-23,Field Goals Made,2,12/10/22,McPherson,https://macbulldogs.com/sports/womens-basketball/roster/kassidy-weaver/8729
Kassidy Weaver,2022-23,Field Goal Attempts,3,12/10/22,McPherson,https://macbulldogs.com/sports/womens-basketball/roster/kassidy-weaver/8729
Kassidy Weaver,2022-23,3-Point Field Goals Made,1,12/10/22,McPherson,https://macbulldogs.com/sports/womens-basketball/roster/kassidy-weaver/8729
Kassidy Weaver,2022-23,3-Point Field Goal Attempts,1,12/10/22,McPherson,https://macbulldogs.com/sports/womens-basketball/roster/kassidy-weaver/8729
Kassidy Weaver,2022-23,Free Throws Made,1,12/10/22,McPherson,https://macbulldogs.com/sports/womens-basketball/roster/kassidy-weaver/8729
Kassidy Weaver,2022-23,Free Throw Attempts,3,12/10/22,McPherson,https://macbulldogs.com/sports/womens-basketball/roster/kassidy-weaver/8729
Kassidy Weaver,2022-23,Rebounds,3,12/10/22,McPherson,https://macbulldogs.com/sports/womens-basketball/roster/kassidy-weaver/8729
Kassidy Weaver,2022-23,Assists,0,12/10/22,McPherson,https://macbulldogs.com/sports/womens-basketball/roster/kassidy-weaver/8729
Kassidy Weaver,2022-23,Blocks,0,12/10/22,McPherson,https://macbulldogs.com/sports/womens-basketball/roster/kassidy-weaver/8729
Kassidy Weaver,2022-23,Steals,0,12/10/22,McPherson,https://macbulldogs.com/sports/womens-basketball/roster/kassidy-weaver/8729
Katherine Saul,2020-21,Points,0,02/04/21,at York (Neb.),https://macbulldogs.com/sports/womens-basketball/roster/katherine-saul/5489
Katherine Saul,2020-21,Minutes,3,02/02/21,at Avila (Mo.),https://macbulldogs.com/sports/womens-basketball/roster/katherine-saul/5489
Katherine Saul,2020-21,Field Goals Made,0,02/04/21,at York (Neb.),https://macbulldogs.com/sports/womens-basketball/roster/katherine-saul/5489
Katherine Saul,2020-21,Field Goal Attempts,0,02/04/21,at York (Neb.),https://macbulldogs.com/sports/womens-basketball/roster/katherine-saul/5489
Katherine Saul,2020-21,3-Point Field Goals Made,0,02/04/21,at York (Neb.),https://macbulldogs.com/sports/womens-basketball/roster/katherine-saul/5489
Katherine Saul,2020-21,3-Point Field Goal Attempts,0,02/04/21,at York (Neb.),https://macbulldogs.com/sports/womens-basketball/roster/katherine-saul/5489
Katherine Saul,2020-21,Free Throws Made,0,02/04/21,at York (Neb.),https://macbulldogs.com/sports/womens-basketball/roster/katherine-saul/5489
Katherine Saul,2020-21,Free Throw Attempts,0,02/04/21,at York (Neb.),https://macbulldogs.com/sports/womens-basketball/roster/katherine-saul/5489
Katherine Saul,2020-21,Rebounds,0,02/04/21,at York (Neb.),https://macbulldogs.com/sports/womens-basketball/roster/katherine-saul/5489
Katherine Saul,2020-21,Assists,0,02/04/21,at York (Neb.),https://macbulldogs.com/sports/womens-basketball/roster/katherine-saul/5489
Katherine Saul,2020-21,Blocks,0,02/04/21,at York (Neb.),https://macbulldogs.com/sports/womens-basketball/roster/katherine-saul/5489
Katherine Saul,2020-21,Steals,0,02/04/21,at York (Neb.),https://macbulldogs.com/sports/womens-basketball/roster/katherine-saul/5489
Katherine Saul,2020-21,Points,0,02/04/21,at York (Neb.),https://macbulldogs.com/sports/womens-basketball/roster/katherine-saul/7167
Katherine Saul,2020-21,Minutes,3,02/02/21,at Avila (Mo.),https://macbulldogs.com/sports/womens-basketball/roster/katherine-saul/7167
Katherine Saul,2020-21,Field Goals Made,0,02/04/21,at York (Neb.),https://macbulldogs.com/sports/womens-basketball/roster/katherine-saul/7167
Katherine Saul,2020-21,Field Goal Attempts,0,02/04/21,at York (Neb.),https://macbulldogs.com/sports/womens-basketball/roster/katherine-saul/7167
Katherine Saul,2020-21,3-Point Field Goals Made,0,02/04/21,at York (Neb.),https://macbulldogs.com/sports/womens-basketball/roster/katherine-saul/7167
Katherine Saul,2020-21,3-Point Field Goal Attempts,0,02/04/21,at York (Neb.),https://macbulldogs.com/sports/womens-basketball/roster/katherine-saul/7167
Katherine Saul,2020-21,Free Throws Made,0,02/04/21,at York (Neb.),https://macbulldogs.com/sports/womens-basketball/roster/katherine-saul/7167
Katherine Saul,2020-21,Free Throw Attempts,0,02/04/21,at York (Neb.),https://macbulldogs.com/sports/womens-basketball/roster/katherine-saul/7167
Katherine Saul,2020-21,Rebounds,0,02/04/21,at York (Neb.),https://macbulldogs.com/sports/womens-basketball/roster/katherine-saul/7167
Katherine Saul,2020-21,Assists,0,02/04/21,at York (Neb.),https://macbulldogs.com/sports/womens-basketball/roster/katherine-saul/7167
Katherine Saul,2020-21,Blocks,0,02/04/21,at York (Neb.),https://macbulldogs.com/sports/womens-basketball/roster/katherine-saul/7167
Katherine Saul,2020-21,Steals,0,02/04/21,at York (Neb.),https://macbulldogs.com/sports/womens-basketball/roster/katherine-saul/7167
Katherine Saul,2020-21,Points,0,02/04/21,at York (Neb.),https://macbulldogs.com/sports/womens-basketball/roster/katherine-saul/8012
Katherine Saul,2020-21,Minutes,3,02/02/21,at Avila (Mo.),https://macbulldogs.com/sports/womens-basketball/roster/katherine-saul/8012
Katherine Saul,2020-21,Field Goals Made,0,02/04/21,at York (Neb.),https://macbulldogs.com/sports/womens-basketball/roster/katherine-saul/8012
Katherine Saul,2020-21,Field Goal Attempts,0,02/04/21,at York (Neb.),https://macbulldogs.com/sports/womens-basketball/roster/katherine-saul/8012
Katherine Saul,2020-21,3-Point Field Goals Made,0,02/04/21,at York (Neb.),https://macbulldogs.com/sports/womens-basketball/roster/katherine-saul/8012
Katherine Saul,2020-21,3-Point Field Goal Attempts,0,02/04/21,at York (Neb.),https://macbulldogs.com/sports/womens-basketball/roster/katherine-saul/8012
Katherine Saul,2020-21,Free Throws Made,0,02/04/21,at York (Neb.),https://macbulldogs.com/sports/womens-basketball/roster/katherine-saul/8012
Katherine Saul,2020-21,Free Throw Attempts,0,02/04/21,at York (Neb.),https://macbulldogs.com/sports/womens-basketball/roster/katherine-saul/8012
Katherine Saul,2020-21,Rebounds,0,02/04/21,at York (Neb.),https://macbulldogs.com/sports/womens-basketball/roster/katherine-saul/8012
Katherine Saul,2020-21,Assists,0,02/04/21,at York (Neb.),https://macbulldogs.com/sports/womens-basketball/roster/katherine-saul/8012
Katherine Saul,2020-21,Blocks,0,02/04/21,at York (Neb.),https://macbulldogs.com/sports/womens-basketball/roster/katherine-saul/8012
Katherine Saul,2020-21,Steals,0,02/04/21,at York (Neb.),https://macbulldogs.com/sports/womens-basketball/roster/katherine-saul/8012
Kaylee Cramer,2011-12,Points,14,11/04/11,vs Arizona Christian,https://macbulldogs.com/sports/womens-basketball/roster/kaylee-cramer/906
Kaylee Cramer,2011-12,Minutes,31,02/04/12,Southwestern (Kan.),https://macbulldogs.com/sports/womens-basketball/roster/kaylee-cramer/906
Kaylee Cramer,2011-12,Field Goals Made,6,11/04/11,vs Arizona Christian,https://macbulldogs.com/sports/womens-basketball/roster/kaylee-cramer/906
Kaylee Cramer,2011-12,Field Goal Attempts,10,11/04/11,vs Arizona Christian,https://macbulldogs.com/sports/womens-basketball/roster/kaylee-cramer/906
Kaylee Cramer,2011-12,3-Point Field Goals Made,1,01/05/12,at Southwestern (Kan.),https://macbulldogs.com/sports/womens-basketball/roster/kaylee-cramer/906
Kaylee Cramer,2011-12,3-Point Field Goal Attempts,1,02/18/12,Bethany (Kan.),https://macbulldogs.com/sports/womens-basketball/roster/kaylee-cramer/906
Kaylee Cramer,2011-12,Free Throws Made,7,11/19/11,Haskell (Kan.),https://macbulldogs.com/sports/womens-basketball/roster/kaylee-cramer/906
Kaylee Cramer,2011-12,Free Throw Attempts,7,11/19/11,Haskell (Kan.),https://macbulldogs.com/sports/womens-basketball/roster/kaylee-cramer/906
Kaylee Cramer,2011-12,Rebounds,11,11/18/11,Northern New Mexico,https://macbulldogs.com/sports/womens-basketball/roster/kaylee-cramer/906
Kaylee Cramer,2011-12,Assists,5,11/18/11,Northern New Mexico,https://macbulldogs.com/sports/womens-basketball/roster/kaylee-cramer/906
Kaylee Cramer,2011-12,Blocks,2,01/12/12,Kansas Wesleyan,https://macbulldogs.com/sports/womens-basketball/roster/kaylee-cramer/906
Kaylee Cramer,2011-12,Steals,4,11/04/11,vs Arizona Christian,https://macbulldogs.com/sports/womens-basketball/roster/kaylee-cramer/906
Kaylee Cramer,2012-13,Points,18,01/12/13,Sterling College,https://macbulldogs.com/sports/womens-basketball/roster/kaylee-cramer/906
Kaylee Cramer,2012-13,Minutes,34,11/16/12,vs William Penn College,https://macbulldogs.com/sports/womens-basketball/roster/kaylee-cramer/906
Kaylee Cramer,2012-13,Field Goals Made,7,01/12/13,Sterling College,https://macbulldogs.com/sports/womens-basketball/roster/kaylee-cramer/906
Kaylee Cramer,2012-13,Field Goal Attempts,11,01/12/13,Sterling College,https://macbulldogs.com/sports/womens-basketball/roster/kaylee-cramer/906
Kaylee Cramer,2012-13,3-Point Field Goals Made,2,01/24/13,at Tabor College,https://macbulldogs.com/sports/womens-basketball/roster/kaylee-cramer/906
Kaylee Cramer,2012-13,3-Point Field Goal Attempts,4,02/22/13,at Southwestern College,https://macbulldogs.com/sports/womens-basketball/roster/kaylee-cramer/906
Kaylee Cramer,2012-13,Free Throws Made,6,12/06/12,at Ottawa University,https://macbulldogs.com/sports/womens-basketball/roster/kaylee-cramer/906
Kaylee Cramer,2012-13,Free Throw Attempts,6,01/12/13,Sterling College,https://macbulldogs.com/sports/womens-basketball/roster/kaylee-cramer/906
Kaylee Cramer,2012-13,Rebounds,12,11/26/12,York College,https://macbulldogs.com/sports/womens-basketball/roster/kaylee-cramer/906
Kaylee Cramer,2012-13,Assists,6,11/26/12,York College,https://macbulldogs.com/sports/womens-basketball/roster/kaylee-cramer/906
Kaylee Cramer,2012-13,Blocks,1,02/22/13,at Southwestern College,https://macbulldogs.com/sports/womens-basketball/roster/kaylee-cramer/906
Kaylee Cramer,2012-13,Steals,4,11/16/12,vs William Penn College,https://macbulldogs.com/sports/womens-basketball/roster/kaylee-cramer/906
Kenajah Upchurch,2019-20,Points,11,11/09/19,at Dakota State (S.D.),https://macbulldogs.com/sports/womens-basketball/roster/kenajah-upchurch/7171
Kenajah Upchurch,2019-20,Minutes,26,12/07/19,Oklahoma Wesleyan,https://macbulldogs.com/sports/womens-basketball/roster/kenajah-upchurch/7171
Kenajah Upchurch,2019-20,Field Goals Made,5,11/09/19,at Dakota State (S.D.),https://macbulldogs.com/sports/womens-basketball/roster/kenajah-upchurch/7171
Kenajah Upchurch,2019-20,Field Goal Attempts,8,02/01/20,at Sterling (Kan.),https://macbulldogs.com/sports/womens-basketball/roster/kenajah-upchurch/7171
Kenajah Upchurch,2019-20,3-Point Field Goals Made,1,12/07/19,Oklahoma Wesleyan,https://macbulldogs.com/sports/womens-basketball/roster/kenajah-upchurch/7171
Kenajah Upchurch,2019-20,3-Point Field Goal Attempts,3,01/08/20,at Avila (Mo.),https://macbulldogs.com/sports/womens-basketball/roster/kenajah-upchurch/7171
Kenajah Upchurch,2019-20,Free Throws Made,3,11/02/19,Randall,https://macbulldogs.com/sports/womens-basketball/roster/kenajah-upchurch/7171
Kenajah Upchurch,2019-20,Free Throw Attempts,6,01/15/20,Bethany (Kan.),https://macbulldogs.com/sports/womens-basketball/roster/kenajah-upchurch/7171
Kenajah Upchurch,2019-20,Rebounds,6,12/11/19,at Bethel (Kan.),https://macbulldogs.com/sports/womens-basketball/roster/kenajah-upchurch/7171
Kenajah Upchurch,2019-20,Assists,3,12/05/19,Sterling (Kan.),https://macbulldogs.com/sports/womens-basketball/roster/kenajah-upchurch/7171
Kenajah Upchurch,2019-20,Blocks,1,02/22/20,Ottawa (Kan.),https://macbulldogs.com/sports/womens-basketball/roster/kenajah-upchurch/7171
Kenajah Upchurch,2019-20,Steals,3,01/08/20,at Avila (Mo.),https://macbulldogs.com/sports/womens-basketball/roster/kenajah-upchurch/7171
Kenajah Upchurch,2020-21,Points,19,11/24/20,at Randall,https://macbulldogs.com/sports/womens-basketball/roster/kenajah-upchurch/7171
Kenajah Upchurch,2020-21,Minutes,32,11/24/20,at Randall,https://macbulldogs.com/sports/womens-basketball/roster/kenajah-upchurch/7171
Kenajah Upchurch,2020-21,Field Goals Made,8,11/24/20,at Randall,https://macbulldogs.com/sports/womens-basketball/roster/kenajah-upchurch/7171
Kenajah Upchurch,2020-21,Field Goal Attempts,11,11/28/20,York (Neb.),https://macbulldogs.com/sports/womens-basketball/roster/kenajah-upchurch/7171
Kenajah Upchurch,2020-21,3-Point Field Goals Made,1,01/06/21,at Friends (Kan.),https://macbulldogs.com/sports/womens-basketball/roster/kenajah-upchurch/7171
Kenajah Upchurch,2020-21,3-Point Field Goal Attempts,1,01/06/21,at Friends (Kan.),https://macbulldogs.com/sports/womens-basketball/roster/kenajah-upchurch/7171
Kenajah Upchurch,2020-21,Free Throws Made,3,11/24/20,at Randall,https://macbulldogs.com/sports/womens-basketball/roster/kenajah-upchurch/7171
Kenajah Upchurch,2020-21,Free Throw Attempts,8,11/24/20,at Randall,https://macbulldogs.com/sports/womens-basketball/roster/kenajah-upchurch/7171
Kenajah Upchurch,2020-21,Rebounds,5,12/16/20,at Bethany (Kan.),https://macbulldogs.com/sports/womens-basketball/roster/kenajah-upchurch/7171
Kenajah Upchurch,2020-21,Assists,3,01/09/21,Sterling (Kan.),https://macbulldogs.com/sports/womens-basketball/roster/kenajah-upchurch/7171
Kenajah Upchurch,2020-21,Blocks,2,11/24/20,at Randall,https://macbulldogs.com/sports/womens-basketball/roster/kenajah-upchurch/7171
Kenajah Upchurch,2020-21,Steals,4,11/24/20,at Randall,https://macbulldogs.com/sports/womens-basketball/roster/kenajah-upchurch/7171
Kendahl Kelly,2015-16,Points,6,02/24/16,at Southwestern (Kan.),https://macbulldogs.com/sports/womens-basketball/roster/kendahl-kelly/2983
Kendahl Kelly,2015-16,Minutes,18,02/24/16,at Southwestern (Kan.),https://macbulldogs.com/sports/womens-basketball/roster/kendahl-kelly/2983
Kendahl Kelly,2015-16,Field Goals Made,2,02/24/16,at Southwestern (Kan.),https://macbulldogs.com/sports/womens-basketball/roster/kendahl-kelly/2983
Kendahl Kelly,2015-16,Field Goal Attempts,7,02/24/16,at Southwestern (Kan.),https://macbulldogs.com/sports/womens-basketball/roster/kendahl-kelly/2983
Kendahl Kelly,2015-16,3-Point Field Goals Made,2,02/24/16,at Southwestern (Kan.),https://macbulldogs.com/sports/womens-basketball/roster/kendahl-kelly/2983
Kendahl Kelly,2015-16,3-Point Field Goal Attempts,7,02/24/16,at Southwestern (Kan.),https://macbulldogs.com/sports/womens-basketball/roster/kendahl-kelly/2983
Kendahl Kelly,2015-16,Free Throws Made,2,02/06/16,Tabor (Kan.),https://macbulldogs.com/sports/womens-basketball/roster/kendahl-kelly/2983
Kendahl Kelly,2015-16,Free Throw Attempts,2,02/06/16,Tabor (Kan.),https://macbulldogs.com/sports/womens-basketball/roster/kendahl-kelly/2983
Kendahl Kelly,2015-16,Rebounds,2,11/21/15,at Bethel (Kan.),https://macbulldogs.com/sports/womens-basketball/roster/kendahl-kelly/2983
Kendahl Kelly,2015-16,Assists,1,02/18/16,at Sterling (Kan.),https://macbulldogs.com/sports/womens-basketball/roster/kendahl-kelly/2983
Kendahl Kelly,2015-16,Blocks,0,02/24/16,at Southwestern (Kan.),https://macbulldogs.com/sports/womens-basketball/roster/kendahl-kelly/2983
Kendahl Kelly,2015-16,Steals,2,11/24/15,Ottawa (Kan.),https://macbulldogs.com/sports/womens-basketball/roster/kendahl-kelly/2983
Kendahl Kelly,2016-17,Points,4,01/05/17,at York (Neb.),https://macbulldogs.com/sports/womens-basketball/roster/kendahl-kelly/2983
Kendahl Kelly,2016-17,Minutes,16,01/05/17,at York (Neb.),https://macbulldogs.com/sports/womens-basketball/roster/kendahl-kelly/2983
Kendahl Kelly,2016-17,Field Goals Made,1,02/11/17,York (Neb.),https://macbulldogs.com/sports/womens-basketball/roster/kendahl-kelly/2983
Kendahl Kelly,2016-17,Field Goal Attempts,5,11/04/16,Haskell (Kan.),https://macbulldogs.com/sports/womens-basketball/roster/kendahl-kelly/2983
Kendahl Kelly,2016-17,3-Point Field Goals Made,1,02/11/17,York (Neb.),https://macbulldogs.com/sports/womens-basketball/roster/kendahl-kelly/2983
Kendahl Kelly,2016-17,3-Point Field Goal Attempts,4,02/16/17,at Ottawa (Kan.),https://macbulldogs.com/sports/womens-basketball/roster/kendahl-kelly/2983
Kendahl Kelly,2016-17,Free Throws Made,2,01/07/17,Ottawa (Kan.),https://macbulldogs.com/sports/womens-basketball/roster/kendahl-kelly/2983
Kendahl Kelly,2016-17,Free Throw Attempts,2,01/07/17,Ottawa (Kan.),https://macbulldogs.com/sports/womens-basketball/roster/kendahl-kelly/2983
Kendahl Kelly,2016-17,Rebounds,2,01/07/17,Ottawa (Kan.),https://macbulldogs.com/sports/womens-basketball/roster/kendahl-kelly/2983
Kendahl Kelly,2016-17,Assists,1,02/16/17,at Ottawa (Kan.),https://macbulldogs.com/sports/womens-basketball/roster/kendahl-kelly/2983
Kendahl Kelly,2016-17,Blocks,0,02/18/17,Southwestern (Kan.),https://macbulldogs.com/sports/womens-basketball/roster/kendahl-kelly/2983
Kendahl Kelly,2016-17,Steals,0,02/18/17,Southwestern (Kan.),https://macbulldogs.com/sports/womens-basketball/roster/kendahl-kelly/2983
Kendahl Kelly,2015-16,Points,6,02/24/16,at Southwestern (Kan.),https://macbulldogs.com/sports/womens-basketball/roster/kendahl-kelly/3146
Kendahl Kelly,2015-16,Minutes,18,02/24/16,at Southwestern (Kan.),https://macbulldogs.com/sports/womens-basketball/roster/kendahl-kelly/3146
Kendahl Kelly,2015-16,Field Goals Made,2,02/24/16,at Southwestern (Kan.),https://macbulldogs.com/sports/womens-basketball/roster/kendahl-kelly/3146
Kendahl Kelly,2015-16,Field Goal Attempts,7,02/24/16,at Southwestern (Kan.),https://macbulldogs.com/sports/womens-basketball/roster/kendahl-kelly/3146
Kendahl Kelly,2015-16,3-Point Field Goals Made,2,02/24/16,at Southwestern (Kan.),https://macbulldogs.com/sports/womens-basketball/roster/kendahl-kelly/3146
Kendahl Kelly,2015-16,3-Point Field Goal Attempts,7,02/24/16,at Southwestern (Kan.),https://macbulldogs.com/sports/womens-basketball/roster/kendahl-kelly/3146
Kendahl Kelly,2015-16,Free Throws Made,2,02/06/16,Tabor (Kan.),https://macbulldogs.com/sports/womens-basketball/roster/kendahl-kelly/3146
Kendahl Kelly,2015-16,Free Throw Attempts,2,02/06/16,Tabor (Kan.),https://macbulldogs.com/sports/womens-basketball/roster/kendahl-kelly/3146
Kendahl Kelly,2015-16,Rebounds,2,11/21/15,at Bethel (Kan.),https://macbulldogs.com/sports/womens-basketball/roster/kendahl-kelly/3146
Kendahl Kelly,2015-16,Assists,1,02/18/16,at Sterling (Kan.),https://macbulldogs.com/sports/womens-basketball/roster/kendahl-kelly/3146
Kendahl Kelly,2015-16,Blocks,0,02/24/16,at Southwestern (Kan.),https://macbulldogs.com/sports/womens-basketball/roster/kendahl-kelly/3146
Kendahl Kelly,2015-16,Steals,2,11/24/15,Ottawa (Kan.),https://macbulldogs.com/sports/womens-basketball/roster/kendahl-kelly/3146
Kendahl Kelly,2016-17,Points,4,01/05/17,at York (Neb.),https://macbulldogs.com/sports/womens-basketball/roster/kendahl-kelly/3146
Kendahl Kelly,2016-17,Minutes,16,01/05/17,at York (Neb.),https://macbulldogs.com/sports/womens-basketball/roster/kendahl-kelly/3146
Kendahl Kelly,2016-17,Field Goals Made,1,02/11/17,York (Neb.),https://macbulldogs.com/sports/womens-basketball/roster/kendahl-kelly/3146
Kendahl Kelly,2016-17,Field Goal Attempts,5,11/04/16,Haskell (Kan.),https://macbulldogs.com/sports/womens-basketball/roster/kendahl-kelly/3146
Kendahl Kelly,2016-17,3-Point Field Goals Made,1,02/11/17,York (Neb.),https://macbulldogs.com/sports/womens-basketball/roster/kendahl-kelly/3146
Kendahl Kelly,2016-17,3-Point Field Goal Attempts,4,02/16/17,at Ottawa (Kan.),https://macbulldogs.com/sports/womens-basketball/roster/kendahl-kelly/3146
Kendahl Kelly,2016-17,Free Throws Made,2,01/07/17,Ottawa (Kan.),https://macbulldogs.com/sports/womens-basketball/roster/kendahl-kelly/3146
Kendahl Kelly,2016-17,Free Throw Attempts,2,01/07/17,Ottawa (Kan.),https://macbulldogs.com/sports/womens-basketball/roster/kendahl-kelly/3146
Kendahl Kelly,2016-17,Rebounds,2,01/07/17,Ottawa (Kan.),https://macbulldogs.com/sports/womens-basketball/roster/kendahl-kelly/3146
Kendahl Kelly,2016-17,Assists,1,02/16/17,at Ottawa (Kan.),https://macbulldogs.com/sports/womens-basketball/roster/kendahl-kelly/3146
Kendahl Kelly,2016-17,Blocks,0,02/18/17,Southwestern (Kan.),https://macbulldogs.com/sports/womens-basketball/roster/kendahl-kelly/3146
Kendahl Kelly,2016-17,Steals,0,02/18/17,Southwestern (Kan.),https://macbulldogs.com/sports/womens-basketball/roster/kendahl-kelly/3146
Kenya McCain,2023-24,Points,2,11/04/23,Manhattan Christian,https://macbulldogs.com/sports/womens-basketball/roster/kenya-mccain/10872
Kenya McCain,2023-24,Minutes,5,11/04/23,Manhattan Christian,https://macbulldogs.com/sports/womens-basketball/roster/kenya-mccain/10872
Kenya McCain,2023-24,Field Goals Made,1,11/04/23,Manhattan Christian,https://macbulldogs.com/sports/womens-basketball/roster/kenya-mccain/10872
Kenya McCain,2023-24,Field Goal Attempts,2,11/04/23,Manhattan Christian,https://macbulldogs.com/sports/womens-basketball/roster/kenya-mccain/10872
Kenya McCain,2023-24,3-Point Field Goals Made,0,11/04/23,Manhattan Christian,https://macbulldogs.com/sports/womens-basketball/roster/kenya-mccain/10872
Kenya McCain,2023-24,3-Point Field Goal Attempts,0,11/04/23,Manhattan Christian,https://macbulldogs.com/sports/womens-basketball/roster/kenya-mccain/10872
Kenya McCain,2023-24,Free Throws Made,0,11/04/23,Manhattan Christian,https://macbulldogs.com/sports/womens-basketball/roster/kenya-mccain/10872
Kenya McCain,2023-24,Free Throw Attempts,0,11/04/23,Manhattan Christian,https://macbulldogs.com/sports/womens-basketball/roster/kenya-mccain/10872
Kenya McCain,2023-24,Rebounds,1,11/04/23,Manhattan Christian,https://macbulldogs.com/sports/womens-basketball/roster/kenya-mccain/10872
Kenya McCain,2023-24,Assists,1,11/04/23,Manhattan Christian,https://macbulldogs.com/sports/womens-basketball/roster/kenya-mccain/10872
Kenya McCain,2023-24,Blocks,0,11/04/23,Manhattan Christian,https://macbulldogs.com/sports/womens-basketball/roster/kenya-mccain/10872
Kenya McCain,2023-24,Steals,1,11/04/23,Manhattan Christian,https://macbulldogs.com/sports/womens-basketball/roster/kenya-mccain/10872
Kenya McCain,2024-25,Points,8,02/05/25,at Bethany (KS),https://macbulldogs.com/sports/womens-basketball/roster/kenya-mccain/10872
Kenya McCain,2024-25,Minutes,25,02/05/25,at Bethany (KS),https://macbulldogs.com/sports/womens-basketball/roster/kenya-mccain/10872
Kenya McCain,2024-25,Field Goals Made,3,02/05/25,at Bethany (KS),https://macbulldogs.com/sports/womens-basketball/roster/kenya-mccain/10872
Kenya McCain,2024-25,Field Goal Attempts,5,02/05/25,at Bethany (KS),https://macbulldogs.com/sports/womens-basketball/roster/kenya-mccain/10872
Kenya McCain,2024-25,3-Point Field Goals Made,1,12/04/24,at Tabor,https://macbulldogs.com/sports/womens-basketball/roster/kenya-mccain/10872
Kenya McCain,2024-25,3-Point Field Goal Attempts,1,02/08/25,University of Saint Mary,https://macbulldogs.com/sports/womens-basketball/roster/kenya-mccain/10872
Kenya McCain,2024-25,Free Throws Made,2,02/05/25,at Bethany (KS),https://macbulldogs.com/sports/womens-basketball/roster/kenya-mccain/10872
Kenya McCain,2024-25,Free Throw Attempts,4,02/05/25,at Bethany (KS),https://macbulldogs.com/sports/womens-basketball/roster/kenya-mccain/10872
Kenya McCain,2024-25,Rebounds,12,02/05/25,at Bethany (KS),https://macbulldogs.com/sports/womens-basketball/roster/kenya-mccain/10872
Kenya McCain,2024-25,Assists,4,02/15/25,Friends University,https://macbulldogs.com/sports/womens-basketball/roster/kenya-mccain/10872
Kenya McCain,2024-25,Blocks,1,01/04/25,Evangel University,https://macbulldogs.com/sports/womens-basketball/roster/kenya-mccain/10872
Kenya McCain,2024-25,Steals,2,01/18/25,Avila University,https://macbulldogs.com/sports/womens-basketball/roster/kenya-mccain/10872
Kenya McCain,2025 - 26,Points,5,02/21/26,Oklahoma Wesleyan University,https://macbulldogs.com/sports/womens-basketball/roster/kenya-mccain/10872
Kenya McCain,2025 - 26,Minutes,16,02/21/26,Oklahoma Wesleyan University,https://macbulldogs.com/sports/womens-basketball/roster/kenya-mccain/10872
Kenya McCain,2025 - 26,Field Goals Made,2,02/21/26,Oklahoma Wesleyan University,https://macbulldogs.com/sports/womens-basketball/roster/kenya-mccain/10872
Kenya McCain,2025 - 26,Field Goal Attempts,4,02/21/26,Oklahoma Wesleyan University,https://macbulldogs.com/sports/womens-basketball/roster/kenya-mccain/10872
Kenya McCain,2025 - 26,3-Point Field Goals Made,0,02/21/26,Oklahoma Wesleyan University,https://macbulldogs.com/sports/womens-basketball/roster/kenya-mccain/10872
Kenya McCain,2025 - 26,3-Point Field Goal Attempts,0,02/21/26,Oklahoma Wesleyan University,https://macbulldogs.com/sports/womens-basketball/roster/kenya-mccain/10872
Kenya McCain,2025 - 26,Free Throws Made,1,02/21/26,Oklahoma Wesleyan University,https://macbulldogs.com/sports/womens-basketball/roster/kenya-mccain/10872
Kenya McCain,2025 - 26,Free Throw Attempts,2,02/21/26,Oklahoma Wesleyan University,https://macbulldogs.com/sports/womens-basketball/roster/kenya-mccain/10872
Kenya McCain,2025 - 26,Rebounds,7,02/21/26,Oklahoma Wesleyan University,https://macbulldogs.com/sports/womens-basketball/roster/kenya-mccain/10872
Kenya McCain,2025 - 26,Assists,2,02/21/26,Oklahoma Wesleyan University,https://macbulldogs.com/sports/womens-basketball/roster/kenya-mccain/10872
Kenya McCain,2025 - 26,Blocks,0,02/21/26,Oklahoma Wesleyan University,https://macbulldogs.com/sports/womens-basketball/roster/kenya-mccain/10872
Kenya McCain,2025 - 26,Steals,0,02/21/26,Oklahoma Wesleyan University,https://macbulldogs.com/sports/womens-basketball/roster/kenya-mccain/10872
Kenya McCain,2023-24,Points,2,11/04/23,Manhattan Christian,https://macbulldogs.com/sports/womens-basketball/roster/kenya-mccain/8022
Kenya McCain,2023-24,Minutes,5,11/04/23,Manhattan Christian,https://macbulldogs.com/sports/womens-basketball/roster/kenya-mccain/8022
Kenya McCain,2023-24,Field Goals Made,1,11/04/23,Manhattan Christian,https://macbulldogs.com/sports/womens-basketball/roster/kenya-mccain/8022
Kenya McCain,2023-24,Field Goal Attempts,2,11/04/23,Manhattan Christian,https://macbulldogs.com/sports/womens-basketball/roster/kenya-mccain/8022
Kenya McCain,2023-24,3-Point Field Goals Made,0,11/04/23,Manhattan Christian,https://macbulldogs.com/sports/womens-basketball/roster/kenya-mccain/8022
Kenya McCain,2023-24,3-Point Field Goal Attempts,0,11/04/23,Manhattan Christian,https://macbulldogs.com/sports/womens-basketball/roster/kenya-mccain/8022
Kenya McCain,2023-24,Free Throws Made,0,11/04/23,Manhattan Christian,https://macbulldogs.com/sports/womens-basketball/roster/kenya-mccain/8022
Kenya McCain,2023-24,Free Throw Attempts,0,11/04/23,Manhattan Christian,https://macbulldogs.com/sports/womens-basketball/roster/kenya-mccain/8022
Kenya McCain,2023-24,Rebounds,1,11/04/23,Manhattan Christian,https://macbulldogs.com/sports/womens-basketball/roster/kenya-mccain/8022
Kenya McCain,2023-24,Assists,1,11/04/23,Manhattan Christian,https://macbulldogs.com/sports/womens-basketball/roster/kenya-mccain/8022
Kenya McCain,2023-24,Blocks,0,11/04/23,Manhattan Christian,https://macbulldogs.com/sports/womens-basketball/roster/kenya-mccain/8022
Kenya McCain,2023-24,Steals,1,11/04/23,Manhattan Christian,https://macbulldogs.com/sports/womens-basketball/roster/kenya-mccain/8022
Kenya McCain,2024-25,Points,8,02/05/25,at Bethany (KS),https://macbulldogs.com/sports/womens-basketball/roster/kenya-mccain/8022
Kenya McCain,2024-25,Minutes,25,02/05/25,at Bethany (KS),https://macbulldogs.com/sports/womens-basketball/roster/kenya-mccain/8022
Kenya McCain,2024-25,Field Goals Made,3,02/05/25,at Bethany (KS),https://macbulldogs.com/sports/womens-basketball/roster/kenya-mccain/8022
Kenya McCain,2024-25,Field Goal Attempts,5,02/05/25,at Bethany (KS),https://macbulldogs.com/sports/womens-basketball/roster/kenya-mccain/8022
Kenya McCain,2024-25,3-Point Field Goals Made,1,12/04/24,at Tabor,https://macbulldogs.com/sports/womens-basketball/roster/kenya-mccain/8022
Kenya McCain,2024-25,3-Point Field Goal Attempts,1,02/08/25,University of Saint Mary,https://macbulldogs.com/sports/womens-basketball/roster/kenya-mccain/8022
Kenya McCain,2024-25,Free Throws Made,2,02/05/25,at Bethany (KS),https://macbulldogs.com/sports/womens-basketball/roster/kenya-mccain/8022
Kenya McCain,2024-25,Free Throw Attempts,4,02/05/25,at Bethany (KS),https://macbulldogs.com/sports/womens-basketball/roster/kenya-mccain/8022
Kenya McCain,2024-25,Rebounds,12,02/05/25,at Bethany (KS),https://macbulldogs.com/sports/womens-basketball/roster/kenya-mccain/8022
Kenya McCain,2024-25,Assists,4,02/15/25,Friends University,https://macbulldogs.com/sports/womens-basketball/roster/kenya-mccain/8022
Kenya McCain,2024-25,Blocks,1,01/04/25,Evangel University,https://macbulldogs.com/sports/womens-basketball/roster/kenya-mccain/8022
Kenya McCain,2024-25,Steals,2,01/18/25,Avila University,https://macbulldogs.com/sports/womens-basketball/roster/kenya-mccain/8022
Kenya McCain,2025 - 26,Points,5,02/21/26,Oklahoma Wesleyan University,https://macbulldogs.com/sports/womens-basketball/roster/kenya-mccain/8022
Kenya McCain,2025 - 26,Minutes,16,02/21/26,Oklahoma Wesleyan University,https://macbulldogs.com/sports/womens-basketball/roster/kenya-mccain/8022
Kenya McCain,2025 - 26,Field Goals Made,2,02/21/26,Oklahoma Wesleyan University,https://macbulldogs.com/sports/womens-basketball/roster/kenya-mccain/8022
Kenya McCain,2025 - 26,Field Goal Attempts,4,02/21/26,Oklahoma Wesleyan University,https://macbulldogs.com/sports/womens-basketball/roster/kenya-mccain/8022
Kenya McCain,2025 - 26,3-Point Field Goals Made,0,02/21/26,Oklahoma Wesleyan University,https://macbulldogs.com/sports/womens-basketball/roster/kenya-mccain/8022
Kenya McCain,2025 - 26,3-Point Field Goal Attempts,0,02/21/26,Oklahoma Wesleyan University,https://macbulldogs.com/sports/womens-basketball/roster/kenya-mccain/8022
Kenya McCain,2025 - 26,Free Throws Made,1,02/21/26,Oklahoma Wesleyan University,https://macbulldogs.com/sports/womens-basketball/roster/kenya-mccain/8022
Kenya McCain,2025 - 26,Free Throw Attempts,2,02/21/26,Oklahoma Wesleyan University,https://macbulldogs.com/sports/womens-basketball/roster/kenya-mccain/8022
Kenya McCain,2025 - 26,Rebounds,7,02/21/26,Oklahoma Wesleyan University,https://macbulldogs.com/sports/womens-basketball/roster/kenya-mccain/8022
Kenya McCain,2025 - 26,Assists,2,02/21/26,Oklahoma Wesleyan University,https://macbulldogs.com/sports/womens-basketball/roster/kenya-mccain/8022
Kenya McCain,2025 - 26,Blocks,0,02/21/26,Oklahoma Wesleyan University,https://macbulldogs.com/sports/womens-basketball/roster/kenya-mccain/8022
Kenya McCain,2025 - 26,Steals,0,02/21/26,Oklahoma Wesleyan University,https://macbulldogs.com/sports/womens-basketball/roster/kenya-mccain/8022
Kenya McCain,2023-24,Points,2,11/04/23,Manhattan Christian,https://macbulldogs.com/sports/womens-basketball/roster/kenya-mccain/8722
Kenya McCain,2023-24,Minutes,5,11/04/23,Manhattan Christian,https://macbulldogs.com/sports/womens-basketball/roster/kenya-mccain/8722
Kenya McCain,2023-24,Field Goals Made,1,11/04/23,Manhattan Christian,https://macbulldogs.com/sports/womens-basketball/roster/kenya-mccain/8722
Kenya McCain,2023-24,Field Goal Attempts,2,11/04/23,Manhattan Christian,https://macbulldogs.com/sports/womens-basketball/roster/kenya-mccain/8722
Kenya McCain,2023-24,3-Point Field Goals Made,0,11/04/23,Manhattan Christian,https://macbulldogs.com/sports/womens-basketball/roster/kenya-mccain/8722
Kenya McCain,2023-24,3-Point Field Goal Attempts,0,11/04/23,Manhattan Christian,https://macbulldogs.com/sports/womens-basketball/roster/kenya-mccain/8722
Kenya McCain,2023-24,Free Throws Made,0,11/04/23,Manhattan Christian,https://macbulldogs.com/sports/womens-basketball/roster/kenya-mccain/8722
Kenya McCain,2023-24,Free Throw Attempts,0,11/04/23,Manhattan Christian,https://macbulldogs.com/sports/womens-basketball/roster/kenya-mccain/8722
Kenya McCain,2023-24,Rebounds,1,11/04/23,Manhattan Christian,https://macbulldogs.com/sports/womens-basketball/roster/kenya-mccain/8722
Kenya McCain,2023-24,Assists,1,11/04/23,Manhattan Christian,https://macbulldogs.com/sports/womens-basketball/roster/kenya-mccain/8722
Kenya McCain,2023-24,Blocks,0,11/04/23,Manhattan Christian,https://macbulldogs.com/sports/womens-basketball/roster/kenya-mccain/8722
Kenya McCain,2023-24,Steals,1,11/04/23,Manhattan Christian,https://macbulldogs.com/sports/womens-basketball/roster/kenya-mccain/8722
Kenya McCain,2024-25,Points,8,02/05/25,at Bethany (KS),https://macbulldogs.com/sports/womens-basketball/roster/kenya-mccain/8722
Kenya McCain,2024-25,Minutes,25,02/05/25,at Bethany (KS),https://macbulldogs.com/sports/womens-basketball/roster/kenya-mccain/8722
Kenya McCain,2024-25,Field Goals Made,3,02/05/25,at Bethany (KS),https://macbulldogs.com/sports/womens-basketball/roster/kenya-mccain/8722
Kenya McCain,2024-25,Field Goal Attempts,5,02/05/25,at Bethany (KS),https://macbulldogs.com/sports/womens-basketball/roster/kenya-mccain/8722
Kenya McCain,2024-25,3-Point Field Goals Made,1,12/04/24,at Tabor,https://macbulldogs.com/sports/womens-basketball/roster/kenya-mccain/8722
Kenya McCain,2024-25,3-Point Field Goal Attempts,1,02/08/25,University of Saint Mary,https://macbulldogs.com/sports/womens-basketball/roster/kenya-mccain/8722
Kenya McCain,2024-25,Free Throws Made,2,02/05/25,at Bethany (KS),https://macbulldogs.com/sports/womens-basketball/roster/kenya-mccain/8722
Kenya McCain,2024-25,Free Throw Attempts,4,02/05/25,at Bethany (KS),https://macbulldogs.com/sports/womens-basketball/roster/kenya-mccain/8722
Kenya McCain,2024-25,Rebounds,12,02/05/25,at Bethany (KS),https://macbulldogs.com/sports/womens-basketball/roster/kenya-mccain/8722
Kenya McCain,2024-25,Assists,4,02/15/25,Friends University,https://macbulldogs.com/sports/womens-basketball/roster/kenya-mccain/8722
Kenya McCain,2024-25,Blocks,1,01/04/25,Evangel University,https://macbulldogs.com/sports/womens-basketball/roster/kenya-mccain/8722
Kenya McCain,2024-25,Steals,2,01/18/25,Avila University,https://macbulldogs.com/sports/womens-basketball/roster/kenya-mccain/8722
Kenya McCain,2025 - 26,Points,5,02/21/26,Oklahoma Wesleyan University,https://macbulldogs.com/sports/womens-basketball/roster/kenya-mccain/8722
Kenya McCain,2025 - 26,Minutes,16,02/21/26,Oklahoma Wesleyan University,https://macbulldogs.com/sports/womens-basketball/roster/kenya-mccain/8722
Kenya McCain,2025 - 26,Field Goals Made,2,02/21/26,Oklahoma Wesleyan University,https://macbulldogs.com/sports/womens-basketball/roster/kenya-mccain/8722
Kenya McCain,2025 - 26,Field Goal Attempts,4,02/21/26,Oklahoma Wesleyan University,https://macbulldogs.com/sports/womens-basketball/roster/kenya-mccain/8722
Kenya McCain,2025 - 26,3-Point Field Goals Made,0,02/21/26,Oklahoma Wesleyan University,https://macbulldogs.com/sports/womens-basketball/roster/kenya-mccain/8722
Kenya McCain,2025 - 26,3-Point Field Goal Attempts,0,02/21/26,Oklahoma Wesleyan University,https://macbulldogs.com/sports/womens-basketball/roster/kenya-mccain/8722
Kenya McCain,2025 - 26,Free Throws Made,1,02/21/26,Oklahoma Wesleyan University,https://macbulldogs.com/sports/womens-basketball/roster/kenya-mccain/8722
Kenya McCain,2025 - 26,Free Throw Attempts,2,02/21/26,Oklahoma Wesleyan University,https://macbulldogs.com/sports/womens-basketball/roster/kenya-mccain/8722
Kenya McCain,2025 - 26,Rebounds,7,02/21/26,Oklahoma Wesleyan University,https://macbulldogs.com/sports/womens-basketball/roster/kenya-mccain/8722
Kenya McCain,2025 - 26,Assists,2,02/21/26,Oklahoma Wesleyan University,https://macbulldogs.com/sports/womens-basketball/roster/kenya-mccain/8722
Kenya McCain,2025 - 26,Blocks,0,02/21/26,Oklahoma Wesleyan University,https://macbulldogs.com/sports/womens-basketball/roster/kenya-mccain/8722
Kenya McCain,2025 - 26,Steals,0,02/21/26,Oklahoma Wesleyan University,https://macbulldogs.com/sports/womens-basketball/roster/kenya-mccain/8722
Kenya McCain,2023-24,Points,2,11/04/23,Manhattan Christian,https://macbulldogs.com/sports/womens-basketball/roster/kenya-mccain/9589
Kenya McCain,2023-24,Minutes,5,11/04/23,Manhattan Christian,https://macbulldogs.com/sports/womens-basketball/roster/kenya-mccain/9589
Kenya McCain,2023-24,Field Goals Made,1,11/04/23,Manhattan Christian,https://macbulldogs.com/sports/womens-basketball/roster/kenya-mccain/9589
Kenya McCain,2023-24,Field Goal Attempts,2,11/04/23,Manhattan Christian,https://macbulldogs.com/sports/womens-basketball/roster/kenya-mccain/9589
Kenya McCain,2023-24,3-Point Field Goals Made,0,11/04/23,Manhattan Christian,https://macbulldogs.com/sports/womens-basketball/roster/kenya-mccain/9589
Kenya McCain,2023-24,3-Point Field Goal Attempts,0,11/04/23,Manhattan Christian,https://macbulldogs.com/sports/womens-basketball/roster/kenya-mccain/9589
Kenya McCain,2023-24,Free Throws Made,0,11/04/23,Manhattan Christian,https://macbulldogs.com/sports/womens-basketball/roster/kenya-mccain/9589
Kenya McCain,2023-24,Free Throw Attempts,0,11/04/23,Manhattan Christian,https://macbulldogs.com/sports/womens-basketball/roster/kenya-mccain/9589
Kenya McCain,2023-24,Rebounds,1,11/04/23,Manhattan Christian,https://macbulldogs.com/sports/womens-basketball/roster/kenya-mccain/9589
Kenya McCain,2023-24,Assists,1,11/04/23,Manhattan Christian,https://macbulldogs.com/sports/womens-basketball/roster/kenya-mccain/9589
Kenya McCain,2023-24,Blocks,0,11/04/23,Manhattan Christian,https://macbulldogs.com/sports/womens-basketball/roster/kenya-mccain/9589
Kenya McCain,2023-24,Steals,1,11/04/23,Manhattan Christian,https://macbulldogs.com/sports/womens-basketball/roster/kenya-mccain/9589
Kenya McCain,2024-25,Points,8,02/05/25,at Bethany (KS),https://macbulldogs.com/sports/womens-basketball/roster/kenya-mccain/9589
Kenya McCain,2024-25,Minutes,25,02/05/25,at Bethany (KS),https://macbulldogs.com/sports/womens-basketball/roster/kenya-mccain/9589
Kenya McCain,2024-25,Field Goals Made,3,02/05/25,at Bethany (KS),https://macbulldogs.com/sports/womens-basketball/roster/kenya-mccain/9589
Kenya McCain,2024-25,Field Goal Attempts,5,02/05/25,at Bethany (KS),https://macbulldogs.com/sports/womens-basketball/roster/kenya-mccain/9589
Kenya McCain,2024-25,3-Point Field Goals Made,1,12/04/24,at Tabor,https://macbulldogs.com/sports/womens-basketball/roster/kenya-mccain/9589
Kenya McCain,2024-25,3-Point Field Goal Attempts,1,02/08/25,University of Saint Mary,https://macbulldogs.com/sports/womens-basketball/roster/kenya-mccain/9589
Kenya McCain,2024-25,Free Throws Made,2,02/05/25,at Bethany (KS),https://macbulldogs.com/sports/womens-basketball/roster/kenya-mccain/9589
Kenya McCain,2024-25,Free Throw Attempts,4,02/05/25,at Bethany (KS),https://macbulldogs.com/sports/womens-basketball/roster/kenya-mccain/9589
Kenya McCain,2024-25,Rebounds,12,02/05/25,at Bethany (KS),https://macbulldogs.com/sports/womens-basketball/roster/kenya-mccain/9589
Kenya McCain,2024-25,Assists,4,02/15/25,Friends University,https://macbulldogs.com/sports/womens-basketball/roster/kenya-mccain/9589
Kenya McCain,2024-25,Blocks,1,01/04/25,Evangel University,https://macbulldogs.com/sports/womens-basketball/roster/kenya-mccain/9589
Kenya McCain,2024-25,Steals,2,01/18/25,Avila University,https://macbulldogs.com/sports/womens-basketball/roster/kenya-mccain/9589
Kenya McCain,2025 - 26,Points,5,02/21/26,Oklahoma Wesleyan University,https://macbulldogs.com/sports/womens-basketball/roster/kenya-mccain/9589
Kenya McCain,2025 - 26,Minutes,16,02/21/26,Oklahoma Wesleyan University,https://macbulldogs.com/sports/womens-basketball/roster/kenya-mccain/9589
Kenya McCain,2025 - 26,Field Goals Made,2,02/21/26,Oklahoma Wesleyan University,https://macbulldogs.com/sports/womens-basketball/roster/kenya-mccain/9589
Kenya McCain,2025 - 26,Field Goal Attempts,4,02/21/26,Oklahoma Wesleyan University,https://macbulldogs.com/sports/womens-basketball/roster/kenya-mccain/9589
Kenya McCain,2025 - 26,3-Point Field Goals Made,0,02/21/26,Oklahoma Wesleyan University,https://macbulldogs.com/sports/womens-basketball/roster/kenya-mccain/9589
Kenya McCain,2025 - 26,3-Point Field Goal Attempts,0,02/21/26,Oklahoma Wesleyan University,https://macbulldogs.com/sports/womens-basketball/roster/kenya-mccain/9589
Kenya McCain,2025 - 26,Free Throws Made,1,02/21/26,Oklahoma Wesleyan University,https://macbulldogs.com/sports/womens-basketball/roster/kenya-mccain/9589
Kenya McCain,2025 - 26,Free Throw Attempts,2,02/21/26,Oklahoma Wesleyan University,https://macbulldogs.com/sports/womens-basketball/roster/kenya-mccain/9589
Kenya McCain,2025 - 26,Rebounds,7,02/21/26,Oklahoma Wesleyan University,https://macbulldogs.com/sports/womens-basketball/roster/kenya-mccain/9589
Kenya McCain,2025 - 26,Assists,2,02/21/26,Oklahoma Wesleyan University,https://macbulldogs.com/sports/womens-basketball/roster/kenya-mccain/9589
Kenya McCain,2025 - 26,Blocks,0,02/21/26,Oklahoma Wesleyan University,https://macbulldogs.com/sports/womens-basketball/roster/kenya-mccain/9589
Kenya McCain,2025 - 26,Steals,0,02/21/26,Oklahoma Wesleyan University,https://macbulldogs.com/sports/womens-basketball/roster/kenya-mccain/9589
Kenya McCain,2023-24,Points,2,11/04/23,Manhattan Christian,https://macbulldogs.com/sports/womens-basketball/roster/kenya-mccain/9949
Kenya McCain,2023-24,Minutes,5,11/04/23,Manhattan Christian,https://macbulldogs.com/sports/womens-basketball/roster/kenya-mccain/9949
Kenya McCain,2023-24,Field Goals Made,1,11/04/23,Manhattan Christian,https://macbulldogs.com/sports/womens-basketball/roster/kenya-mccain/9949
Kenya McCain,2023-24,Field Goal Attempts,2,11/04/23,Manhattan Christian,https://macbulldogs.com/sports/womens-basketball/roster/kenya-mccain/9949
Kenya McCain,2023-24,3-Point Field Goals Made,0,11/04/23,Manhattan Christian,https://macbulldogs.com/sports/womens-basketball/roster/kenya-mccain/9949
Kenya McCain,2023-24,3-Point Field Goal Attempts,0,11/04/23,Manhattan Christian,https://macbulldogs.com/sports/womens-basketball/roster/kenya-mccain/9949
Kenya McCain,2023-24,Free Throws Made,0,11/04/23,Manhattan Christian,https://macbulldogs.com/sports/womens-basketball/roster/kenya-mccain/9949
Kenya McCain,2023-24,Free Throw Attempts,0,11/04/23,Manhattan Christian,https://macbulldogs.com/sports/womens-basketball/roster/kenya-mccain/9949
Kenya McCain,2023-24,Rebounds,1,11/04/23,Manhattan Christian,https://macbulldogs.com/sports/womens-basketball/roster/kenya-mccain/9949
Kenya McCain,2023-24,Assists,1,11/04/23,Manhattan Christian,https://macbulldogs.com/sports/womens-basketball/roster/kenya-mccain/9949
Kenya McCain,2023-24,Blocks,0,11/04/23,Manhattan Christian,https://macbulldogs.com/sports/womens-basketball/roster/kenya-mccain/9949
Kenya McCain,2023-24,Steals,1,11/04/23,Manhattan Christian,https://macbulldogs.com/sports/womens-basketball/roster/kenya-mccain/9949
Kenya McCain,2024-25,Points,8,02/05/25,at Bethany (KS),https://macbulldogs.com/sports/womens-basketball/roster/kenya-mccain/9949
Kenya McCain,2024-25,Minutes,25,02/05/25,at Bethany (KS),https://macbulldogs.com/sports/womens-basketball/roster/kenya-mccain/9949
Kenya McCain,2024-25,Field Goals Made,3,02/05/25,at Bethany (KS),https://macbulldogs.com/sports/womens-basketball/roster/kenya-mccain/9949
Kenya McCain,2024-25,Field Goal Attempts,5,02/05/25,at Bethany (KS),https://macbulldogs.com/sports/womens-basketball/roster/kenya-mccain/9949
Kenya McCain,2024-25,3-Point Field Goals Made,1,12/04/24,at Tabor,https://macbulldogs.com/sports/womens-basketball/roster/kenya-mccain/9949
Kenya McCain,2024-25,3-Point Field Goal Attempts,1,02/08/25,University of Saint Mary,https://macbulldogs.com/sports/womens-basketball/roster/kenya-mccain/9949
Kenya McCain,2024-25,Free Throws Made,2,02/05/25,at Bethany (KS),https://macbulldogs.com/sports/womens-basketball/roster/kenya-mccain/9949
Kenya McCain,2024-25,Free Throw Attempts,4,02/05/25,at Bethany (KS),https://macbulldogs.com/sports/womens-basketball/roster/kenya-mccain/9949
Kenya McCain,2024-25,Rebounds,12,02/05/25,at Bethany (KS),https://macbulldogs.com/sports/womens-basketball/roster/kenya-mccain/9949
Kenya McCain,2024-25,Assists,4,02/15/25,Friends University,https://macbulldogs.com/sports/womens-basketball/roster/kenya-mccain/9949
Kenya McCain,2024-25,Blocks,1,01/04/25,Evangel University,https://macbulldogs.com/sports/womens-basketball/roster/kenya-mccain/9949
Kenya McCain,2024-25,Steals,2,01/18/25,Avila University,https://macbulldogs.com/sports/womens-basketball/roster/kenya-mccain/9949
Kenya McCain,2025 - 26,Points,5,02/21/26,Oklahoma Wesleyan University,https://macbulldogs.com/sports/womens-basketball/roster/kenya-mccain/9949
Kenya McCain,2025 - 26,Minutes,16,02/21/26,Oklahoma Wesleyan University,https://macbulldogs.com/sports/womens-basketball/roster/kenya-mccain/9949
Kenya McCain,2025 - 26,Field Goals Made,2,02/21/26,Oklahoma Wesleyan University,https://macbulldogs.com/sports/womens-basketball/roster/kenya-mccain/9949
Kenya McCain,2025 - 26,Field Goal Attempts,4,02/21/26,Oklahoma Wesleyan University,https://macbulldogs.com/sports/womens-basketball/roster/kenya-mccain/9949
Kenya McCain,2025 - 26,3-Point Field Goals Made,0,02/21/26,Oklahoma Wesleyan University,https://macbulldogs.com/sports/womens-basketball/roster/kenya-mccain/9949
Kenya McCain,2025 - 26,3-Point Field Goal Attempts,0,02/21/26,Oklahoma Wesleyan University,https://macbulldogs.com/sports/womens-basketball/roster/kenya-mccain/9949
Kenya McCain,2025 - 26,Free Throws Made,1,02/21/26,Oklahoma Wesleyan University,https://macbulldogs.com/sports/womens-basketball/roster/kenya-mccain/9949
Kenya McCain,2025 - 26,Free Throw Attempts,2,02/21/26,Oklahoma Wesleyan University,https://macbulldogs.com/sports/womens-basketball/roster/kenya-mccain/9949
Kenya McCain,2025 - 26,Rebounds,7,02/21/26,Oklahoma Wesleyan University,https://macbulldogs.com/sports/womens-basketball/roster/kenya-mccain/9949
Kenya McCain,2025 - 26,Assists,2,02/21/26,Oklahoma Wesleyan University,https://macbulldogs.com/sports/womens-basketball/roster/kenya-mccain/9949
Kenya McCain,2025 - 26,Blocks,0,02/21/26,Oklahoma Wesleyan University,https://macbulldogs.com/sports/womens-basketball/roster/kenya-mccain/9949
Kenya McCain,2025 - 26,Steals,0,02/21/26,Oklahoma Wesleyan University,https://macbulldogs.com/sports/womens-basketball/roster/kenya-mccain/9949
Kiara Hawkins,2021-22,Points,1,11/09/21,Central Christian,https://macbulldogs.com/sports/womens-basketball/roster/kiara-hawkins/9593
Kiara Hawkins,2021-22,Minutes,5,11/09/21,Central Christian,https://macbulldogs.com/sports/womens-basketball/roster/kiara-hawkins/9593
Kiara Hawkins,2021-22,Field Goals Made,0,11/09/21,Central Christian,https://macbulldogs.com/sports/womens-basketball/roster/kiara-hawkins/9593
Kiara Hawkins,2021-22,Field Goal Attempts,0,11/09/21,Central Christian,https://macbulldogs.com/sports/womens-basketball/roster/kiara-hawkins/9593
Kiara Hawkins,2021-22,3-Point Field Goals Made,0,11/09/21,Central Christian,https://macbulldogs.com/sports/womens-basketball/roster/kiara-hawkins/9593
Kiara Hawkins,2021-22,3-Point Field Goal Attempts,0,11/09/21,Central Christian,https://macbulldogs.com/sports/womens-basketball/roster/kiara-hawkins/9593
Kiara Hawkins,2021-22,Free Throws Made,1,11/09/21,Central Christian,https://macbulldogs.com/sports/womens-basketball/roster/kiara-hawkins/9593
Kiara Hawkins,2021-22,Free Throw Attempts,2,11/09/21,Central Christian,https://macbulldogs.com/sports/womens-basketball/roster/kiara-hawkins/9593
Kiara Hawkins,2021-22,Rebounds,1,11/09/21,Central Christian,https://macbulldogs.com/sports/womens-basketball/roster/kiara-hawkins/9593
Kiara Hawkins,2021-22,Assists,0,11/09/21,Central Christian,https://macbulldogs.com/sports/womens-basketball/roster/kiara-hawkins/9593
Kiara Hawkins,2021-22,Blocks,0,11/09/21,Central Christian,https://macbulldogs.com/sports/womens-basketball/roster/kiara-hawkins/9593
Kiara Hawkins,2021-22,Steals,0,11/09/21,Central Christian,https://macbulldogs.com/sports/womens-basketball/roster/kiara-hawkins/9593
Kiara Hawkins,2022-23,Points,2,11/08/22,at Central Christian,https://macbulldogs.com/sports/womens-basketball/roster/kiara-hawkins/9593
Kiara Hawkins,2022-23,Minutes,6,02/08/23,Southwestern,https://macbulldogs.com/sports/womens-basketball/roster/kiara-hawkins/9593
Kiara Hawkins,2022-23,Field Goals Made,1,11/08/22,at Central Christian,https://macbulldogs.com/sports/womens-basketball/roster/kiara-hawkins/9593
Kiara Hawkins,2022-23,Field Goal Attempts,1,02/08/23,Southwestern,https://macbulldogs.com/sports/womens-basketball/roster/kiara-hawkins/9593
Kiara Hawkins,2022-23,3-Point Field Goals Made,0,02/18/23,at Bethel,https://macbulldogs.com/sports/womens-basketball/roster/kiara-hawkins/9593
Kiara Hawkins,2022-23,3-Point Field Goal Attempts,1,02/08/23,Southwestern,https://macbulldogs.com/sports/womens-basketball/roster/kiara-hawkins/9593
Kiara Hawkins,2022-23,Free Throws Made,0,02/18/23,at Bethel,https://macbulldogs.com/sports/womens-basketball/roster/kiara-hawkins/9593
Kiara Hawkins,2022-23,Free Throw Attempts,0,02/18/23,at Bethel,https://macbulldogs.com/sports/womens-basketball/roster/kiara-hawkins/9593
Kiara Hawkins,2022-23,Rebounds,1,11/08/22,at Central Christian,https://macbulldogs.com/sports/womens-basketball/roster/kiara-hawkins/9593
Kiara Hawkins,2022-23,Assists,1,11/08/22,at Central Christian,https://macbulldogs.com/sports/womens-basketball/roster/kiara-hawkins/9593
Kiara Hawkins,2022-23,Blocks,1,02/01/23,at Tabor,https://macbulldogs.com/sports/womens-basketball/roster/kiara-hawkins/9593
Kiara Hawkins,2022-23,Steals,0,02/18/23,at Bethel,https://macbulldogs.com/sports/womens-basketball/roster/kiara-hawkins/9593
Kiara Hawkins,2023-24,Points,0,01/06/24,Southwestern College,https://macbulldogs.com/sports/womens-basketball/roster/kiara-hawkins/9593
Kiara Hawkins,2023-24,Minutes,8,01/06/24,Southwestern College,https://macbulldogs.com/sports/womens-basketball/roster/kiara-hawkins/9593
Kiara Hawkins,2023-24,Field Goals Made,0,01/06/24,Southwestern College,https://macbulldogs.com/sports/womens-basketball/roster/kiara-hawkins/9593
Kiara Hawkins,2023-24,Field Goal Attempts,0,01/06/24,Southwestern College,https://macbulldogs.com/sports/womens-basketball/roster/kiara-hawkins/9593
Kiara Hawkins,2023-24,3-Point Field Goals Made,0,01/06/24,Southwestern College,https://macbulldogs.com/sports/womens-basketball/roster/kiara-hawkins/9593
Kiara Hawkins,2023-24,3-Point Field Goal Attempts,0,01/06/24,Southwestern College,https://macbulldogs.com/sports/womens-basketball/roster/kiara-hawkins/9593
Kiara Hawkins,2023-24,Free Throws Made,0,01/06/24,Southwestern College,https://macbulldogs.com/sports/womens-basketball/roster/kiara-hawkins/9593
Kiara Hawkins,2023-24,Free Throw Attempts,0,01/06/24,Southwestern College,https://macbulldogs.com/sports/womens-basketball/roster/kiara-hawkins/9593
Kiara Hawkins,2023-24,Rebounds,0,01/06/24,Southwestern College,https://macbulldogs.com/sports/womens-basketball/roster/kiara-hawkins/9593
Kiara Hawkins,2023-24,Assists,0,01/06/24,Southwestern College,https://macbulldogs.com/sports/womens-basketball/roster/kiara-hawkins/9593
Kiara Hawkins,2023-24,Blocks,0,01/06/24,Southwestern College,https://macbulldogs.com/sports/womens-basketball/roster/kiara-hawkins/9593
Kiara Hawkins,2023-24,Steals,1,01/06/24,Southwestern College,https://macbulldogs.com/sports/womens-basketball/roster/kiara-hawkins/9593
Kristen Ozbun,2009-10,Points,27,01/28/10,at Ottawa University,https://macbulldogs.com/sports/womens-basketball/roster/kristen-ozbun/553
Kristen Ozbun,2009-10,Minutes,40,11/13/09,vs Stephens College,https://macbulldogs.com/sports/womens-basketball/roster/kristen-ozbun/553
Kristen Ozbun,2009-10,Field Goals Made,11,01/28/10,at Ottawa University,https://macbulldogs.com/sports/womens-basketball/roster/kristen-ozbun/553
Kristen Ozbun,2009-10,Field Goal Attempts,21,01/28/10,at Ottawa University,https://macbulldogs.com/sports/womens-basketball/roster/kristen-ozbun/553
Kristen Ozbun,2009-10,3-Point Field Goals Made,4,01/21/10,Bethel College,https://macbulldogs.com/sports/womens-basketball/roster/kristen-ozbun/553
Kristen Ozbun,2009-10,3-Point Field Goal Attempts,9,12/12/09,at Bethany College,https://macbulldogs.com/sports/womens-basketball/roster/kristen-ozbun/553
Kristen Ozbun,2009-10,Free Throws Made,6,11/13/09,vs Stephens College,https://macbulldogs.com/sports/womens-basketball/roster/kristen-ozbun/553
Kristen Ozbun,2009-10,Free Throw Attempts,7,11/13/09,vs Stephens College,https://macbulldogs.com/sports/womens-basketball/roster/kristen-ozbun/553
Kristen Ozbun,2009-10,Rebounds,8,02/22/10,at Ottawa University,https://macbulldogs.com/sports/womens-basketball/roster/kristen-ozbun/553
Kristen Ozbun,2009-10,Assists,5,12/05/09,Ottawa University,https://macbulldogs.com/sports/womens-basketball/roster/kristen-ozbun/553
Kristen Ozbun,2009-10,Blocks,1,02/18/10,at Sterling College,https://macbulldogs.com/sports/womens-basketball/roster/kristen-ozbun/553
Kristen Ozbun,2009-10,Steals,5,01/21/10,Bethel College,https://macbulldogs.com/sports/womens-basketball/roster/kristen-ozbun/553
Kristen Ozbun,2010-11,Points,38,12/09/10,Bethel College,https://macbulldogs.com/sports/womens-basketball/roster/kristen-ozbun/553
Kristen Ozbun,2010-11,Minutes,44,12/09/10,Bethel College,https://macbulldogs.com/sports/womens-basketball/roster/kristen-ozbun/553
Kristen Ozbun,2010-11,Field Goals Made,11,12/09/10,Bethel College,https://macbulldogs.com/sports/womens-basketball/roster/kristen-ozbun/553
Kristen Ozbun,2010-11,Field Goal Attempts,25,11/05/10,Johnson & Wales Universit,https://macbulldogs.com/sports/womens-basketball/roster/kristen-ozbun/553
Kristen Ozbun,2010-11,3-Point Field Goals Made,4,12/09/10,Bethel College,https://macbulldogs.com/sports/womens-basketball/roster/kristen-ozbun/553
Kristen Ozbun,2010-11,3-Point Field Goal Attempts,9,02/12/11,Bethany College,https://macbulldogs.com/sports/womens-basketball/roster/kristen-ozbun/553
Kristen Ozbun,2010-11,Free Throws Made,12,12/09/10,Bethel College,https://macbulldogs.com/sports/womens-basketball/roster/kristen-ozbun/553
Kristen Ozbun,2010-11,Free Throw Attempts,17,12/09/10,Bethel College,https://macbulldogs.com/sports/womens-basketball/roster/kristen-ozbun/553
Kristen Ozbun,2010-11,Rebounds,11,01/15/11,at University of St.Mary,https://macbulldogs.com/sports/womens-basketball/roster/kristen-ozbun/553
Kristen Ozbun,2010-11,Assists,4,02/12/11,Bethany College,https://macbulldogs.com/sports/womens-basketball/roster/kristen-ozbun/553
Kristen Ozbun,2010-11,Blocks,1,02/19/11,at Sterling College,https://macbulldogs.com/sports/womens-basketball/roster/kristen-ozbun/553
Kristen Ozbun,2010-11,Steals,3,02/17/11,University of St.Mary,https://macbulldogs.com/sports/womens-basketball/roster/kristen-ozbun/553
Kristin Potter,2018-19,Points,6,11/20/18,Tabor,https://macbulldogs.com/sports/womens-basketball/roster/kristin-potter/4117
Kristin Potter,2018-19,Minutes,13,11/20/18,Tabor,https://macbulldogs.com/sports/womens-basketball/roster/kristin-potter/4117
Kristin Potter,2018-19,Field Goals Made,2,12/05/18,York (Neb.),https://macbulldogs.com/sports/womens-basketball/roster/kristin-potter/4117
Kristin Potter,2018-19,Field Goal Attempts,5,02/11/19,at St. Mary (Kan.),https://macbulldogs.com/sports/womens-basketball/roster/kristin-potter/4117
Kristin Potter,2018-19,3-Point Field Goals Made,1,01/14/19,Avila,https://macbulldogs.com/sports/womens-basketball/roster/kristin-potter/4117
Kristin Potter,2018-19,3-Point Field Goal Attempts,2,02/16/19,Bethel,https://macbulldogs.com/sports/womens-basketball/roster/kristin-potter/4117
Kristin Potter,2018-19,Free Throws Made,4,01/19/19,Kansas Wesleyan,https://macbulldogs.com/sports/womens-basketball/roster/kristin-potter/4117
Kristin Potter,2018-19,Free Throw Attempts,4,01/19/19,Kansas Wesleyan,https://macbulldogs.com/sports/womens-basketball/roster/kristin-potter/4117
Kristin Potter,2018-19,Rebounds,5,01/24/19,at Southwestern,https://macbulldogs.com/sports/womens-basketball/roster/kristin-potter/4117
Kristin Potter,2018-19,Assists,4,12/18/18,at Haskell,https://macbulldogs.com/sports/womens-basketball/roster/kristin-potter/4117
Kristin Potter,2018-19,Blocks,1,01/30/19,Friends,https://macbulldogs.com/sports/womens-basketball/roster/kristin-potter/4117
Kristin Potter,2018-19,Steals,2,12/01/18,Southwestern,https://macbulldogs.com/sports/womens-basketball/roster/kristin-potter/4117
Kristin Potter,2020-21,Points,4,02/02/21,at Avila (Mo.),https://macbulldogs.com/sports/womens-basketball/roster/kristin-potter/4117
Kristin Potter,2020-21,Minutes,14,02/02/21,at Avila (Mo.),https://macbulldogs.com/sports/womens-basketball/roster/kristin-potter/4117
Kristin Potter,2020-21,Field Goals Made,2,02/02/21,at Avila (Mo.),https://macbulldogs.com/sports/womens-basketball/roster/kristin-potter/4117
Kristin Potter,2020-21,Field Goal Attempts,4,02/06/21,Bethel (Kan.),https://macbulldogs.com/sports/womens-basketball/roster/kristin-potter/4117
Kristin Potter,2020-21,3-Point Field Goals Made,1,02/06/21,Bethel (Kan.),https://macbulldogs.com/sports/womens-basketball/roster/kristin-potter/4117
Kristin Potter,2020-21,3-Point Field Goal Attempts,3,02/06/21,Bethel (Kan.),https://macbulldogs.com/sports/womens-basketball/roster/kristin-potter/4117
Kristin Potter,2020-21,Free Throws Made,0,02/25/21,Kansas Wesleyan,https://macbulldogs.com/sports/womens-basketball/roster/kristin-potter/4117
Kristin Potter,2020-21,Free Throw Attempts,0,02/25/21,Kansas Wesleyan,https://macbulldogs.com/sports/womens-basketball/roster/kristin-potter/4117
Kristin Potter,2020-21,Rebounds,6,02/02/21,at Avila (Mo.),https://macbulldogs.com/sports/womens-basketball/roster/kristin-potter/4117
Kristin Potter,2020-21,Assists,0,02/25/21,Kansas Wesleyan,https://macbulldogs.com/sports/womens-basketball/roster/kristin-potter/4117
Kristin Potter,2020-21,Blocks,1,02/25/21,Kansas Wesleyan,https://macbulldogs.com/sports/womens-basketball/roster/kristin-potter/4117
Kristin Potter,2020-21,Steals,1,02/25/21,Kansas Wesleyan,https://macbulldogs.com/sports/womens-basketball/roster/kristin-potter/4117
Kristin Potter,2018-19,Points,6,11/20/18,Tabor,https://macbulldogs.com/sports/womens-basketball/roster/kristin-potter/7165
Kristin Potter,2018-19,Minutes,13,11/20/18,Tabor,https://macbulldogs.com/sports/womens-basketball/roster/kristin-potter/7165
Kristin Potter,2018-19,Field Goals Made,2,12/05/18,York (Neb.),https://macbulldogs.com/sports/womens-basketball/roster/kristin-potter/7165
Kristin Potter,2018-19,Field Goal Attempts,5,02/11/19,at St. Mary (Kan.),https://macbulldogs.com/sports/womens-basketball/roster/kristin-potter/7165
Kristin Potter,2018-19,3-Point Field Goals Made,1,01/14/19,Avila,https://macbulldogs.com/sports/womens-basketball/roster/kristin-potter/7165
Kristin Potter,2018-19,3-Point Field Goal Attempts,2,02/16/19,Bethel,https://macbulldogs.com/sports/womens-basketball/roster/kristin-potter/7165
Kristin Potter,2018-19,Free Throws Made,4,01/19/19,Kansas Wesleyan,https://macbulldogs.com/sports/womens-basketball/roster/kristin-potter/7165
Kristin Potter,2018-19,Free Throw Attempts,4,01/19/19,Kansas Wesleyan,https://macbulldogs.com/sports/womens-basketball/roster/kristin-potter/7165
Kristin Potter,2018-19,Rebounds,5,01/24/19,at Southwestern,https://macbulldogs.com/sports/womens-basketball/roster/kristin-potter/7165
Kristin Potter,2018-19,Assists,4,12/18/18,at Haskell,https://macbulldogs.com/sports/womens-basketball/roster/kristin-potter/7165
Kristin Potter,2018-19,Blocks,1,01/30/19,Friends,https://macbulldogs.com/sports/womens-basketball/roster/kristin-potter/7165
Kristin Potter,2018-19,Steals,2,12/01/18,Southwestern,https://macbulldogs.com/sports/womens-basketball/roster/kristin-potter/7165
Kristin Potter,2020-21,Points,4,02/02/21,at Avila (Mo.),https://macbulldogs.com/sports/womens-basketball/roster/kristin-potter/7165
Kristin Potter,2020-21,Minutes,14,02/02/21,at Avila (Mo.),https://macbulldogs.com/sports/womens-basketball/roster/kristin-potter/7165
Kristin Potter,2020-21,Field Goals Made,2,02/02/21,at Avila (Mo.),https://macbulldogs.com/sports/womens-basketball/roster/kristin-potter/7165
Kristin Potter,2020-21,Field Goal Attempts,4,02/06/21,Bethel (Kan.),https://macbulldogs.com/sports/womens-basketball/roster/kristin-potter/7165
Kristin Potter,2020-21,3-Point Field Goals Made,1,02/06/21,Bethel (Kan.),https://macbulldogs.com/sports/womens-basketball/roster/kristin-potter/7165
Kristin Potter,2020-21,3-Point Field Goal Attempts,3,02/06/21,Bethel (Kan.),https://macbulldogs.com/sports/womens-basketball/roster/kristin-potter/7165
Kristin Potter,2020-21,Free Throws Made,0,02/25/21,Kansas Wesleyan,https://macbulldogs.com/sports/womens-basketball/roster/kristin-potter/7165
Kristin Potter,2020-21,Free Throw Attempts,0,02/25/21,Kansas Wesleyan,https://macbulldogs.com/sports/womens-basketball/roster/kristin-potter/7165
Kristin Potter,2020-21,Rebounds,6,02/02/21,at Avila (Mo.),https://macbulldogs.com/sports/womens-basketball/roster/kristin-potter/7165
Kristin Potter,2020-21,Assists,0,02/25/21,Kansas Wesleyan,https://macbulldogs.com/sports/womens-basketball/roster/kristin-potter/7165
Kristin Potter,2020-21,Blocks,1,02/25/21,Kansas Wesleyan,https://macbulldogs.com/sports/womens-basketball/roster/kristin-potter/7165
Kristin Potter,2020-21,Steals,1,02/25/21,Kansas Wesleyan,https://macbulldogs.com/sports/womens-basketball/roster/kristin-potter/7165
Krushanda Harrold,2011-12,Points,8,11/18/11,Northern New Mexico,https://macbulldogs.com/sports/womens-basketball/roster/krushanda-harrold/910
Krushanda Harrold,2011-12,Minutes,15,11/18/11,Northern New Mexico,https://macbulldogs.com/sports/womens-basketball/roster/krushanda-harrold/910
Krushanda Harrold,2011-12,Field Goals Made,4,11/18/11,Northern New Mexico,https://macbulldogs.com/sports/womens-basketball/roster/krushanda-harrold/910
Krushanda Harrold,2011-12,Field Goal Attempts,10,11/18/11,Northern New Mexico,https://macbulldogs.com/sports/womens-basketball/roster/krushanda-harrold/910
Krushanda Harrold,2011-12,3-Point Field Goals Made,0,11/22/11,at Oklahoma Wesleyan,https://macbulldogs.com/sports/womens-basketball/roster/krushanda-harrold/910
Krushanda Harrold,2011-12,3-Point Field Goal Attempts,0,11/22/11,at Oklahoma Wesleyan,https://macbulldogs.com/sports/womens-basketball/roster/krushanda-harrold/910
Krushanda Harrold,2011-12,Free Throws Made,2,11/15/11,Central Christian (Kan.),https://macbulldogs.com/sports/womens-basketball/roster/krushanda-harrold/910
Krushanda Harrold,2011-12,Free Throw Attempts,4,11/15/11,Central Christian (Kan.),https://macbulldogs.com/sports/womens-basketball/roster/krushanda-harrold/910
Krushanda Harrold,2011-12,Rebounds,5,11/18/11,Northern New Mexico,https://macbulldogs.com/sports/womens-basketball/roster/krushanda-harrold/910
Krushanda Harrold,2011-12,Assists,1,11/19/11,Haskell (Kan.),https://macbulldogs.com/sports/womens-basketball/roster/krushanda-harrold/910
Krushanda Harrold,2011-12,Blocks,1,11/19/11,Haskell (Kan.),https://macbulldogs.com/sports/womens-basketball/roster/krushanda-harrold/910
Krushanda Harrold,2011-12,Steals,1,11/15/11,Central Christian (Kan.),https://macbulldogs.com/sports/womens-basketball/roster/krushanda-harrold/910
Krushanda Harrold,2012-13,Points,6,11/03/12,vs Hastings College,https://macbulldogs.com/sports/womens-basketball/roster/krushanda-harrold/910
Krushanda Harrold,2012-13,Minutes,15,11/13/12,at Central Christian,https://macbulldogs.com/sports/womens-basketball/roster/krushanda-harrold/910
Krushanda Harrold,2012-13,Field Goals Made,3,11/03/12,vs Hastings College,https://macbulldogs.com/sports/womens-basketball/roster/krushanda-harrold/910
Krushanda Harrold,2012-13,Field Goal Attempts,7,11/03/12,vs Hastings College,https://macbulldogs.com/sports/womens-basketball/roster/krushanda-harrold/910
Krushanda Harrold,2012-13,3-Point Field Goals Made,0,02/02/13,at Saint Mary (Kan.),https://macbulldogs.com/sports/womens-basketball/roster/krushanda-harrold/910
Krushanda Harrold,2012-13,3-Point Field Goal Attempts,0,02/02/13,at Saint Mary (Kan.),https://macbulldogs.com/sports/womens-basketball/roster/krushanda-harrold/910
Krushanda Harrold,2012-13,Free Throws Made,1,11/02/12,at Concordia University,https://macbulldogs.com/sports/womens-basketball/roster/krushanda-harrold/910
Krushanda Harrold,2012-13,Free Throw Attempts,2,11/02/12,at Concordia University,https://macbulldogs.com/sports/womens-basketball/roster/krushanda-harrold/910
Krushanda Harrold,2012-13,Rebounds,7,10/30/12,at Haskell Indian Nations Un,https://macbulldogs.com/sports/womens-basketball/roster/krushanda-harrold/910
Krushanda Harrold,2012-13,Assists,1,10/30/12,at Haskell Indian Nations Un,https://macbulldogs.com/sports/womens-basketball/roster/krushanda-harrold/910
Krushanda Harrold,2012-13,Blocks,1,11/02/12,at Concordia University,https://macbulldogs.com/sports/womens-basketball/roster/krushanda-harrold/910
Krushanda Harrold,2012-13,Steals,1,11/13/12,at Central Christian,https://macbulldogs.com/sports/womens-basketball/roster/krushanda-harrold/910
Kyrstin Branscum,2018-19,Points,10,11/29/18,at Sterling,https://macbulldogs.com/sports/womens-basketball/roster/kyrstin-branscum/5477
Kyrstin Branscum,2018-19,Minutes,23,11/20/18,Tabor,https://macbulldogs.com/sports/womens-basketball/roster/kyrstin-branscum/5477
Kyrstin Branscum,2018-19,Field Goals Made,4,11/29/18,at Sterling,https://macbulldogs.com/sports/womens-basketball/roster/kyrstin-branscum/5477
Kyrstin Branscum,2018-19,Field Goal Attempts,7,11/17/18,at Avila,https://macbulldogs.com/sports/womens-basketball/roster/kyrstin-branscum/5477
Kyrstin Branscum,2018-19,3-Point Field Goals Made,1,01/07/19,at Bethel,https://macbulldogs.com/sports/womens-basketball/roster/kyrstin-branscum/5477
Kyrstin Branscum,2018-19,3-Point Field Goal Attempts,3,11/17/18,at Avila,https://macbulldogs.com/sports/womens-basketball/roster/kyrstin-branscum/5477
Kyrstin Branscum,2018-19,Free Throws Made,5,11/26/18,at Kansas Wesleyan,https://macbulldogs.com/sports/womens-basketball/roster/kyrstin-branscum/5477
Kyrstin Branscum,2018-19,Free Throw Attempts,6,11/26/18,at Kansas Wesleyan,https://macbulldogs.com/sports/womens-basketball/roster/kyrstin-branscum/5477
Kyrstin Branscum,2018-19,Rebounds,3,01/07/19,at Bethel,https://macbulldogs.com/sports/womens-basketball/roster/kyrstin-branscum/5477
Kyrstin Branscum,2018-19,Assists,2,11/02/18,Central Christian College,https://macbulldogs.com/sports/womens-basketball/roster/kyrstin-branscum/5477
Kyrstin Branscum,2018-19,Blocks,2,01/19/19,Kansas Wesleyan,https://macbulldogs.com/sports/womens-basketball/roster/kyrstin-branscum/5477
Kyrstin Branscum,2018-19,Steals,1,01/26/19,at York (Neb.),https://macbulldogs.com/sports/womens-basketball/roster/kyrstin-branscum/5477
Kyrstin Branscum,2019-20,Points,10,01/23/20,at Southwestern (Kan.),https://macbulldogs.com/sports/womens-basketball/roster/kyrstin-branscum/5477
Kyrstin Branscum,2019-20,Minutes,25,01/23/20,at Southwestern (Kan.),https://macbulldogs.com/sports/womens-basketball/roster/kyrstin-branscum/5477
Kyrstin Branscum,2019-20,Field Goals Made,3,02/05/20,at Oklahoma Wesleyan,https://macbulldogs.com/sports/womens-basketball/roster/kyrstin-branscum/5477
Kyrstin Branscum,2019-20,Field Goal Attempts,8,11/16/19,Tabor (Kan.),https://macbulldogs.com/sports/womens-basketball/roster/kyrstin-branscum/5477
Kyrstin Branscum,2019-20,3-Point Field Goals Made,2,01/20/20,Friends,https://macbulldogs.com/sports/womens-basketball/roster/kyrstin-branscum/5477
Kyrstin Branscum,2019-20,3-Point Field Goal Attempts,2,02/19/20,Avila (Mo.),https://macbulldogs.com/sports/womens-basketball/roster/kyrstin-branscum/5477
Kyrstin Branscum,2019-20,Free Throws Made,5,11/26/19,at York (Neb.),https://macbulldogs.com/sports/womens-basketball/roster/kyrstin-branscum/5477
Kyrstin Branscum,2019-20,Free Throw Attempts,6,11/26/19,at York (Neb.),https://macbulldogs.com/sports/womens-basketball/roster/kyrstin-branscum/5477
Kyrstin Branscum,2019-20,Rebounds,8,01/23/20,at Southwestern (Kan.),https://macbulldogs.com/sports/womens-basketball/roster/kyrstin-branscum/5477
Kyrstin Branscum,2019-20,Assists,2,12/11/19,at Bethel (Kan.),https://macbulldogs.com/sports/womens-basketball/roster/kyrstin-branscum/5477
Kyrstin Branscum,2019-20,Blocks,1,01/13/20,at Ottawa (Kan.),https://macbulldogs.com/sports/womens-basketball/roster/kyrstin-branscum/5477
Kyrstin Branscum,2019-20,Steals,2,11/20/19,at Friends,https://macbulldogs.com/sports/womens-basketball/roster/kyrstin-branscum/5477
Kyrstin Branscum,2020-21,Points,17,01/25/21,Tabor (Kan.),https://macbulldogs.com/sports/womens-basketball/roster/kyrstin-branscum/5477
Kyrstin Branscum,2020-21,Minutes,33,01/27/21,at Tabor (Kan.),https://macbulldogs.com/sports/womens-basketball/roster/kyrstin-branscum/5477
Kyrstin Branscum,2020-21,Field Goals Made,6,01/25/21,Tabor (Kan.),https://macbulldogs.com/sports/womens-basketball/roster/kyrstin-branscum/5477
Kyrstin Branscum,2020-21,Field Goal Attempts,12,01/20/21,Friends (Kan.),https://macbulldogs.com/sports/womens-basketball/roster/kyrstin-branscum/5477
Kyrstin Branscum,2020-21,3-Point Field Goals Made,4,01/11/21,at Bethel (Kan.),https://macbulldogs.com/sports/womens-basketball/roster/kyrstin-branscum/5477
Kyrstin Branscum,2020-21,3-Point Field Goal Attempts,6,01/16/21,Bethany (Kan.),https://macbulldogs.com/sports/womens-basketball/roster/kyrstin-branscum/5477
Kyrstin Branscum,2020-21,Free Throws Made,4,01/25/21,Tabor (Kan.),https://macbulldogs.com/sports/womens-basketball/roster/kyrstin-branscum/5477
Kyrstin Branscum,2020-21,Free Throw Attempts,4,01/25/21,Tabor (Kan.),https://macbulldogs.com/sports/womens-basketball/roster/kyrstin-branscum/5477
Kyrstin Branscum,2020-21,Rebounds,6,01/11/21,at Bethel (Kan.),https://macbulldogs.com/sports/womens-basketball/roster/kyrstin-branscum/5477
Kyrstin Branscum,2020-21,Assists,3,01/20/21,Friends (Kan.),https://macbulldogs.com/sports/womens-basketball/roster/kyrstin-branscum/5477
Kyrstin Branscum,2020-21,Blocks,1,02/04/21,at York (Neb.),https://macbulldogs.com/sports/womens-basketball/roster/kyrstin-branscum/5477
Kyrstin Branscum,2020-21,Steals,3,02/20/21,Ottawa (Kan.),https://macbulldogs.com/sports/womens-basketball/roster/kyrstin-branscum/5477
Kyrstin Branscum,2021-22,Points,15,12/18/21,at University of Health Sciences,https://macbulldogs.com/sports/womens-basketball/roster/kyrstin-branscum/5477
Kyrstin Branscum,2021-22,Minutes,35,01/24/22,at Bethel,https://macbulldogs.com/sports/womens-basketball/roster/kyrstin-branscum/5477
Kyrstin Branscum,2021-22,Field Goals Made,7,12/18/21,at University of Health Sciences,https://macbulldogs.com/sports/womens-basketball/roster/kyrstin-branscum/5477
Kyrstin Branscum,2021-22,Field Goal Attempts,11,12/18/21,at University of Health Sciences,https://macbulldogs.com/sports/womens-basketball/roster/kyrstin-branscum/5477
Kyrstin Branscum,2021-22,3-Point Field Goals Made,2,12/11/21,at Oklahoma Wesleyan,https://macbulldogs.com/sports/womens-basketball/roster/kyrstin-branscum/5477
Kyrstin Branscum,2021-22,3-Point Field Goal Attempts,4,12/11/21,at Oklahoma Wesleyan,https://macbulldogs.com/sports/womens-basketball/roster/kyrstin-branscum/5477
Kyrstin Branscum,2021-22,Free Throws Made,4,02/16/22,at Sterling,https://macbulldogs.com/sports/womens-basketball/roster/kyrstin-branscum/5477
Kyrstin Branscum,2021-22,Free Throw Attempts,6,02/16/22,at Sterling,https://macbulldogs.com/sports/womens-basketball/roster/kyrstin-branscum/5477
Kyrstin Branscum,2021-22,Rebounds,5,01/22/22,Bethany,https://macbulldogs.com/sports/womens-basketball/roster/kyrstin-branscum/5477
Kyrstin Branscum,2021-22,Assists,3,02/12/22,Southwestern,https://macbulldogs.com/sports/womens-basketball/roster/kyrstin-branscum/5477
Kyrstin Branscum,2021-22,Blocks,2,01/22/22,Bethany,https://macbulldogs.com/sports/womens-basketball/roster/kyrstin-branscum/5477
Kyrstin Branscum,2021-22,Steals,2,02/12/22,Southwestern,https://macbulldogs.com/sports/womens-basketball/roster/kyrstin-branscum/5477
Kyrstin Branscum,2018-19,Points,10,11/29/18,at Sterling,https://macbulldogs.com/sports/womens-basketball/roster/kyrstin-branscum/7154
Kyrstin Branscum,2018-19,Minutes,23,11/20/18,Tabor,https://macbulldogs.com/sports/womens-basketball/roster/kyrstin-branscum/7154
Kyrstin Branscum,2018-19,Field Goals Made,4,11/29/18,at Sterling,https://macbulldogs.com/sports/womens-basketball/roster/kyrstin-branscum/7154
Kyrstin Branscum,2018-19,Field Goal Attempts,7,11/17/18,at Avila,https://macbulldogs.com/sports/womens-basketball/roster/kyrstin-branscum/7154
Kyrstin Branscum,2018-19,3-Point Field Goals Made,1,01/07/19,at Bethel,https://macbulldogs.com/sports/womens-basketball/roster/kyrstin-branscum/7154
Kyrstin Branscum,2018-19,3-Point Field Goal Attempts,3,11/17/18,at Avila,https://macbulldogs.com/sports/womens-basketball/roster/kyrstin-branscum/7154
Kyrstin Branscum,2018-19,Free Throws Made,5,11/26/18,at Kansas Wesleyan,https://macbulldogs.com/sports/womens-basketball/roster/kyrstin-branscum/7154
Kyrstin Branscum,2018-19,Free Throw Attempts,6,11/26/18,at Kansas Wesleyan,https://macbulldogs.com/sports/womens-basketball/roster/kyrstin-branscum/7154
Kyrstin Branscum,2018-19,Rebounds,3,01/07/19,at Bethel,https://macbulldogs.com/sports/womens-basketball/roster/kyrstin-branscum/7154
Kyrstin Branscum,2018-19,Assists,2,11/02/18,Central Christian College,https://macbulldogs.com/sports/womens-basketball/roster/kyrstin-branscum/7154
Kyrstin Branscum,2018-19,Blocks,2,01/19/19,Kansas Wesleyan,https://macbulldogs.com/sports/womens-basketball/roster/kyrstin-branscum/7154
Kyrstin Branscum,2018-19,Steals,1,01/26/19,at York (Neb.),https://macbulldogs.com/sports/womens-basketball/roster/kyrstin-branscum/7154
Kyrstin Branscum,2019-20,Points,10,01/23/20,at Southwestern (Kan.),https://macbulldogs.com/sports/womens-basketball/roster/kyrstin-branscum/7154
Kyrstin Branscum,2019-20,Minutes,25,01/23/20,at Southwestern (Kan.),https://macbulldogs.com/sports/womens-basketball/roster/kyrstin-branscum/7154
Kyrstin Branscum,2019-20,Field Goals Made,3,02/05/20,at Oklahoma Wesleyan,https://macbulldogs.com/sports/womens-basketball/roster/kyrstin-branscum/7154
Kyrstin Branscum,2019-20,Field Goal Attempts,8,11/16/19,Tabor (Kan.),https://macbulldogs.com/sports/womens-basketball/roster/kyrstin-branscum/7154
Kyrstin Branscum,2019-20,3-Point Field Goals Made,2,01/20/20,Friends,https://macbulldogs.com/sports/womens-basketball/roster/kyrstin-branscum/7154
Kyrstin Branscum,2019-20,3-Point Field Goal Attempts,2,02/19/20,Avila (Mo.),https://macbulldogs.com/sports/womens-basketball/roster/kyrstin-branscum/7154
Kyrstin Branscum,2019-20,Free Throws Made,5,11/26/19,at York (Neb.),https://macbulldogs.com/sports/womens-basketball/roster/kyrstin-branscum/7154
Kyrstin Branscum,2019-20,Free Throw Attempts,6,11/26/19,at York (Neb.),https://macbulldogs.com/sports/womens-basketball/roster/kyrstin-branscum/7154
Kyrstin Branscum,2019-20,Rebounds,8,01/23/20,at Southwestern (Kan.),https://macbulldogs.com/sports/womens-basketball/roster/kyrstin-branscum/7154
Kyrstin Branscum,2019-20,Assists,2,12/11/19,at Bethel (Kan.),https://macbulldogs.com/sports/womens-basketball/roster/kyrstin-branscum/7154
Kyrstin Branscum,2019-20,Blocks,1,01/13/20,at Ottawa (Kan.),https://macbulldogs.com/sports/womens-basketball/roster/kyrstin-branscum/7154
Kyrstin Branscum,2019-20,Steals,2,11/20/19,at Friends,https://macbulldogs.com/sports/womens-basketball/roster/kyrstin-branscum/7154
Kyrstin Branscum,2020-21,Points,17,01/25/21,Tabor (Kan.),https://macbulldogs.com/sports/womens-basketball/roster/kyrstin-branscum/7154
Kyrstin Branscum,2020-21,Minutes,33,01/27/21,at Tabor (Kan.),https://macbulldogs.com/sports/womens-basketball/roster/kyrstin-branscum/7154
Kyrstin Branscum,2020-21,Field Goals Made,6,01/25/21,Tabor (Kan.),https://macbulldogs.com/sports/womens-basketball/roster/kyrstin-branscum/7154
Kyrstin Branscum,2020-21,Field Goal Attempts,12,01/20/21,Friends (Kan.),https://macbulldogs.com/sports/womens-basketball/roster/kyrstin-branscum/7154
Kyrstin Branscum,2020-21,3-Point Field Goals Made,4,01/11/21,at Bethel (Kan.),https://macbulldogs.com/sports/womens-basketball/roster/kyrstin-branscum/7154
Kyrstin Branscum,2020-21,3-Point Field Goal Attempts,6,01/16/21,Bethany (Kan.),https://macbulldogs.com/sports/womens-basketball/roster/kyrstin-branscum/7154
Kyrstin Branscum,2020-21,Free Throws Made,4,01/25/21,Tabor (Kan.),https://macbulldogs.com/sports/womens-basketball/roster/kyrstin-branscum/7154
Kyrstin Branscum,2020-21,Free Throw Attempts,4,01/25/21,Tabor (Kan.),https://macbulldogs.com/sports/womens-basketball/roster/kyrstin-branscum/7154
Kyrstin Branscum,2020-21,Rebounds,6,01/11/21,at Bethel (Kan.),https://macbulldogs.com/sports/womens-basketball/roster/kyrstin-branscum/7154
Kyrstin Branscum,2020-21,Assists,3,01/20/21,Friends (Kan.),https://macbulldogs.com/sports/womens-basketball/roster/kyrstin-branscum/7154
Kyrstin Branscum,2020-21,Blocks,1,02/04/21,at York (Neb.),https://macbulldogs.com/sports/womens-basketball/roster/kyrstin-branscum/7154
Kyrstin Branscum,2020-21,Steals,3,02/20/21,Ottawa (Kan.),https://macbulldogs.com/sports/womens-basketball/roster/kyrstin-branscum/7154
Kyrstin Branscum,2021-22,Points,15,12/18/21,at University of Health Sciences,https://macbulldogs.com/sports/womens-basketball/roster/kyrstin-branscum/7154
Kyrstin Branscum,2021-22,Minutes,35,01/24/22,at Bethel,https://macbulldogs.com/sports/womens-basketball/roster/kyrstin-branscum/7154
Kyrstin Branscum,2021-22,Field Goals Made,7,12/18/21,at University of Health Sciences,https://macbulldogs.com/sports/womens-basketball/roster/kyrstin-branscum/7154
Kyrstin Branscum,2021-22,Field Goal Attempts,11,12/18/21,at University of Health Sciences,https://macbulldogs.com/sports/womens-basketball/roster/kyrstin-branscum/7154
Kyrstin Branscum,2021-22,3-Point Field Goals Made,2,12/11/21,at Oklahoma Wesleyan,https://macbulldogs.com/sports/womens-basketball/roster/kyrstin-branscum/7154
Kyrstin Branscum,2021-22,3-Point Field Goal Attempts,4,12/11/21,at Oklahoma Wesleyan,https://macbulldogs.com/sports/womens-basketball/roster/kyrstin-branscum/7154
Kyrstin Branscum,2021-22,Free Throws Made,4,02/16/22,at Sterling,https://macbulldogs.com/sports/womens-basketball/roster/kyrstin-branscum/7154
Kyrstin Branscum,2021-22,Free Throw Attempts,6,02/16/22,at Sterling,https://macbulldogs.com/sports/womens-basketball/roster/kyrstin-branscum/7154
Kyrstin Branscum,2021-22,Rebounds,5,01/22/22,Bethany,https://macbulldogs.com/sports/womens-basketball/roster/kyrstin-branscum/7154
Kyrstin Branscum,2021-22,Assists,3,02/12/22,Southwestern,https://macbulldogs.com/sports/womens-basketball/roster/kyrstin-branscum/7154
Kyrstin Branscum,2021-22,Blocks,2,01/22/22,Bethany,https://macbulldogs.com/sports/womens-basketball/roster/kyrstin-branscum/7154
Kyrstin Branscum,2021-22,Steals,2,02/12/22,Southwestern,https://macbulldogs.com/sports/womens-basketball/roster/kyrstin-branscum/7154
Kyrstin Branscum,2018-19,Points,10,11/29/18,at Sterling,https://macbulldogs.com/sports/womens-basketball/roster/kyrstin-branscum/8003
Kyrstin Branscum,2018-19,Minutes,23,11/20/18,Tabor,https://macbulldogs.com/sports/womens-basketball/roster/kyrstin-branscum/8003
Kyrstin Branscum,2018-19,Field Goals Made,4,11/29/18,at Sterling,https://macbulldogs.com/sports/womens-basketball/roster/kyrstin-branscum/8003
Kyrstin Branscum,2018-19,Field Goal Attempts,7,11/17/18,at Avila,https://macbulldogs.com/sports/womens-basketball/roster/kyrstin-branscum/8003
Kyrstin Branscum,2018-19,3-Point Field Goals Made,1,01/07/19,at Bethel,https://macbulldogs.com/sports/womens-basketball/roster/kyrstin-branscum/8003
Kyrstin Branscum,2018-19,3-Point Field Goal Attempts,3,11/17/18,at Avila,https://macbulldogs.com/sports/womens-basketball/roster/kyrstin-branscum/8003
Kyrstin Branscum,2018-19,Free Throws Made,5,11/26/18,at Kansas Wesleyan,https://macbulldogs.com/sports/womens-basketball/roster/kyrstin-branscum/8003
Kyrstin Branscum,2018-19,Free Throw Attempts,6,11/26/18,at Kansas Wesleyan,https://macbulldogs.com/sports/womens-basketball/roster/kyrstin-branscum/8003
Kyrstin Branscum,2018-19,Rebounds,3,01/07/19,at Bethel,https://macbulldogs.com/sports/womens-basketball/roster/kyrstin-branscum/8003
Kyrstin Branscum,2018-19,Assists,2,11/02/18,Central Christian College,https://macbulldogs.com/sports/womens-basketball/roster/kyrstin-branscum/8003
Kyrstin Branscum,2018-19,Blocks,2,01/19/19,Kansas Wesleyan,https://macbulldogs.com/sports/womens-basketball/roster/kyrstin-branscum/8003
Kyrstin Branscum,2018-19,Steals,1,01/26/19,at York (Neb.),https://macbulldogs.com/sports/womens-basketball/roster/kyrstin-branscum/8003
Kyrstin Branscum,2019-20,Points,10,01/23/20,at Southwestern (Kan.),https://macbulldogs.com/sports/womens-basketball/roster/kyrstin-branscum/8003
Kyrstin Branscum,2019-20,Minutes,25,01/23/20,at Southwestern (Kan.),https://macbulldogs.com/sports/womens-basketball/roster/kyrstin-branscum/8003
Kyrstin Branscum,2019-20,Field Goals Made,3,02/05/20,at Oklahoma Wesleyan,https://macbulldogs.com/sports/womens-basketball/roster/kyrstin-branscum/8003
Kyrstin Branscum,2019-20,Field Goal Attempts,8,11/16/19,Tabor (Kan.),https://macbulldogs.com/sports/womens-basketball/roster/kyrstin-branscum/8003
Kyrstin Branscum,2019-20,3-Point Field Goals Made,2,01/20/20,Friends,https://macbulldogs.com/sports/womens-basketball/roster/kyrstin-branscum/8003
Kyrstin Branscum,2019-20,3-Point Field Goal Attempts,2,02/19/20,Avila (Mo.),https://macbulldogs.com/sports/womens-basketball/roster/kyrstin-branscum/8003
Kyrstin Branscum,2019-20,Free Throws Made,5,11/26/19,at York (Neb.),https://macbulldogs.com/sports/womens-basketball/roster/kyrstin-branscum/8003
Kyrstin Branscum,2019-20,Free Throw Attempts,6,11/26/19,at York (Neb.),https://macbulldogs.com/sports/womens-basketball/roster/kyrstin-branscum/8003
Kyrstin Branscum,2019-20,Rebounds,8,01/23/20,at Southwestern (Kan.),https://macbulldogs.com/sports/womens-basketball/roster/kyrstin-branscum/8003
Kyrstin Branscum,2019-20,Assists,2,12/11/19,at Bethel (Kan.),https://macbulldogs.com/sports/womens-basketball/roster/kyrstin-branscum/8003
Kyrstin Branscum,2019-20,Blocks,1,01/13/20,at Ottawa (Kan.),https://macbulldogs.com/sports/womens-basketball/roster/kyrstin-branscum/8003
Kyrstin Branscum,2019-20,Steals,2,11/20/19,at Friends,https://macbulldogs.com/sports/womens-basketball/roster/kyrstin-branscum/8003
Kyrstin Branscum,2020-21,Points,17,01/25/21,Tabor (Kan.),https://macbulldogs.com/sports/womens-basketball/roster/kyrstin-branscum/8003
Kyrstin Branscum,2020-21,Minutes,33,01/27/21,at Tabor (Kan.),https://macbulldogs.com/sports/womens-basketball/roster/kyrstin-branscum/8003
Kyrstin Branscum,2020-21,Field Goals Made,6,01/25/21,Tabor (Kan.),https://macbulldogs.com/sports/womens-basketball/roster/kyrstin-branscum/8003
Kyrstin Branscum,2020-21,Field Goal Attempts,12,01/20/21,Friends (Kan.),https://macbulldogs.com/sports/womens-basketball/roster/kyrstin-branscum/8003
Kyrstin Branscum,2020-21,3-Point Field Goals Made,4,01/11/21,at Bethel (Kan.),https://macbulldogs.com/sports/womens-basketball/roster/kyrstin-branscum/8003
Kyrstin Branscum,2020-21,3-Point Field Goal Attempts,6,01/16/21,Bethany (Kan.),https://macbulldogs.com/sports/womens-basketball/roster/kyrstin-branscum/8003
Kyrstin Branscum,2020-21,Free Throws Made,4,01/25/21,Tabor (Kan.),https://macbulldogs.com/sports/womens-basketball/roster/kyrstin-branscum/8003
Kyrstin Branscum,2020-21,Free Throw Attempts,4,01/25/21,Tabor (Kan.),https://macbulldogs.com/sports/womens-basketball/roster/kyrstin-branscum/8003
Kyrstin Branscum,2020-21,Rebounds,6,01/11/21,at Bethel (Kan.),https://macbulldogs.com/sports/womens-basketball/roster/kyrstin-branscum/8003
Kyrstin Branscum,2020-21,Assists,3,01/20/21,Friends (Kan.),https://macbulldogs.com/sports/womens-basketball/roster/kyrstin-branscum/8003
Kyrstin Branscum,2020-21,Blocks,1,02/04/21,at York (Neb.),https://macbulldogs.com/sports/womens-basketball/roster/kyrstin-branscum/8003
Kyrstin Branscum,2020-21,Steals,3,02/20/21,Ottawa (Kan.),https://macbulldogs.com/sports/womens-basketball/roster/kyrstin-branscum/8003
Kyrstin Branscum,2021-22,Points,15,12/18/21,at University of Health Sciences,https://macbulldogs.com/sports/womens-basketball/roster/kyrstin-branscum/8003
Kyrstin Branscum,2021-22,Minutes,35,01/24/22,at Bethel,https://macbulldogs.com/sports/womens-basketball/roster/kyrstin-branscum/8003
Kyrstin Branscum,2021-22,Field Goals Made,7,12/18/21,at University of Health Sciences,https://macbulldogs.com/sports/womens-basketball/roster/kyrstin-branscum/8003
Kyrstin Branscum,2021-22,Field Goal Attempts,11,12/18/21,at University of Health Sciences,https://macbulldogs.com/sports/womens-basketball/roster/kyrstin-branscum/8003
Kyrstin Branscum,2021-22,3-Point Field Goals Made,2,12/11/21,at Oklahoma Wesleyan,https://macbulldogs.com/sports/womens-basketball/roster/kyrstin-branscum/8003
Kyrstin Branscum,2021-22,3-Point Field Goal Attempts,4,12/11/21,at Oklahoma Wesleyan,https://macbulldogs.com/sports/womens-basketball/roster/kyrstin-branscum/8003
Kyrstin Branscum,2021-22,Free Throws Made,4,02/16/22,at Sterling,https://macbulldogs.com/sports/womens-basketball/roster/kyrstin-branscum/8003
Kyrstin Branscum,2021-22,Free Throw Attempts,6,02/16/22,at Sterling,https://macbulldogs.com/sports/womens-basketball/roster/kyrstin-branscum/8003
Kyrstin Branscum,2021-22,Rebounds,5,01/22/22,Bethany,https://macbulldogs.com/sports/womens-basketball/roster/kyrstin-branscum/8003
Kyrstin Branscum,2021-22,Assists,3,02/12/22,Southwestern,https://macbulldogs.com/sports/womens-basketball/roster/kyrstin-branscum/8003
Kyrstin Branscum,2021-22,Blocks,2,01/22/22,Bethany,https://macbulldogs.com/sports/womens-basketball/roster/kyrstin-branscum/8003
Kyrstin Branscum,2021-22,Steals,2,02/12/22,Southwestern,https://macbulldogs.com/sports/womens-basketball/roster/kyrstin-branscum/8003
Laheerah Joseph,2020-21,Points,2,10/31/20,Barclay,https://macbulldogs.com/sports/womens-basketball/roster/laheerah-joseph/8717
Laheerah Joseph,2020-21,Minutes,5,10/31/20,Barclay,https://macbulldogs.com/sports/womens-basketball/roster/laheerah-joseph/8717
Laheerah Joseph,2020-21,Field Goals Made,1,10/31/20,Barclay,https://macbulldogs.com/sports/womens-basketball/roster/laheerah-joseph/8717
Laheerah Joseph,2020-21,Field Goal Attempts,2,10/31/20,Barclay,https://macbulldogs.com/sports/womens-basketball/roster/laheerah-joseph/8717
Laheerah Joseph,2020-21,3-Point Field Goals Made,0,02/02/21,at Avila (Mo.),https://macbulldogs.com/sports/womens-basketball/roster/laheerah-joseph/8717
Laheerah Joseph,2020-21,3-Point Field Goal Attempts,0,02/02/21,at Avila (Mo.),https://macbulldogs.com/sports/womens-basketball/roster/laheerah-joseph/8717
Laheerah Joseph,2020-21,Free Throws Made,0,02/02/21,at Avila (Mo.),https://macbulldogs.com/sports/womens-basketball/roster/laheerah-joseph/8717
Laheerah Joseph,2020-21,Free Throw Attempts,0,02/02/21,at Avila (Mo.),https://macbulldogs.com/sports/womens-basketball/roster/laheerah-joseph/8717
Laheerah Joseph,2020-21,Rebounds,1,02/02/21,at Avila (Mo.),https://macbulldogs.com/sports/womens-basketball/roster/laheerah-joseph/8717
Laheerah Joseph,2020-21,Assists,0,02/02/21,at Avila (Mo.),https://macbulldogs.com/sports/womens-basketball/roster/laheerah-joseph/8717
Laheerah Joseph,2020-21,Blocks,1,10/31/20,Barclay,https://macbulldogs.com/sports/womens-basketball/roster/laheerah-joseph/8717
Laheerah Joseph,2020-21,Steals,1,10/31/20,Barclay,https://macbulldogs.com/sports/womens-basketball/roster/laheerah-joseph/8717
Laheerah Joseph,2021-22,Points,2,12/13/21,Ottawa,https://macbulldogs.com/sports/womens-basketball/roster/laheerah-joseph/8717
Laheerah Joseph,2021-22,Minutes,6,02/16/22,at Sterling,https://macbulldogs.com/sports/womens-basketball/roster/laheerah-joseph/8717
Laheerah Joseph,2021-22,Field Goals Made,1,12/13/21,Ottawa,https://macbulldogs.com/sports/womens-basketball/roster/laheerah-joseph/8717
Laheerah Joseph,2021-22,Field Goal Attempts,2,02/09/22,at Ottawa University,https://macbulldogs.com/sports/womens-basketball/roster/laheerah-joseph/8717
Laheerah Joseph,2021-22,3-Point Field Goals Made,0,02/16/22,at Sterling,https://macbulldogs.com/sports/womens-basketball/roster/laheerah-joseph/8717
Laheerah Joseph,2021-22,3-Point Field Goal Attempts,0,02/16/22,at Sterling,https://macbulldogs.com/sports/womens-basketball/roster/laheerah-joseph/8717
Laheerah Joseph,2021-22,Free Throws Made,1,01/29/22,at York,https://macbulldogs.com/sports/womens-basketball/roster/laheerah-joseph/8717
Laheerah Joseph,2021-22,Free Throw Attempts,2,01/29/22,at York,https://macbulldogs.com/sports/womens-basketball/roster/laheerah-joseph/8717
Laheerah Joseph,2021-22,Rebounds,2,01/15/22,Kansas Wesleyan,https://macbulldogs.com/sports/womens-basketball/roster/laheerah-joseph/8717
Laheerah Joseph,2021-22,Assists,1,01/29/22,at York,https://macbulldogs.com/sports/womens-basketball/roster/laheerah-joseph/8717
Laheerah Joseph,2021-22,Blocks,1,12/13/21,Ottawa,https://macbulldogs.com/sports/womens-basketball/roster/laheerah-joseph/8717
Laheerah Joseph,2021-22,Steals,1,01/15/22,Kansas Wesleyan,https://macbulldogs.com/sports/womens-basketball/roster/laheerah-joseph/8717
Laheerah Joseph,2022-23,Points,0,02/04/23,York,https://macbulldogs.com/sports/womens-basketball/roster/laheerah-joseph/8717
Laheerah Joseph,2022-23,Minutes,1,01/14/23,Kansas Wesleyan,https://macbulldogs.com/sports/womens-basketball/roster/laheerah-joseph/8717
Laheerah Joseph,2022-23,Field Goals Made,0,02/04/23,York,https://macbulldogs.com/sports/womens-basketball/roster/laheerah-joseph/8717
Laheerah Joseph,2022-23,Field Goal Attempts,0,02/04/23,York,https://macbulldogs.com/sports/womens-basketball/roster/laheerah-joseph/8717
Laheerah Joseph,2022-23,3-Point Field Goals Made,0,02/04/23,York,https://macbulldogs.com/sports/womens-basketball/roster/laheerah-joseph/8717
Laheerah Joseph,2022-23,3-Point Field Goal Attempts,0,02/04/23,York,https://macbulldogs.com/sports/womens-basketball/roster/laheerah-joseph/8717
Laheerah Joseph,2022-23,Free Throws Made,0,02/04/23,York,https://macbulldogs.com/sports/womens-basketball/roster/laheerah-joseph/8717
Laheerah Joseph,2022-23,Free Throw Attempts,0,02/04/23,York,https://macbulldogs.com/sports/womens-basketball/roster/laheerah-joseph/8717
Laheerah Joseph,2022-23,Rebounds,0,02/04/23,York,https://macbulldogs.com/sports/womens-basketball/roster/laheerah-joseph/8717
Laheerah Joseph,2022-23,Assists,0,02/04/23,York,https://macbulldogs.com/sports/womens-basketball/roster/laheerah-joseph/8717
Laheerah Joseph,2022-23,Blocks,0,02/04/23,York,https://macbulldogs.com/sports/womens-basketball/roster/laheerah-joseph/8717
Laheerah Joseph,2022-23,Steals,0,02/04/23,York,https://macbulldogs.com/sports/womens-basketball/roster/laheerah-joseph/8717
Lasheicka Joseph,2020-21,Points,4,02/02/21,at Avila (Mo.),https://macbulldogs.com/sports/womens-basketball/roster/lasheicka-joseph/8007
Lasheicka Joseph,2020-21,Minutes,7,02/02/21,at Avila (Mo.),https://macbulldogs.com/sports/womens-basketball/roster/lasheicka-joseph/8007
Lasheicka Joseph,2020-21,Field Goals Made,2,02/02/21,at Avila (Mo.),https://macbulldogs.com/sports/womens-basketball/roster/lasheicka-joseph/8007
Lasheicka Joseph,2020-21,Field Goal Attempts,2,02/02/21,at Avila (Mo.),https://macbulldogs.com/sports/womens-basketball/roster/lasheicka-joseph/8007
Lasheicka Joseph,2020-21,3-Point Field Goals Made,0,02/02/21,at Avila (Mo.),https://macbulldogs.com/sports/womens-basketball/roster/lasheicka-joseph/8007
Lasheicka Joseph,2020-21,3-Point Field Goal Attempts,0,02/02/21,at Avila (Mo.),https://macbulldogs.com/sports/womens-basketball/roster/lasheicka-joseph/8007
Lasheicka Joseph,2020-21,Free Throws Made,0,02/02/21,at Avila (Mo.),https://macbulldogs.com/sports/womens-basketball/roster/lasheicka-joseph/8007
Lasheicka Joseph,2020-21,Free Throw Attempts,0,02/02/21,at Avila (Mo.),https://macbulldogs.com/sports/womens-basketball/roster/lasheicka-joseph/8007
Lasheicka Joseph,2020-21,Rebounds,2,02/02/21,at Avila (Mo.),https://macbulldogs.com/sports/womens-basketball/roster/lasheicka-joseph/8007
Lasheicka Joseph,2020-21,Assists,1,02/02/21,at Avila (Mo.),https://macbulldogs.com/sports/womens-basketball/roster/lasheicka-joseph/8007
Lasheicka Joseph,2020-21,Blocks,1,02/02/21,at Avila (Mo.),https://macbulldogs.com/sports/womens-basketball/roster/lasheicka-joseph/8007
Lasheicka Joseph,2020-21,Steals,1,01/30/21,at Southwestern (Kan.),https://macbulldogs.com/sports/womens-basketball/roster/lasheicka-joseph/8007
Lasheicka Joseph,2021-22,Points,0,02/09/22,at Ottawa University,https://macbulldogs.com/sports/womens-basketball/roster/lasheicka-joseph/8007
Lasheicka Joseph,2021-22,Minutes,1,01/19/22,at Avila,https://macbulldogs.com/sports/womens-basketball/roster/lasheicka-joseph/8007
Lasheicka Joseph,2021-22,Field Goals Made,0,02/09/22,at Ottawa University,https://macbulldogs.com/sports/womens-basketball/roster/lasheicka-joseph/8007
Lasheicka Joseph,2021-22,Field Goal Attempts,0,02/09/22,at Ottawa University,https://macbulldogs.com/sports/womens-basketball/roster/lasheicka-joseph/8007
Lasheicka Joseph,2021-22,3-Point Field Goals Made,0,02/09/22,at Ottawa University,https://macbulldogs.com/sports/womens-basketball/roster/lasheicka-joseph/8007
Lasheicka Joseph,2021-22,3-Point Field Goal Attempts,0,02/09/22,at Ottawa University,https://macbulldogs.com/sports/womens-basketball/roster/lasheicka-joseph/8007
Lasheicka Joseph,2021-22,Free Throws Made,0,02/09/22,at Ottawa University,https://macbulldogs.com/sports/womens-basketball/roster/lasheicka-joseph/8007
Lasheicka Joseph,2021-22,Free Throw Attempts,0,02/09/22,at Ottawa University,https://macbulldogs.com/sports/womens-basketball/roster/lasheicka-joseph/8007
Lasheicka Joseph,2021-22,Rebounds,0,02/09/22,at Ottawa University,https://macbulldogs.com/sports/womens-basketball/roster/lasheicka-joseph/8007
Lasheicka Joseph,2021-22,Assists,0,02/09/22,at Ottawa University,https://macbulldogs.com/sports/womens-basketball/roster/lasheicka-joseph/8007
Lasheicka Joseph,2021-22,Blocks,0,02/09/22,at Ottawa University,https://macbulldogs.com/sports/womens-basketball/roster/lasheicka-joseph/8007
Lasheicka Joseph,2021-22,Steals,0,02/09/22,at Ottawa University,https://macbulldogs.com/sports/womens-basketball/roster/lasheicka-joseph/8007
Lasheicka Joseph,2020-21,Points,4,02/02/21,at Avila (Mo.),https://macbulldogs.com/sports/womens-basketball/roster/lasheicka-joseph/8718
Lasheicka Joseph,2020-21,Minutes,7,02/02/21,at Avila (Mo.),https://macbulldogs.com/sports/womens-basketball/roster/lasheicka-joseph/8718
Lasheicka Joseph,2020-21,Field Goals Made,2,02/02/21,at Avila (Mo.),https://macbulldogs.com/sports/womens-basketball/roster/lasheicka-joseph/8718
Lasheicka Joseph,2020-21,Field Goal Attempts,2,02/02/21,at Avila (Mo.),https://macbulldogs.com/sports/womens-basketball/roster/lasheicka-joseph/8718
Lasheicka Joseph,2020-21,3-Point Field Goals Made,0,02/02/21,at Avila (Mo.),https://macbulldogs.com/sports/womens-basketball/roster/lasheicka-joseph/8718
Lasheicka Joseph,2020-21,3-Point Field Goal Attempts,0,02/02/21,at Avila (Mo.),https://macbulldogs.com/sports/womens-basketball/roster/lasheicka-joseph/8718
Lasheicka Joseph,2020-21,Free Throws Made,0,02/02/21,at Avila (Mo.),https://macbulldogs.com/sports/womens-basketball/roster/lasheicka-joseph/8718
Lasheicka Joseph,2020-21,Free Throw Attempts,0,02/02/21,at Avila (Mo.),https://macbulldogs.com/sports/womens-basketball/roster/lasheicka-joseph/8718
Lasheicka Joseph,2020-21,Rebounds,2,02/02/21,at Avila (Mo.),https://macbulldogs.com/sports/womens-basketball/roster/lasheicka-joseph/8718
Lasheicka Joseph,2020-21,Assists,1,02/02/21,at Avila (Mo.),https://macbulldogs.com/sports/womens-basketball/roster/lasheicka-joseph/8718
Lasheicka Joseph,2020-21,Blocks,1,02/02/21,at Avila (Mo.),https://macbulldogs.com/sports/womens-basketball/roster/lasheicka-joseph/8718
Lasheicka Joseph,2020-21,Steals,1,01/30/21,at Southwestern (Kan.),https://macbulldogs.com/sports/womens-basketball/roster/lasheicka-joseph/8718
Lasheicka Joseph,2021-22,Points,0,02/09/22,at Ottawa University,https://macbulldogs.com/sports/womens-basketball/roster/lasheicka-joseph/8718
Lasheicka Joseph,2021-22,Minutes,1,01/19/22,at Avila,https://macbulldogs.com/sports/womens-basketball/roster/lasheicka-joseph/8718
Lasheicka Joseph,2021-22,Field Goals Made,0,02/09/22,at Ottawa University,https://macbulldogs.com/sports/womens-basketball/roster/lasheicka-joseph/8718
Lasheicka Joseph,2021-22,Field Goal Attempts,0,02/09/22,at Ottawa University,https://macbulldogs.com/sports/womens-basketball/roster/lasheicka-joseph/8718
Lasheicka Joseph,2021-22,3-Point Field Goals Made,0,02/09/22,at Ottawa University,https://macbulldogs.com/sports/womens-basketball/roster/lasheicka-joseph/8718
Lasheicka Joseph,2021-22,3-Point Field Goal Attempts,0,02/09/22,at Ottawa University,https://macbulldogs.com/sports/womens-basketball/roster/lasheicka-joseph/8718
Lasheicka Joseph,2021-22,Free Throws Made,0,02/09/22,at Ottawa University,https://macbulldogs.com/sports/womens-basketball/roster/lasheicka-joseph/8718
Lasheicka Joseph,2021-22,Free Throw Attempts,0,02/09/22,at Ottawa University,https://macbulldogs.com/sports/womens-basketball/roster/lasheicka-joseph/8718
Lasheicka Joseph,2021-22,Rebounds,0,02/09/22,at Ottawa University,https://macbulldogs.com/sports/womens-basketball/roster/lasheicka-joseph/8718
Lasheicka Joseph,2021-22,Assists,0,02/09/22,at Ottawa University,https://macbulldogs.com/sports/womens-basketball/roster/lasheicka-joseph/8718
Lasheicka Joseph,2021-22,Blocks,0,02/09/22,at Ottawa University,https://macbulldogs.com/sports/womens-basketball/roster/lasheicka-joseph/8718
Lasheicka Joseph,2021-22,Steals,0,02/09/22,at Ottawa University,https://macbulldogs.com/sports/womens-basketball/roster/lasheicka-joseph/8718
Lauren Houston,2022-23,Points,4,01/26/23,at Saint Mary,https://macbulldogs.com/sports/womens-basketball/roster/lauren-houston/8716
Lauren Houston,2022-23,Minutes,13,02/08/23,Southwestern,https://macbulldogs.com/sports/womens-basketball/roster/lauren-houston/8716
Lauren Houston,2022-23,Field Goals Made,1,01/26/23,at Saint Mary,https://macbulldogs.com/sports/womens-basketball/roster/lauren-houston/8716
Lauren Houston,2022-23,Field Goal Attempts,4,02/08/23,Southwestern,https://macbulldogs.com/sports/womens-basketball/roster/lauren-houston/8716
Lauren Houston,2022-23,3-Point Field Goals Made,1,01/26/23,at Saint Mary,https://macbulldogs.com/sports/womens-basketball/roster/lauren-houston/8716
Lauren Houston,2022-23,3-Point Field Goal Attempts,4,02/08/23,Southwestern,https://macbulldogs.com/sports/womens-basketball/roster/lauren-houston/8716
Lauren Houston,2022-23,Free Throws Made,1,01/26/23,at Saint Mary,https://macbulldogs.com/sports/womens-basketball/roster/lauren-houston/8716
Lauren Houston,2022-23,Free Throw Attempts,2,02/01/23,at Tabor,https://macbulldogs.com/sports/womens-basketball/roster/lauren-houston/8716
Lauren Houston,2022-23,Rebounds,2,01/26/23,at Saint Mary,https://macbulldogs.com/sports/womens-basketball/roster/lauren-houston/8716
Lauren Houston,2022-23,Assists,3,01/26/23,at Saint Mary,https://macbulldogs.com/sports/womens-basketball/roster/lauren-houston/8716
Lauren Houston,2022-23,Blocks,0,02/23/23,at Sterling,https://macbulldogs.com/sports/womens-basketball/roster/lauren-houston/8716
Lauren Houston,2022-23,Steals,1,11/12/22,vs NNM,https://macbulldogs.com/sports/womens-basketball/roster/lauren-houston/8716
Lauren Young,2023-24,Points,8,11/04/23,Manhattan Christian,https://macbulldogs.com/sports/womens-basketball/roster/lauren-young/9583
Lauren Young,2023-24,Minutes,10,02/01/24,Friends University,https://macbulldogs.com/sports/womens-basketball/roster/lauren-young/9583
Lauren Young,2023-24,Field Goals Made,4,11/04/23,Manhattan Christian,https://macbulldogs.com/sports/womens-basketball/roster/lauren-young/9583
Lauren Young,2023-24,Field Goal Attempts,6,11/04/23,Manhattan Christian,https://macbulldogs.com/sports/womens-basketball/roster/lauren-young/9583
Lauren Young,2023-24,3-Point Field Goals Made,0,02/24/24,Tabor College,https://macbulldogs.com/sports/womens-basketball/roster/lauren-young/9583
Lauren Young,2023-24,3-Point Field Goal Attempts,0,02/24/24,Tabor College,https://macbulldogs.com/sports/womens-basketball/roster/lauren-young/9583
Lauren Young,2023-24,Free Throws Made,3,01/10/24,at Tabor,https://macbulldogs.com/sports/womens-basketball/roster/lauren-young/9583
Lauren Young,2023-24,Free Throw Attempts,4,02/07/24,Evangel University,https://macbulldogs.com/sports/womens-basketball/roster/lauren-young/9583
Lauren Young,2023-24,Rebounds,5,01/17/24,at Avila (MO),https://macbulldogs.com/sports/womens-basketball/roster/lauren-young/9583
Lauren Young,2023-24,Assists,1,02/10/24,Bethany College,https://macbulldogs.com/sports/womens-basketball/roster/lauren-young/9583
Lauren Young,2023-24,Blocks,1,02/07/24,Evangel University,https://macbulldogs.com/sports/womens-basketball/roster/lauren-young/9583
Lauren Young,2023-24,Steals,1,02/24/24,Tabor College,https://macbulldogs.com/sports/womens-basketball/roster/lauren-young/9583
Lauren Young,2024-25,Points,10,02/22/25,at Oklahoma Wesleyan,https://macbulldogs.com/sports/womens-basketball/roster/lauren-young/9583
Lauren Young,2024-25,Minutes,20,02/22/25,at Oklahoma Wesleyan,https://macbulldogs.com/sports/womens-basketball/roster/lauren-young/9583
Lauren Young,2024-25,Field Goals Made,5,02/22/25,at Oklahoma Wesleyan,https://macbulldogs.com/sports/womens-basketball/roster/lauren-young/9583
Lauren Young,2024-25,Field Goal Attempts,8,02/22/25,at Oklahoma Wesleyan,https://macbulldogs.com/sports/womens-basketball/roster/lauren-young/9583
Lauren Young,2024-25,3-Point Field Goals Made,0,02/22/25,at Oklahoma Wesleyan,https://macbulldogs.com/sports/womens-basketball/roster/lauren-young/9583
Lauren Young,2024-25,3-Point Field Goal Attempts,0,02/22/25,at Oklahoma Wesleyan,https://macbulldogs.com/sports/womens-basketball/roster/lauren-young/9583
Lauren Young,2024-25,Free Throws Made,4,11/24/24,Ottawa University,https://macbulldogs.com/sports/womens-basketball/roster/lauren-young/9583
Lauren Young,2024-25,Free Throw Attempts,4,02/08/25,University of Saint Mary,https://macbulldogs.com/sports/womens-basketball/roster/lauren-young/9583
Lauren Young,2024-25,Rebounds,9,02/22/25,at Oklahoma Wesleyan,https://macbulldogs.com/sports/womens-basketball/roster/lauren-young/9583
Lauren Young,2024-25,Assists,3,02/11/25,York University,https://macbulldogs.com/sports/womens-basketball/roster/lauren-young/9583
Lauren Young,2024-25,Blocks,2,02/22/25,at Oklahoma Wesleyan,https://macbulldogs.com/sports/womens-basketball/roster/lauren-young/9583
Lauren Young,2024-25,Steals,1,02/22/25,at Oklahoma Wesleyan,https://macbulldogs.com/sports/womens-basketball/roster/lauren-young/9583
Lauren Young,2025 - 26,Points,6,12/03/25,Tabor College,https://macbulldogs.com/sports/womens-basketball/roster/lauren-young/9583
Lauren Young,2025 - 26,Minutes,9,12/06/25,University of Saint Mary,https://macbulldogs.com/sports/womens-basketball/roster/lauren-young/9583
Lauren Young,2025 - 26,Field Goals Made,3,12/03/25,Tabor College,https://macbulldogs.com/sports/womens-basketball/roster/lauren-young/9583
Lauren Young,2025 - 26,Field Goal Attempts,5,12/03/25,Tabor College,https://macbulldogs.com/sports/womens-basketball/roster/lauren-young/9583
Lauren Young,2025 - 26,3-Point Field Goals Made,0,01/14/26,at Kansas Wesleyan,https://macbulldogs.com/sports/womens-basketball/roster/lauren-young/9583
Lauren Young,2025 - 26,3-Point Field Goal Attempts,0,01/14/26,at Kansas Wesleyan,https://macbulldogs.com/sports/womens-basketball/roster/lauren-young/9583
Lauren Young,2025 - 26,Free Throws Made,3,12/06/25,University of Saint Mary,https://macbulldogs.com/sports/womens-basketball/roster/lauren-young/9583
Lauren Young,2025 - 26,Free Throw Attempts,3,12/06/25,University of Saint Mary,https://macbulldogs.com/sports/womens-basketball/roster/lauren-young/9583
Lauren Young,2025 - 26,Rebounds,3,11/19/25,Kansas Wesleyan University,https://macbulldogs.com/sports/womens-basketball/roster/lauren-young/9583
Lauren Young,2025 - 26,Assists,1,01/10/26,Southwestern College,https://macbulldogs.com/sports/womens-basketball/roster/lauren-young/9583
Lauren Young,2025 - 26,Blocks,0,01/14/26,at Kansas Wesleyan,https://macbulldogs.com/sports/womens-basketball/roster/lauren-young/9583
Lauren Young,2025 - 26,Steals,2,12/03/25,Tabor College,https://macbulldogs.com/sports/womens-basketball/roster/lauren-young/9583
Lauren Young,2023-24,Points,8,11/04/23,Manhattan Christian,https://macbulldogs.com/sports/womens-basketball/roster/lauren-young/9955
Lauren Young,2023-24,Minutes,10,02/01/24,Friends University,https://macbulldogs.com/sports/womens-basketball/roster/lauren-young/9955
Lauren Young,2023-24,Field Goals Made,4,11/04/23,Manhattan Christian,https://macbulldogs.com/sports/womens-basketball/roster/lauren-young/9955
Lauren Young,2023-24,Field Goal Attempts,6,11/04/23,Manhattan Christian,https://macbulldogs.com/sports/womens-basketball/roster/lauren-young/9955
Lauren Young,2023-24,3-Point Field Goals Made,0,02/24/24,Tabor College,https://macbulldogs.com/sports/womens-basketball/roster/lauren-young/9955
Lauren Young,2023-24,3-Point Field Goal Attempts,0,02/24/24,Tabor College,https://macbulldogs.com/sports/womens-basketball/roster/lauren-young/9955
Lauren Young,2023-24,Free Throws Made,3,01/10/24,at Tabor,https://macbulldogs.com/sports/womens-basketball/roster/lauren-young/9955
Lauren Young,2023-24,Free Throw Attempts,4,02/07/24,Evangel University,https://macbulldogs.com/sports/womens-basketball/roster/lauren-young/9955
Lauren Young,2023-24,Rebounds,5,01/17/24,at Avila (MO),https://macbulldogs.com/sports/womens-basketball/roster/lauren-young/9955
Lauren Young,2023-24,Assists,1,02/10/24,Bethany College,https://macbulldogs.com/sports/womens-basketball/roster/lauren-young/9955
Lauren Young,2023-24,Blocks,1,02/07/24,Evangel University,https://macbulldogs.com/sports/womens-basketball/roster/lauren-young/9955
Lauren Young,2023-24,Steals,1,02/24/24,Tabor College,https://macbulldogs.com/sports/womens-basketball/roster/lauren-young/9955
Lauren Young,2024-25,Points,10,02/22/25,at Oklahoma Wesleyan,https://macbulldogs.com/sports/womens-basketball/roster/lauren-young/9955
Lauren Young,2024-25,Minutes,20,02/22/25,at Oklahoma Wesleyan,https://macbulldogs.com/sports/womens-basketball/roster/lauren-young/9955
Lauren Young,2024-25,Field Goals Made,5,02/22/25,at Oklahoma Wesleyan,https://macbulldogs.com/sports/womens-basketball/roster/lauren-young/9955
Lauren Young,2024-25,Field Goal Attempts,8,02/22/25,at Oklahoma Wesleyan,https://macbulldogs.com/sports/womens-basketball/roster/lauren-young/9955
Lauren Young,2024-25,3-Point Field Goals Made,0,02/22/25,at Oklahoma Wesleyan,https://macbulldogs.com/sports/womens-basketball/roster/lauren-young/9955
Lauren Young,2024-25,3-Point Field Goal Attempts,0,02/22/25,at Oklahoma Wesleyan,https://macbulldogs.com/sports/womens-basketball/roster/lauren-young/9955
Lauren Young,2024-25,Free Throws Made,4,11/24/24,Ottawa University,https://macbulldogs.com/sports/womens-basketball/roster/lauren-young/9955
Lauren Young,2024-25,Free Throw Attempts,4,02/08/25,University of Saint Mary,https://macbulldogs.com/sports/womens-basketball/roster/lauren-young/9955
Lauren Young,2024-25,Rebounds,9,02/22/25,at Oklahoma Wesleyan,https://macbulldogs.com/sports/womens-basketball/roster/lauren-young/9955
Lauren Young,2024-25,Assists,3,02/11/25,York University,https://macbulldogs.com/sports/womens-basketball/roster/lauren-young/9955
Lauren Young,2024-25,Blocks,2,02/22/25,at Oklahoma Wesleyan,https://macbulldogs.com/sports/womens-basketball/roster/lauren-young/9955
Lauren Young,2024-25,Steals,1,02/22/25,at Oklahoma Wesleyan,https://macbulldogs.com/sports/womens-basketball/roster/lauren-young/9955
Lauren Young,2025 - 26,Points,6,12/03/25,Tabor College,https://macbulldogs.com/sports/womens-basketball/roster/lauren-young/9955
Lauren Young,2025 - 26,Minutes,9,12/06/25,University of Saint Mary,https://macbulldogs.com/sports/womens-basketball/roster/lauren-young/9955
Lauren Young,2025 - 26,Field Goals Made,3,12/03/25,Tabor College,https://macbulldogs.com/sports/womens-basketball/roster/lauren-young/9955
Lauren Young,2025 - 26,Field Goal Attempts,5,12/03/25,Tabor College,https://macbulldogs.com/sports/womens-basketball/roster/lauren-young/9955
Lauren Young,2025 - 26,3-Point Field Goals Made,0,01/14/26,at Kansas Wesleyan,https://macbulldogs.com/sports/womens-basketball/roster/lauren-young/9955
Lauren Young,2025 - 26,3-Point Field Goal Attempts,0,01/14/26,at Kansas Wesleyan,https://macbulldogs.com/sports/womens-basketball/roster/lauren-young/9955
Lauren Young,2025 - 26,Free Throws Made,3,12/06/25,University of Saint Mary,https://macbulldogs.com/sports/womens-basketball/roster/lauren-young/9955
Lauren Young,2025 - 26,Free Throw Attempts,3,12/06/25,University of Saint Mary,https://macbulldogs.com/sports/womens-basketball/roster/lauren-young/9955
Lauren Young,2025 - 26,Rebounds,3,11/19/25,Kansas Wesleyan University,https://macbulldogs.com/sports/womens-basketball/roster/lauren-young/9955
Lauren Young,2025 - 26,Assists,1,01/10/26,Southwestern College,https://macbulldogs.com/sports/womens-basketball/roster/lauren-young/9955
Lauren Young,2025 - 26,Blocks,0,01/14/26,at Kansas Wesleyan,https://macbulldogs.com/sports/womens-basketball/roster/lauren-young/9955
Lauren Young,2025 - 26,Steals,2,12/03/25,Tabor College,https://macbulldogs.com/sports/womens-basketball/roster/lauren-young/9955
Madelyn Hankins,2021-22,Points,18,02/05/22,Oklahoma Wesleyan,https://macbulldogs.com/sports/womens-basketball/roster/madelyn-hankins/9618
Madelyn Hankins,2021-22,Minutes,33,01/15/22,Kansas Wesleyan,https://macbulldogs.com/sports/womens-basketball/roster/madelyn-hankins/9618
Madelyn Hankins,2021-22,Field Goals Made,7,02/05/22,Oklahoma Wesleyan,https://macbulldogs.com/sports/womens-basketball/roster/madelyn-hankins/9618
Madelyn Hankins,2021-22,Field Goal Attempts,13,01/15/22,Kansas Wesleyan,https://macbulldogs.com/sports/womens-basketball/roster/madelyn-hankins/9618
Madelyn Hankins,2021-22,3-Point Field Goals Made,3,01/15/22,Kansas Wesleyan,https://macbulldogs.com/sports/womens-basketball/roster/madelyn-hankins/9618
Madelyn Hankins,2021-22,3-Point Field Goal Attempts,10,01/08/22,Sterling College,https://macbulldogs.com/sports/womens-basketball/roster/madelyn-hankins/9618
Madelyn Hankins,2021-22,Free Throws Made,8,02/12/22,Southwestern,https://macbulldogs.com/sports/womens-basketball/roster/madelyn-hankins/9618
Madelyn Hankins,2021-22,Free Throw Attempts,8,02/12/22,Southwestern,https://macbulldogs.com/sports/womens-basketball/roster/madelyn-hankins/9618
Madelyn Hankins,2021-22,Rebounds,5,02/09/22,at Ottawa University,https://macbulldogs.com/sports/womens-basketball/roster/madelyn-hankins/9618
Madelyn Hankins,2021-22,Assists,3,01/19/22,at Avila,https://macbulldogs.com/sports/womens-basketball/roster/madelyn-hankins/9618
Madelyn Hankins,2021-22,Blocks,1,12/17/21,vs Williams Baptist,https://macbulldogs.com/sports/womens-basketball/roster/madelyn-hankins/9618
Madelyn Hankins,2021-22,Steals,3,12/04/21,York College,https://macbulldogs.com/sports/womens-basketball/roster/madelyn-hankins/9618
Madelyn Hankins,2022-23,Points,0,12/10/22,McPherson,https://macbulldogs.com/sports/womens-basketball/roster/madelyn-hankins/9618
Madelyn Hankins,2022-23,Minutes,1,12/10/22,McPherson,https://macbulldogs.com/sports/womens-basketball/roster/madelyn-hankins/9618
Madelyn Hankins,2022-23,Field Goals Made,0,12/10/22,McPherson,https://macbulldogs.com/sports/womens-basketball/roster/madelyn-hankins/9618
Madelyn Hankins,2022-23,Field Goal Attempts,0,12/10/22,McPherson,https://macbulldogs.com/sports/womens-basketball/roster/madelyn-hankins/9618
Madelyn Hankins,2022-23,3-Point Field Goals Made,0,12/10/22,McPherson,https://macbulldogs.com/sports/womens-basketball/roster/madelyn-hankins/9618
Madelyn Hankins,2022-23,3-Point Field Goal Attempts,0,12/10/22,McPherson,https://macbulldogs.com/sports/womens-basketball/roster/madelyn-hankins/9618
Madelyn Hankins,2022-23,Free Throws Made,0,12/10/22,McPherson,https://macbulldogs.com/sports/womens-basketball/roster/madelyn-hankins/9618
Madelyn Hankins,2022-23,Free Throw Attempts,0,12/10/22,McPherson,https://macbulldogs.com/sports/womens-basketball/roster/madelyn-hankins/9618
Madelyn Hankins,2022-23,Rebounds,0,12/10/22,McPherson,https://macbulldogs.com/sports/womens-basketball/roster/madelyn-hankins/9618
Madelyn Hankins,2022-23,Assists,0,12/10/22,McPherson,https://macbulldogs.com/sports/womens-basketball/roster/madelyn-hankins/9618
Madelyn Hankins,2022-23,Blocks,0,12/10/22,McPherson,https://macbulldogs.com/sports/womens-basketball/roster/madelyn-hankins/9618
Madelyn Hankins,2022-23,Steals,0,12/10/22,McPherson,https://macbulldogs.com/sports/womens-basketball/roster/madelyn-hankins/9618
Madelyn Hankins,2023-24,Points,8,01/06/24,Southwestern College,https://macbulldogs.com/sports/womens-basketball/roster/madelyn-hankins/9618
Madelyn Hankins,2023-24,Minutes,31,01/06/24,Southwestern College,https://macbulldogs.com/sports/womens-basketball/roster/madelyn-hankins/9618
Madelyn Hankins,2023-24,Field Goals Made,3,01/06/24,Southwestern College,https://macbulldogs.com/sports/womens-basketball/roster/madelyn-hankins/9618
Madelyn Hankins,2023-24,Field Goal Attempts,7,01/06/24,Southwestern College,https://macbulldogs.com/sports/womens-basketball/roster/madelyn-hankins/9618
Madelyn Hankins,2023-24,3-Point Field Goals Made,0,01/06/24,Southwestern College,https://macbulldogs.com/sports/womens-basketball/roster/madelyn-hankins/9618
Madelyn Hankins,2023-24,3-Point Field Goal Attempts,0,01/06/24,Southwestern College,https://macbulldogs.com/sports/womens-basketball/roster/madelyn-hankins/9618
Madelyn Hankins,2023-24,Free Throws Made,2,01/06/24,Southwestern College,https://macbulldogs.com/sports/womens-basketball/roster/madelyn-hankins/9618
Madelyn Hankins,2023-24,Free Throw Attempts,2,01/06/24,Southwestern College,https://macbulldogs.com/sports/womens-basketball/roster/madelyn-hankins/9618
Madelyn Hankins,2023-24,Rebounds,2,01/06/24,Southwestern College,https://macbulldogs.com/sports/womens-basketball/roster/madelyn-hankins/9618
Madelyn Hankins,2023-24,Assists,1,01/06/24,Southwestern College,https://macbulldogs.com/sports/womens-basketball/roster/madelyn-hankins/9618
Madelyn Hankins,2023-24,Blocks,0,01/06/24,Southwestern College,https://macbulldogs.com/sports/womens-basketball/roster/madelyn-hankins/9618
Madelyn Hankins,2023-24,Steals,1,01/06/24,Southwestern College,https://macbulldogs.com/sports/womens-basketball/roster/madelyn-hankins/9618
Madison Chambers,2010-11,Points,14,02/05/11,at Southwestern College,https://macbulldogs.com/sports/womens-basketball/roster/madison-chambers/562
Madison Chambers,2010-11,Minutes,41,11/05/10,Johnson & Wales Universit,https://macbulldogs.com/sports/womens-basketball/roster/madison-chambers/562
Madison Chambers,2010-11,Field Goals Made,5,01/19/11,Sterling College,https://macbulldogs.com/sports/womens-basketball/roster/madison-chambers/562
Madison Chambers,2010-11,Field Goal Attempts,12,01/03/11,at York College,https://macbulldogs.com/sports/womens-basketball/roster/madison-chambers/562
Madison Chambers,2010-11,3-Point Field Goals Made,1,10/29/10,at Peru State College,https://macbulldogs.com/sports/womens-basketball/roster/madison-chambers/562
Madison Chambers,2010-11,3-Point Field Goal Attempts,3,02/10/11,at Tabor College,https://macbulldogs.com/sports/womens-basketball/roster/madison-chambers/562
Madison Chambers,2010-11,Free Throws Made,6,02/05/11,at Southwestern College,https://macbulldogs.com/sports/womens-basketball/roster/madison-chambers/562
Madison Chambers,2010-11,Free Throw Attempts,9,12/09/10,Bethel College,https://macbulldogs.com/sports/womens-basketball/roster/madison-chambers/562
Madison Chambers,2010-11,Rebounds,11,02/19/11,at Sterling College,https://macbulldogs.com/sports/womens-basketball/roster/madison-chambers/562
Madison Chambers,2010-11,Assists,4,01/06/11,Southwestern College,https://macbulldogs.com/sports/womens-basketball/roster/madison-chambers/562
Madison Chambers,2010-11,Blocks,2,02/10/11,at Tabor College,https://macbulldogs.com/sports/womens-basketball/roster/madison-chambers/562
Madison Chambers,2010-11,Steals,8,11/05/10,Johnson & Wales Universit,https://macbulldogs.com/sports/womens-basketball/roster/madison-chambers/562
Madison Chambers,2011-12,Points,12,02/18/12,Bethany (Kan.),https://macbulldogs.com/sports/womens-basketball/roster/madison-chambers/562
Madison Chambers,2011-12,Minutes,35,02/22/12,at Kansas Wesleyan,https://macbulldogs.com/sports/womens-basketball/roster/madison-chambers/562
Madison Chambers,2011-12,Field Goals Made,5,02/18/12,Bethany (Kan.),https://macbulldogs.com/sports/womens-basketball/roster/madison-chambers/562
Madison Chambers,2011-12,Field Goal Attempts,12,11/01/11,at Haskell (Kan.),https://macbulldogs.com/sports/womens-basketball/roster/madison-chambers/562
Madison Chambers,2011-12,3-Point Field Goals Made,1,02/11/12,at Kansas Wesleyan,https://macbulldogs.com/sports/womens-basketball/roster/madison-chambers/562
Madison Chambers,2011-12,3-Point Field Goal Attempts,3,11/22/11,at Oklahoma Wesleyan,https://macbulldogs.com/sports/womens-basketball/roster/madison-chambers/562
Madison Chambers,2011-12,Free Throws Made,3,01/07/12,at Friends (Kan.),https://macbulldogs.com/sports/womens-basketball/roster/madison-chambers/562
Madison Chambers,2011-12,Free Throw Attempts,5,01/21/12,Bethel (Kan.),https://macbulldogs.com/sports/womens-basketball/roster/madison-chambers/562
Madison Chambers,2011-12,Rebounds,11,01/21/12,Bethel (Kan.),https://macbulldogs.com/sports/womens-basketball/roster/madison-chambers/562
Madison Chambers,2011-12,Assists,6,11/19/11,Haskell (Kan.),https://macbulldogs.com/sports/womens-basketball/roster/madison-chambers/562
Madison Chambers,2011-12,Blocks,2,02/22/12,at Kansas Wesleyan,https://macbulldogs.com/sports/womens-basketball/roster/madison-chambers/562
Madison Chambers,2011-12,Steals,6,01/02/12,York (Neb.),https://macbulldogs.com/sports/womens-basketball/roster/madison-chambers/562
Madison Chambers,2012-13,Points,18,11/29/12,at Bethany College,https://macbulldogs.com/sports/womens-basketball/roster/madison-chambers/562
Madison Chambers,2012-13,Minutes,40,12/29/12,at Baker University,https://macbulldogs.com/sports/womens-basketball/roster/madison-chambers/562
Madison Chambers,2012-13,Field Goals Made,8,11/29/12,at Bethany College,https://macbulldogs.com/sports/womens-basketball/roster/madison-chambers/562
Madison Chambers,2012-13,Field Goal Attempts,15,12/29/12,at Baker University,https://macbulldogs.com/sports/womens-basketball/roster/madison-chambers/562
Madison Chambers,2012-13,3-Point Field Goals Made,2,11/16/12,vs William Penn College,https://macbulldogs.com/sports/womens-basketball/roster/madison-chambers/562
Madison Chambers,2012-13,3-Point Field Goal Attempts,4,12/08/12,at Southwestern College,https://macbulldogs.com/sports/womens-basketball/roster/madison-chambers/562
Madison Chambers,2012-13,Free Throws Made,5,01/05/13,Friends University,https://macbulldogs.com/sports/womens-basketball/roster/madison-chambers/562
Madison Chambers,2012-13,Free Throw Attempts,7,11/26/12,York College,https://macbulldogs.com/sports/womens-basketball/roster/madison-chambers/562
Madison Chambers,2012-13,Rebounds,14,12/01/12,Tabor College,https://macbulldogs.com/sports/womens-basketball/roster/madison-chambers/562
Madison Chambers,2012-13,Assists,4,02/16/13,Bethel College,https://macbulldogs.com/sports/womens-basketball/roster/madison-chambers/562
Madison Chambers,2012-13,Blocks,1,01/03/13,Saint Mary (Kan.),https://macbulldogs.com/sports/womens-basketball/roster/madison-chambers/562
Madison Chambers,2012-13,Steals,4,02/22/13,at Southwestern College,https://macbulldogs.com/sports/womens-basketball/roster/madison-chambers/562
Madison Chambers,2010-11,Points,14,02/05/11,at Southwestern College,https://macbulldogs.com/sports/womens-basketball/roster/madison-chambers/894
Madison Chambers,2010-11,Minutes,41,11/05/10,Johnson & Wales Universit,https://macbulldogs.com/sports/womens-basketball/roster/madison-chambers/894
Madison Chambers,2010-11,Field Goals Made,5,01/19/11,Sterling College,https://macbulldogs.com/sports/womens-basketball/roster/madison-chambers/894
Madison Chambers,2010-11,Field Goal Attempts,12,01/03/11,at York College,https://macbulldogs.com/sports/womens-basketball/roster/madison-chambers/894
Madison Chambers,2010-11,3-Point Field Goals Made,1,10/29/10,at Peru State College,https://macbulldogs.com/sports/womens-basketball/roster/madison-chambers/894
Madison Chambers,2010-11,3-Point Field Goal Attempts,3,02/10/11,at Tabor College,https://macbulldogs.com/sports/womens-basketball/roster/madison-chambers/894
Madison Chambers,2010-11,Free Throws Made,6,02/05/11,at Southwestern College,https://macbulldogs.com/sports/womens-basketball/roster/madison-chambers/894
Madison Chambers,2010-11,Free Throw Attempts,9,12/09/10,Bethel College,https://macbulldogs.com/sports/womens-basketball/roster/madison-chambers/894
Madison Chambers,2010-11,Rebounds,11,02/19/11,at Sterling College,https://macbulldogs.com/sports/womens-basketball/roster/madison-chambers/894
Madison Chambers,2010-11,Assists,4,01/06/11,Southwestern College,https://macbulldogs.com/sports/womens-basketball/roster/madison-chambers/894
Madison Chambers,2010-11,Blocks,2,02/10/11,at Tabor College,https://macbulldogs.com/sports/womens-basketball/roster/madison-chambers/894
Madison Chambers,2010-11,Steals,8,11/05/10,Johnson & Wales Universit,https://macbulldogs.com/sports/womens-basketball/roster/madison-chambers/894
Madison Chambers,2011-12,Points,12,02/18/12,Bethany (Kan.),https://macbulldogs.com/sports/womens-basketball/roster/madison-chambers/894
Madison Chambers,2011-12,Minutes,35,02/22/12,at Kansas Wesleyan,https://macbulldogs.com/sports/womens-basketball/roster/madison-chambers/894
Madison Chambers,2011-12,Field Goals Made,5,02/18/12,Bethany (Kan.),https://macbulldogs.com/sports/womens-basketball/roster/madison-chambers/894
Madison Chambers,2011-12,Field Goal Attempts,12,11/01/11,at Haskell (Kan.),https://macbulldogs.com/sports/womens-basketball/roster/madison-chambers/894
Madison Chambers,2011-12,3-Point Field Goals Made,1,02/11/12,at Kansas Wesleyan,https://macbulldogs.com/sports/womens-basketball/roster/madison-chambers/894
Madison Chambers,2011-12,3-Point Field Goal Attempts,3,11/22/11,at Oklahoma Wesleyan,https://macbulldogs.com/sports/womens-basketball/roster/madison-chambers/894
Madison Chambers,2011-12,Free Throws Made,3,01/07/12,at Friends (Kan.),https://macbulldogs.com/sports/womens-basketball/roster/madison-chambers/894
Madison Chambers,2011-12,Free Throw Attempts,5,01/21/12,Bethel (Kan.),https://macbulldogs.com/sports/womens-basketball/roster/madison-chambers/894
Madison Chambers,2011-12,Rebounds,11,01/21/12,Bethel (Kan.),https://macbulldogs.com/sports/womens-basketball/roster/madison-chambers/894
Madison Chambers,2011-12,Assists,6,11/19/11,Haskell (Kan.),https://macbulldogs.com/sports/womens-basketball/roster/madison-chambers/894
Madison Chambers,2011-12,Blocks,2,02/22/12,at Kansas Wesleyan,https://macbulldogs.com/sports/womens-basketball/roster/madison-chambers/894
Madison Chambers,2011-12,Steals,6,01/02/12,York (Neb.),https://macbulldogs.com/sports/womens-basketball/roster/madison-chambers/894
Madison Chambers,2012-13,Points,18,11/29/12,at Bethany College,https://macbulldogs.com/sports/womens-basketball/roster/madison-chambers/894
Madison Chambers,2012-13,Minutes,40,12/29/12,at Baker University,https://macbulldogs.com/sports/womens-basketball/roster/madison-chambers/894
Madison Chambers,2012-13,Field Goals Made,8,11/29/12,at Bethany College,https://macbulldogs.com/sports/womens-basketball/roster/madison-chambers/894
Madison Chambers,2012-13,Field Goal Attempts,15,12/29/12,at Baker University,https://macbulldogs.com/sports/womens-basketball/roster/madison-chambers/894
Madison Chambers,2012-13,3-Point Field Goals Made,2,11/16/12,vs William Penn College,https://macbulldogs.com/sports/womens-basketball/roster/madison-chambers/894
Madison Chambers,2012-13,3-Point Field Goal Attempts,4,12/08/12,at Southwestern College,https://macbulldogs.com/sports/womens-basketball/roster/madison-chambers/894
Madison Chambers,2012-13,Free Throws Made,5,01/05/13,Friends University,https://macbulldogs.com/sports/womens-basketball/roster/madison-chambers/894
Madison Chambers,2012-13,Free Throw Attempts,7,11/26/12,York College,https://macbulldogs.com/sports/womens-basketball/roster/madison-chambers/894
Madison Chambers,2012-13,Rebounds,14,12/01/12,Tabor College,https://macbulldogs.com/sports/womens-basketball/roster/madison-chambers/894
Madison Chambers,2012-13,Assists,4,02/16/13,Bethel College,https://macbulldogs.com/sports/womens-basketball/roster/madison-chambers/894
Madison Chambers,2012-13,Blocks,1,01/03/13,Saint Mary (Kan.),https://macbulldogs.com/sports/womens-basketball/roster/madison-chambers/894
Madison Chambers,2012-13,Steals,4,02/22/13,at Southwestern College,https://macbulldogs.com/sports/womens-basketball/roster/madison-chambers/894
Maison Moseley,2018-19,Points,6,10/30/18,McPherson,https://macbulldogs.com/sports/womens-basketball/roster/maison-moseley/5485
Maison Moseley,2018-19,Minutes,29,10/30/18,McPherson,https://macbulldogs.com/sports/womens-basketball/roster/maison-moseley/5485
Maison Moseley,2018-19,Field Goals Made,2,10/30/18,McPherson,https://macbulldogs.com/sports/womens-basketball/roster/maison-moseley/5485
Maison Moseley,2018-19,Field Goal Attempts,5,10/30/18,McPherson,https://macbulldogs.com/sports/womens-basketball/roster/maison-moseley/5485
Maison Moseley,2018-19,3-Point Field Goals Made,0,10/30/18,McPherson,https://macbulldogs.com/sports/womens-basketball/roster/maison-moseley/5485
Maison Moseley,2018-19,3-Point Field Goal Attempts,0,10/30/18,McPherson,https://macbulldogs.com/sports/womens-basketball/roster/maison-moseley/5485
Maison Moseley,2018-19,Free Throws Made,2,10/30/18,McPherson,https://macbulldogs.com/sports/womens-basketball/roster/maison-moseley/5485
Maison Moseley,2018-19,Free Throw Attempts,4,10/30/18,McPherson,https://macbulldogs.com/sports/womens-basketball/roster/maison-moseley/5485
Maison Moseley,2018-19,Rebounds,2,10/30/18,McPherson,https://macbulldogs.com/sports/womens-basketball/roster/maison-moseley/5485
Maison Moseley,2018-19,Assists,0,10/30/18,McPherson,https://macbulldogs.com/sports/womens-basketball/roster/maison-moseley/5485
Maison Moseley,2018-19,Blocks,1,10/30/18,McPherson,https://macbulldogs.com/sports/womens-basketball/roster/maison-moseley/5485
Maison Moseley,2018-19,Steals,0,10/30/18,McPherson,https://macbulldogs.com/sports/womens-basketball/roster/maison-moseley/5485
Maison Moseley,2019-20,Points,25,12/11/19,at Bethel (Kan.),https://macbulldogs.com/sports/womens-basketball/roster/maison-moseley/5485
Maison Moseley,2019-20,Minutes,35,11/16/19,Tabor (Kan.),https://macbulldogs.com/sports/womens-basketball/roster/maison-moseley/5485
Maison Moseley,2019-20,Field Goals Made,8,12/11/19,at Bethel (Kan.),https://macbulldogs.com/sports/womens-basketball/roster/maison-moseley/5485
Maison Moseley,2019-20,Field Goal Attempts,13,11/06/19,vs Central Christian (Kan.),https://macbulldogs.com/sports/womens-basketball/roster/maison-moseley/5485
Maison Moseley,2019-20,3-Point Field Goals Made,2,01/29/20,St. Mary (Kan.),https://macbulldogs.com/sports/womens-basketball/roster/maison-moseley/5485
Maison Moseley,2019-20,3-Point Field Goal Attempts,6,01/29/20,St. Mary (Kan.),https://macbulldogs.com/sports/womens-basketball/roster/maison-moseley/5485
Maison Moseley,2019-20,Free Throws Made,8,12/11/19,at Bethel (Kan.),https://macbulldogs.com/sports/womens-basketball/roster/maison-moseley/5485
Maison Moseley,2019-20,Free Throw Attempts,10,11/16/19,Tabor (Kan.),https://macbulldogs.com/sports/womens-basketball/roster/maison-moseley/5485
Maison Moseley,2019-20,Rebounds,6,01/08/20,at Avila (Mo.),https://macbulldogs.com/sports/womens-basketball/roster/maison-moseley/5485
Maison Moseley,2019-20,Assists,8,11/09/19,at Dakota State (S.D.),https://macbulldogs.com/sports/womens-basketball/roster/maison-moseley/5485
Maison Moseley,2019-20,Blocks,1,02/19/20,Avila (Mo.),https://macbulldogs.com/sports/womens-basketball/roster/maison-moseley/5485
Maison Moseley,2019-20,Steals,4,01/20/20,Friends,https://macbulldogs.com/sports/womens-basketball/roster/maison-moseley/5485
Maison Moseley,2020-21,Points,22,02/20/21,Ottawa (Kan.),https://macbulldogs.com/sports/womens-basketball/roster/maison-moseley/5485
Maison Moseley,2020-21,Minutes,36,02/10/21,at Sterling (Kan.),https://macbulldogs.com/sports/womens-basketball/roster/maison-moseley/5485
Maison Moseley,2020-21,Field Goals Made,9,01/06/21,at Friends (Kan.),https://macbulldogs.com/sports/womens-basketball/roster/maison-moseley/5485
Maison Moseley,2020-21,Field Goal Attempts,18,02/10/21,at Sterling (Kan.),https://macbulldogs.com/sports/womens-basketball/roster/maison-moseley/5485
Maison Moseley,2020-21,3-Point Field Goals Made,3,02/20/21,Ottawa (Kan.),https://macbulldogs.com/sports/womens-basketball/roster/maison-moseley/5485
Maison Moseley,2020-21,3-Point Field Goal Attempts,8,12/14/20,at Ottawa (Kan.),https://macbulldogs.com/sports/womens-basketball/roster/maison-moseley/5485
Maison Moseley,2020-21,Free Throws Made,9,02/04/21,at York (Neb.),https://macbulldogs.com/sports/womens-basketball/roster/maison-moseley/5485
Maison Moseley,2020-21,Free Throw Attempts,13,02/04/21,at York (Neb.),https://macbulldogs.com/sports/womens-basketball/roster/maison-moseley/5485
Maison Moseley,2020-21,Rebounds,5,02/25/21,Kansas Wesleyan,https://macbulldogs.com/sports/womens-basketball/roster/maison-moseley/5485
Maison Moseley,2020-21,Assists,5,01/16/21,Bethany (Kan.),https://macbulldogs.com/sports/womens-basketball/roster/maison-moseley/5485
Maison Moseley,2020-21,Blocks,1,02/25/21,Kansas Wesleyan,https://macbulldogs.com/sports/womens-basketball/roster/maison-moseley/5485
Maison Moseley,2020-21,Steals,4,02/06/21,Bethel (Kan.),https://macbulldogs.com/sports/womens-basketball/roster/maison-moseley/5485
Maison Moseley,2021-22,Points,20,11/29/21,Bethel,https://macbulldogs.com/sports/womens-basketball/roster/maison-moseley/5485
Maison Moseley,2021-22,Minutes,30,01/05/22,at Southwestern,https://macbulldogs.com/sports/womens-basketball/roster/maison-moseley/5485
Maison Moseley,2021-22,Field Goals Made,8,02/12/22,Southwestern,https://macbulldogs.com/sports/womens-basketball/roster/maison-moseley/5485
Maison Moseley,2021-22,Field Goal Attempts,15,02/12/22,Southwestern,https://macbulldogs.com/sports/womens-basketball/roster/maison-moseley/5485
Maison Moseley,2021-22,3-Point Field Goals Made,2,02/21/22,Bethel,https://macbulldogs.com/sports/womens-basketball/roster/maison-moseley/5485
Maison Moseley,2021-22,3-Point Field Goal Attempts,6,12/02/21,at Friends,https://macbulldogs.com/sports/womens-basketball/roster/maison-moseley/5485
Maison Moseley,2021-22,Free Throws Made,8,11/23/21,Avila,https://macbulldogs.com/sports/womens-basketball/roster/maison-moseley/5485
Maison Moseley,2021-22,Free Throw Attempts,10,11/23/21,Avila,https://macbulldogs.com/sports/womens-basketball/roster/maison-moseley/5485
Maison Moseley,2021-22,Rebounds,6,11/27/21,at Bethany,https://macbulldogs.com/sports/womens-basketball/roster/maison-moseley/5485
Maison Moseley,2021-22,Assists,5,11/23/21,Avila,https://macbulldogs.com/sports/womens-basketball/roster/maison-moseley/5485
Maison Moseley,2021-22,Blocks,1,02/21/22,Bethel,https://macbulldogs.com/sports/womens-basketball/roster/maison-moseley/5485
Maison Moseley,2021-22,Steals,4,01/10/22,Tabor,https://macbulldogs.com/sports/womens-basketball/roster/maison-moseley/5485
Maison Moseley,2018-19,Points,6,10/30/18,McPherson,https://macbulldogs.com/sports/womens-basketball/roster/maison-moseley/7163
Maison Moseley,2018-19,Minutes,29,10/30/18,McPherson,https://macbulldogs.com/sports/womens-basketball/roster/maison-moseley/7163
Maison Moseley,2018-19,Field Goals Made,2,10/30/18,McPherson,https://macbulldogs.com/sports/womens-basketball/roster/maison-moseley/7163
Maison Moseley,2018-19,Field Goal Attempts,5,10/30/18,McPherson,https://macbulldogs.com/sports/womens-basketball/roster/maison-moseley/7163
Maison Moseley,2018-19,3-Point Field Goals Made,0,10/30/18,McPherson,https://macbulldogs.com/sports/womens-basketball/roster/maison-moseley/7163
Maison Moseley,2018-19,3-Point Field Goal Attempts,0,10/30/18,McPherson,https://macbulldogs.com/sports/womens-basketball/roster/maison-moseley/7163
Maison Moseley,2018-19,Free Throws Made,2,10/30/18,McPherson,https://macbulldogs.com/sports/womens-basketball/roster/maison-moseley/7163
Maison Moseley,2018-19,Free Throw Attempts,4,10/30/18,McPherson,https://macbulldogs.com/sports/womens-basketball/roster/maison-moseley/7163
Maison Moseley,2018-19,Rebounds,2,10/30/18,McPherson,https://macbulldogs.com/sports/womens-basketball/roster/maison-moseley/7163
Maison Moseley,2018-19,Assists,0,10/30/18,McPherson,https://macbulldogs.com/sports/womens-basketball/roster/maison-moseley/7163
Maison Moseley,2018-19,Blocks,1,10/30/18,McPherson,https://macbulldogs.com/sports/womens-basketball/roster/maison-moseley/7163
Maison Moseley,2018-19,Steals,0,10/30/18,McPherson,https://macbulldogs.com/sports/womens-basketball/roster/maison-moseley/7163
Maison Moseley,2019-20,Points,25,12/11/19,at Bethel (Kan.),https://macbulldogs.com/sports/womens-basketball/roster/maison-moseley/7163
Maison Moseley,2019-20,Minutes,35,11/16/19,Tabor (Kan.),https://macbulldogs.com/sports/womens-basketball/roster/maison-moseley/7163
Maison Moseley,2019-20,Field Goals Made,8,12/11/19,at Bethel (Kan.),https://macbulldogs.com/sports/womens-basketball/roster/maison-moseley/7163
Maison Moseley,2019-20,Field Goal Attempts,13,11/06/19,vs Central Christian (Kan.),https://macbulldogs.com/sports/womens-basketball/roster/maison-moseley/7163
Maison Moseley,2019-20,3-Point Field Goals Made,2,01/29/20,St. Mary (Kan.),https://macbulldogs.com/sports/womens-basketball/roster/maison-moseley/7163
Maison Moseley,2019-20,3-Point Field Goal Attempts,6,01/29/20,St. Mary (Kan.),https://macbulldogs.com/sports/womens-basketball/roster/maison-moseley/7163
Maison Moseley,2019-20,Free Throws Made,8,12/11/19,at Bethel (Kan.),https://macbulldogs.com/sports/womens-basketball/roster/maison-moseley/7163
Maison Moseley,2019-20,Free Throw Attempts,10,11/16/19,Tabor (Kan.),https://macbulldogs.com/sports/womens-basketball/roster/maison-moseley/7163
Maison Moseley,2019-20,Rebounds,6,01/08/20,at Avila (Mo.),https://macbulldogs.com/sports/womens-basketball/roster/maison-moseley/7163
Maison Moseley,2019-20,Assists,8,11/09/19,at Dakota State (S.D.),https://macbulldogs.com/sports/womens-basketball/roster/maison-moseley/7163
Maison Moseley,2019-20,Blocks,1,02/19/20,Avila (Mo.),https://macbulldogs.com/sports/womens-basketball/roster/maison-moseley/7163
Maison Moseley,2019-20,Steals,4,01/20/20,Friends,https://macbulldogs.com/sports/womens-basketball/roster/maison-moseley/7163
Maison Moseley,2020-21,Points,22,02/20/21,Ottawa (Kan.),https://macbulldogs.com/sports/womens-basketball/roster/maison-moseley/7163
Maison Moseley,2020-21,Minutes,36,02/10/21,at Sterling (Kan.),https://macbulldogs.com/sports/womens-basketball/roster/maison-moseley/7163
Maison Moseley,2020-21,Field Goals Made,9,01/06/21,at Friends (Kan.),https://macbulldogs.com/sports/womens-basketball/roster/maison-moseley/7163
Maison Moseley,2020-21,Field Goal Attempts,18,02/10/21,at Sterling (Kan.),https://macbulldogs.com/sports/womens-basketball/roster/maison-moseley/7163
Maison Moseley,2020-21,3-Point Field Goals Made,3,02/20/21,Ottawa (Kan.),https://macbulldogs.com/sports/womens-basketball/roster/maison-moseley/7163
Maison Moseley,2020-21,3-Point Field Goal Attempts,8,12/14/20,at Ottawa (Kan.),https://macbulldogs.com/sports/womens-basketball/roster/maison-moseley/7163
Maison Moseley,2020-21,Free Throws Made,9,02/04/21,at York (Neb.),https://macbulldogs.com/sports/womens-basketball/roster/maison-moseley/7163
Maison Moseley,2020-21,Free Throw Attempts,13,02/04/21,at York (Neb.),https://macbulldogs.com/sports/womens-basketball/roster/maison-moseley/7163
Maison Moseley,2020-21,Rebounds,5,02/25/21,Kansas Wesleyan,https://macbulldogs.com/sports/womens-basketball/roster/maison-moseley/7163
Maison Moseley,2020-21,Assists,5,01/16/21,Bethany (Kan.),https://macbulldogs.com/sports/womens-basketball/roster/maison-moseley/7163
Maison Moseley,2020-21,Blocks,1,02/25/21,Kansas Wesleyan,https://macbulldogs.com/sports/womens-basketball/roster/maison-moseley/7163
Maison Moseley,2020-21,Steals,4,02/06/21,Bethel (Kan.),https://macbulldogs.com/sports/womens-basketball/roster/maison-moseley/7163
Maison Moseley,2021-22,Points,20,11/29/21,Bethel,https://macbulldogs.com/sports/womens-basketball/roster/maison-moseley/7163
Maison Moseley,2021-22,Minutes,30,01/05/22,at Southwestern,https://macbulldogs.com/sports/womens-basketball/roster/maison-moseley/7163
Maison Moseley,2021-22,Field Goals Made,8,02/12/22,Southwestern,https://macbulldogs.com/sports/womens-basketball/roster/maison-moseley/7163
Maison Moseley,2021-22,Field Goal Attempts,15,02/12/22,Southwestern,https://macbulldogs.com/sports/womens-basketball/roster/maison-moseley/7163
Maison Moseley,2021-22,3-Point Field Goals Made,2,02/21/22,Bethel,https://macbulldogs.com/sports/womens-basketball/roster/maison-moseley/7163
Maison Moseley,2021-22,3-Point Field Goal Attempts,6,12/02/21,at Friends,https://macbulldogs.com/sports/womens-basketball/roster/maison-moseley/7163
Maison Moseley,2021-22,Free Throws Made,8,11/23/21,Avila,https://macbulldogs.com/sports/womens-basketball/roster/maison-moseley/7163
Maison Moseley,2021-22,Free Throw Attempts,10,11/23/21,Avila,https://macbulldogs.com/sports/womens-basketball/roster/maison-moseley/7163
Maison Moseley,2021-22,Rebounds,6,11/27/21,at Bethany,https://macbulldogs.com/sports/womens-basketball/roster/maison-moseley/7163
Maison Moseley,2021-22,Assists,5,11/23/21,Avila,https://macbulldogs.com/sports/womens-basketball/roster/maison-moseley/7163
Maison Moseley,2021-22,Blocks,1,02/21/22,Bethel,https://macbulldogs.com/sports/womens-basketball/roster/maison-moseley/7163
Maison Moseley,2021-22,Steals,4,01/10/22,Tabor,https://macbulldogs.com/sports/womens-basketball/roster/maison-moseley/7163
Maison Moseley,2018-19,Points,6,10/30/18,McPherson,https://macbulldogs.com/sports/womens-basketball/roster/maison-moseley/8009
Maison Moseley,2018-19,Minutes,29,10/30/18,McPherson,https://macbulldogs.com/sports/womens-basketball/roster/maison-moseley/8009
Maison Moseley,2018-19,Field Goals Made,2,10/30/18,McPherson,https://macbulldogs.com/sports/womens-basketball/roster/maison-moseley/8009
Maison Moseley,2018-19,Field Goal Attempts,5,10/30/18,McPherson,https://macbulldogs.com/sports/womens-basketball/roster/maison-moseley/8009
Maison Moseley,2018-19,3-Point Field Goals Made,0,10/30/18,McPherson,https://macbulldogs.com/sports/womens-basketball/roster/maison-moseley/8009
Maison Moseley,2018-19,3-Point Field Goal Attempts,0,10/30/18,McPherson,https://macbulldogs.com/sports/womens-basketball/roster/maison-moseley/8009
Maison Moseley,2018-19,Free Throws Made,2,10/30/18,McPherson,https://macbulldogs.com/sports/womens-basketball/roster/maison-moseley/8009
Maison Moseley,2018-19,Free Throw Attempts,4,10/30/18,McPherson,https://macbulldogs.com/sports/womens-basketball/roster/maison-moseley/8009
Maison Moseley,2018-19,Rebounds,2,10/30/18,McPherson,https://macbulldogs.com/sports/womens-basketball/roster/maison-moseley/8009
Maison Moseley,2018-19,Assists,0,10/30/18,McPherson,https://macbulldogs.com/sports/womens-basketball/roster/maison-moseley/8009
Maison Moseley,2018-19,Blocks,1,10/30/18,McPherson,https://macbulldogs.com/sports/womens-basketball/roster/maison-moseley/8009
Maison Moseley,2018-19,Steals,0,10/30/18,McPherson,https://macbulldogs.com/sports/womens-basketball/roster/maison-moseley/8009
Maison Moseley,2019-20,Points,25,12/11/19,at Bethel (Kan.),https://macbulldogs.com/sports/womens-basketball/roster/maison-moseley/8009
Maison Moseley,2019-20,Minutes,35,11/16/19,Tabor (Kan.),https://macbulldogs.com/sports/womens-basketball/roster/maison-moseley/8009
Maison Moseley,2019-20,Field Goals Made,8,12/11/19,at Bethel (Kan.),https://macbulldogs.com/sports/womens-basketball/roster/maison-moseley/8009
Maison Moseley,2019-20,Field Goal Attempts,13,11/06/19,vs Central Christian (Kan.),https://macbulldogs.com/sports/womens-basketball/roster/maison-moseley/8009
Maison Moseley,2019-20,3-Point Field Goals Made,2,01/29/20,St. Mary (Kan.),https://macbulldogs.com/sports/womens-basketball/roster/maison-moseley/8009
Maison Moseley,2019-20,3-Point Field Goal Attempts,6,01/29/20,St. Mary (Kan.),https://macbulldogs.com/sports/womens-basketball/roster/maison-moseley/8009
Maison Moseley,2019-20,Free Throws Made,8,12/11/19,at Bethel (Kan.),https://macbulldogs.com/sports/womens-basketball/roster/maison-moseley/8009
Maison Moseley,2019-20,Free Throw Attempts,10,11/16/19,Tabor (Kan.),https://macbulldogs.com/sports/womens-basketball/roster/maison-moseley/8009
Maison Moseley,2019-20,Rebounds,6,01/08/20,at Avila (Mo.),https://macbulldogs.com/sports/womens-basketball/roster/maison-moseley/8009
Maison Moseley,2019-20,Assists,8,11/09/19,at Dakota State (S.D.),https://macbulldogs.com/sports/womens-basketball/roster/maison-moseley/8009
Maison Moseley,2019-20,Blocks,1,02/19/20,Avila (Mo.),https://macbulldogs.com/sports/womens-basketball/roster/maison-moseley/8009
Maison Moseley,2019-20,Steals,4,01/20/20,Friends,https://macbulldogs.com/sports/womens-basketball/roster/maison-moseley/8009
Maison Moseley,2020-21,Points,22,02/20/21,Ottawa (Kan.),https://macbulldogs.com/sports/womens-basketball/roster/maison-moseley/8009
Maison Moseley,2020-21,Minutes,36,02/10/21,at Sterling (Kan.),https://macbulldogs.com/sports/womens-basketball/roster/maison-moseley/8009
Maison Moseley,2020-21,Field Goals Made,9,01/06/21,at Friends (Kan.),https://macbulldogs.com/sports/womens-basketball/roster/maison-moseley/8009
Maison Moseley,2020-21,Field Goal Attempts,18,02/10/21,at Sterling (Kan.),https://macbulldogs.com/sports/womens-basketball/roster/maison-moseley/8009
Maison Moseley,2020-21,3-Point Field Goals Made,3,02/20/21,Ottawa (Kan.),https://macbulldogs.com/sports/womens-basketball/roster/maison-moseley/8009
Maison Moseley,2020-21,3-Point Field Goal Attempts,8,12/14/20,at Ottawa (Kan.),https://macbulldogs.com/sports/womens-basketball/roster/maison-moseley/8009
Maison Moseley,2020-21,Free Throws Made,9,02/04/21,at York (Neb.),https://macbulldogs.com/sports/womens-basketball/roster/maison-moseley/8009
Maison Moseley,2020-21,Free Throw Attempts,13,02/04/21,at York (Neb.),https://macbulldogs.com/sports/womens-basketball/roster/maison-moseley/8009
Maison Moseley,2020-21,Rebounds,5,02/25/21,Kansas Wesleyan,https://macbulldogs.com/sports/womens-basketball/roster/maison-moseley/8009
Maison Moseley,2020-21,Assists,5,01/16/21,Bethany (Kan.),https://macbulldogs.com/sports/womens-basketball/roster/maison-moseley/8009
Maison Moseley,2020-21,Blocks,1,02/25/21,Kansas Wesleyan,https://macbulldogs.com/sports/womens-basketball/roster/maison-moseley/8009
Maison Moseley,2020-21,Steals,4,02/06/21,Bethel (Kan.),https://macbulldogs.com/sports/womens-basketball/roster/maison-moseley/8009
Maison Moseley,2021-22,Points,20,11/29/21,Bethel,https://macbulldogs.com/sports/womens-basketball/roster/maison-moseley/8009
Maison Moseley,2021-22,Minutes,30,01/05/22,at Southwestern,https://macbulldogs.com/sports/womens-basketball/roster/maison-moseley/8009
Maison Moseley,2021-22,Field Goals Made,8,02/12/22,Southwestern,https://macbulldogs.com/sports/womens-basketball/roster/maison-moseley/8009
Maison Moseley,2021-22,Field Goal Attempts,15,02/12/22,Southwestern,https://macbulldogs.com/sports/womens-basketball/roster/maison-moseley/8009
Maison Moseley,2021-22,3-Point Field Goals Made,2,02/21/22,Bethel,https://macbulldogs.com/sports/womens-basketball/roster/maison-moseley/8009
Maison Moseley,2021-22,3-Point Field Goal Attempts,6,12/02/21,at Friends,https://macbulldogs.com/sports/womens-basketball/roster/maison-moseley/8009
Maison Moseley,2021-22,Free Throws Made,8,11/23/21,Avila,https://macbulldogs.com/sports/womens-basketball/roster/maison-moseley/8009
Maison Moseley,2021-22,Free Throw Attempts,10,11/23/21,Avila,https://macbulldogs.com/sports/womens-basketball/roster/maison-moseley/8009
Maison Moseley,2021-22,Rebounds,6,11/27/21,at Bethany,https://macbulldogs.com/sports/womens-basketball/roster/maison-moseley/8009
Maison Moseley,2021-22,Assists,5,11/23/21,Avila,https://macbulldogs.com/sports/womens-basketball/roster/maison-moseley/8009
Maison Moseley,2021-22,Blocks,1,02/21/22,Bethel,https://macbulldogs.com/sports/womens-basketball/roster/maison-moseley/8009
Maison Moseley,2021-22,Steals,4,01/10/22,Tabor,https://macbulldogs.com/sports/womens-basketball/roster/maison-moseley/8009
Maizen Gillam,2025 - 26,Points,29,01/31/26,Ottawa University,https://macbulldogs.com/sports/womens-basketball/roster/maizen-gillam/10878
Maizen Gillam,2025 - 26,Minutes,37,01/31/26,Ottawa University,https://macbulldogs.com/sports/womens-basketball/roster/maizen-gillam/10878
Maizen Gillam,2025 - 26,Field Goals Made,10,02/18/26,Sterling College,https://macbulldogs.com/sports/womens-basketball/roster/maizen-gillam/10878
Maizen Gillam,2025 - 26,Field Goal Attempts,21,02/11/26,at York (NE),https://macbulldogs.com/sports/womens-basketball/roster/maizen-gillam/10878
Maizen Gillam,2025 - 26,3-Point Field Goals Made,8,01/31/26,Ottawa University,https://macbulldogs.com/sports/womens-basketball/roster/maizen-gillam/10878
Maizen Gillam,2025 - 26,3-Point Field Goal Attempts,16,11/22/25,at Ottawa University,https://macbulldogs.com/sports/womens-basketball/roster/maizen-gillam/10878
Maizen Gillam,2025 - 26,Free Throws Made,8,12/10/25,at Bethany (KS),https://macbulldogs.com/sports/womens-basketball/roster/maizen-gillam/10878
Maizen Gillam,2025 - 26,Free Throw Attempts,9,12/10/25,at Bethany (KS),https://macbulldogs.com/sports/womens-basketball/roster/maizen-gillam/10878
Maizen Gillam,2025 - 26,Rebounds,8,01/03/26,at Evangel,https://macbulldogs.com/sports/womens-basketball/roster/maizen-gillam/10878
Maizen Gillam,2025 - 26,Assists,5,01/31/26,Ottawa University,https://macbulldogs.com/sports/womens-basketball/roster/maizen-gillam/10878
Maizen Gillam,2025 - 26,Blocks,1,11/08/25,at Neb. Wesleyan,https://macbulldogs.com/sports/womens-basketball/roster/maizen-gillam/10878
Maizen Gillam,2025 - 26,Steals,3,02/18/26,Sterling College,https://macbulldogs.com/sports/womens-basketball/roster/maizen-gillam/10878
Maressah Milum,2016-17,Points,14,12/10/16,Friends (Kan.),https://macbulldogs.com/sports/womens-basketball/roster/maressah-milum/3148
Maressah Milum,2016-17,Minutes,25,10/31/16,at Randall (Okla.),https://macbulldogs.com/sports/womens-basketball/roster/maressah-milum/3148
Maressah Milum,2016-17,Field Goals Made,6,12/10/16,Friends (Kan.),https://macbulldogs.com/sports/womens-basketball/roster/maressah-milum/3148
Maressah Milum,2016-17,Field Goal Attempts,13,12/10/16,Friends (Kan.),https://macbulldogs.com/sports/womens-basketball/roster/maressah-milum/3148
Maressah Milum,2016-17,3-Point Field Goals Made,0,12/15/16,at Southwestern Christian (O,https://macbulldogs.com/sports/womens-basketball/roster/maressah-milum/3148
Maressah Milum,2016-17,3-Point Field Goal Attempts,0,12/15/16,at Southwestern Christian (O,https://macbulldogs.com/sports/womens-basketball/roster/maressah-milum/3148
Maressah Milum,2016-17,Free Throws Made,6,12/15/16,at Southwestern Christian (O,https://macbulldogs.com/sports/womens-basketball/roster/maressah-milum/3148
Maressah Milum,2016-17,Free Throw Attempts,6,12/15/16,at Southwestern Christian (O,https://macbulldogs.com/sports/womens-basketball/roster/maressah-milum/3148
Maressah Milum,2016-17,Rebounds,9,10/31/16,at Randall (Okla.),https://macbulldogs.com/sports/womens-basketball/roster/maressah-milum/3148
Maressah Milum,2016-17,Assists,5,10/31/16,at Randall (Okla.),https://macbulldogs.com/sports/womens-basketball/roster/maressah-milum/3148
Maressah Milum,2016-17,Blocks,1,11/19/16,at Kansas Wesleyan,https://macbulldogs.com/sports/womens-basketball/roster/maressah-milum/3148
Maressah Milum,2016-17,Steals,2,12/01/16,at Bethel (Kan.),https://macbulldogs.com/sports/womens-basketball/roster/maressah-milum/3148
Maressah Milum,2017-18,Points,11,11/11/17,at Bacone (Okla.),https://macbulldogs.com/sports/womens-basketball/roster/maressah-milum/3148
Maressah Milum,2017-18,Minutes,25,12/09/17,Ottawa (Kan.),https://macbulldogs.com/sports/womens-basketball/roster/maressah-milum/3148
Maressah Milum,2017-18,Field Goals Made,5,11/11/17,at Bacone (Okla.),https://macbulldogs.com/sports/womens-basketball/roster/maressah-milum/3148
Maressah Milum,2017-18,Field Goal Attempts,9,11/11/17,at Bacone (Okla.),https://macbulldogs.com/sports/womens-basketball/roster/maressah-milum/3148
Maressah Milum,2017-18,3-Point Field Goals Made,0,02/21/18,at Friends (Kan.),https://macbulldogs.com/sports/womens-basketball/roster/maressah-milum/3148
Maressah Milum,2017-18,3-Point Field Goal Attempts,1,11/11/17,at Bacone (Okla.),https://macbulldogs.com/sports/womens-basketball/roster/maressah-milum/3148
Maressah Milum,2017-18,Free Throws Made,9,11/08/17,Central Christian (Kan.),https://macbulldogs.com/sports/womens-basketball/roster/maressah-milum/3148
Maressah Milum,2017-18,Free Throw Attempts,10,11/08/17,Central Christian (Kan.),https://macbulldogs.com/sports/womens-basketball/roster/maressah-milum/3148
Maressah Milum,2017-18,Rebounds,8,11/08/17,Central Christian (Kan.),https://macbulldogs.com/sports/womens-basketball/roster/maressah-milum/3148
Maressah Milum,2017-18,Assists,2,12/30/17,vs Doane (Neb.),https://macbulldogs.com/sports/womens-basketball/roster/maressah-milum/3148
Maressah Milum,2017-18,Blocks,2,11/21/17,at Bethany (Kan.),https://macbulldogs.com/sports/womens-basketball/roster/maressah-milum/3148
Maressah Milum,2017-18,Steals,4,11/08/17,Central Christian (Kan.),https://macbulldogs.com/sports/womens-basketball/roster/maressah-milum/3148
Maya Austin,2020-21,Points,16,10/31/20,Barclay,https://macbulldogs.com/sports/womens-basketball/roster/maya-austin/8001
Maya Austin,2020-21,Minutes,19,11/04/20,Avila (Mo.),https://macbulldogs.com/sports/womens-basketball/roster/maya-austin/8001
Maya Austin,2020-21,Field Goals Made,7,10/31/20,Barclay,https://macbulldogs.com/sports/womens-basketball/roster/maya-austin/8001
Maya Austin,2020-21,Field Goal Attempts,14,10/31/20,Barclay,https://macbulldogs.com/sports/womens-basketball/roster/maya-austin/8001
Maya Austin,2020-21,3-Point Field Goals Made,2,01/25/21,Tabor (Kan.),https://macbulldogs.com/sports/womens-basketball/roster/maya-austin/8001
Maya Austin,2020-21,3-Point Field Goal Attempts,8,10/31/20,Barclay,https://macbulldogs.com/sports/womens-basketball/roster/maya-austin/8001
Maya Austin,2020-21,Free Throws Made,3,11/24/20,at Randall,https://macbulldogs.com/sports/womens-basketball/roster/maya-austin/8001
Maya Austin,2020-21,Free Throw Attempts,3,11/24/20,at Randall,https://macbulldogs.com/sports/womens-basketball/roster/maya-austin/8001
Maya Austin,2020-21,Rebounds,3,10/26/20,at Central Christian (Kan.),https://macbulldogs.com/sports/womens-basketball/roster/maya-austin/8001
Maya Austin,2020-21,Assists,2,01/23/21,Kansas Wesleyan,https://macbulldogs.com/sports/womens-basketball/roster/maya-austin/8001
Maya Austin,2020-21,Blocks,1,01/11/21,at Bethel (Kan.),https://macbulldogs.com/sports/womens-basketball/roster/maya-austin/8001
Maya Austin,2020-21,Steals,5,11/04/20,Avila (Mo.),https://macbulldogs.com/sports/womens-basketball/roster/maya-austin/8001
Maya Austin,2020-21,Points,16,10/31/20,Barclay,https://macbulldogs.com/sports/womens-basketball/roster/maya-austin/8711
Maya Austin,2020-21,Minutes,19,11/04/20,Avila (Mo.),https://macbulldogs.com/sports/womens-basketball/roster/maya-austin/8711
Maya Austin,2020-21,Field Goals Made,7,10/31/20,Barclay,https://macbulldogs.com/sports/womens-basketball/roster/maya-austin/8711
Maya Austin,2020-21,Field Goal Attempts,14,10/31/20,Barclay,https://macbulldogs.com/sports/womens-basketball/roster/maya-austin/8711
Maya Austin,2020-21,3-Point Field Goals Made,2,01/25/21,Tabor (Kan.),https://macbulldogs.com/sports/womens-basketball/roster/maya-austin/8711
Maya Austin,2020-21,3-Point Field Goal Attempts,8,10/31/20,Barclay,https://macbulldogs.com/sports/womens-basketball/roster/maya-austin/8711
Maya Austin,2020-21,Free Throws Made,3,11/24/20,at Randall,https://macbulldogs.com/sports/womens-basketball/roster/maya-austin/8711
Maya Austin,2020-21,Free Throw Attempts,3,11/24/20,at Randall,https://macbulldogs.com/sports/womens-basketball/roster/maya-austin/8711
Maya Austin,2020-21,Rebounds,3,10/26/20,at Central Christian (Kan.),https://macbulldogs.com/sports/womens-basketball/roster/maya-austin/8711
Maya Austin,2020-21,Assists,2,01/23/21,Kansas Wesleyan,https://macbulldogs.com/sports/womens-basketball/roster/maya-austin/8711
Maya Austin,2020-21,Blocks,1,01/11/21,at Bethel (Kan.),https://macbulldogs.com/sports/womens-basketball/roster/maya-austin/8711
Maya Austin,2020-21,Steals,5,11/04/20,Avila (Mo.),https://macbulldogs.com/sports/womens-basketball/roster/maya-austin/8711
Mckenzy Gillespie,2023-24,Points,10,11/04/23,Manhattan Christian,https://macbulldogs.com/sports/womens-basketball/roster/mckenzy-gillespie/9956
Mckenzy Gillespie,2023-24,Minutes,12,11/04/23,Manhattan Christian,https://macbulldogs.com/sports/womens-basketball/roster/mckenzy-gillespie/9956
Mckenzy Gillespie,2023-24,Field Goals Made,3,11/04/23,Manhattan Christian,https://macbulldogs.com/sports/womens-basketball/roster/mckenzy-gillespie/9956
Mckenzy Gillespie,2023-24,Field Goal Attempts,4,11/04/23,Manhattan Christian,https://macbulldogs.com/sports/womens-basketball/roster/mckenzy-gillespie/9956
Mckenzy Gillespie,2023-24,3-Point Field Goals Made,2,11/04/23,Manhattan Christian,https://macbulldogs.com/sports/womens-basketball/roster/mckenzy-gillespie/9956
Mckenzy Gillespie,2023-24,3-Point Field Goal Attempts,3,11/04/23,Manhattan Christian,https://macbulldogs.com/sports/womens-basketball/roster/mckenzy-gillespie/9956
Mckenzy Gillespie,2023-24,Free Throws Made,2,11/04/23,Manhattan Christian,https://macbulldogs.com/sports/womens-basketball/roster/mckenzy-gillespie/9956
Mckenzy Gillespie,2023-24,Free Throw Attempts,2,11/04/23,Manhattan Christian,https://macbulldogs.com/sports/womens-basketball/roster/mckenzy-gillespie/9956
Mckenzy Gillespie,2023-24,Rebounds,3,11/04/23,Manhattan Christian,https://macbulldogs.com/sports/womens-basketball/roster/mckenzy-gillespie/9956
Mckenzy Gillespie,2023-24,Assists,2,11/04/23,Manhattan Christian,https://macbulldogs.com/sports/womens-basketball/roster/mckenzy-gillespie/9956
Mckenzy Gillespie,2023-24,Blocks,0,02/17/24,University of Saint Mary,https://macbulldogs.com/sports/womens-basketball/roster/mckenzy-gillespie/9956
Mckenzy Gillespie,2023-24,Steals,1,02/17/24,University of Saint Mary,https://macbulldogs.com/sports/womens-basketball/roster/mckenzy-gillespie/9956
Mckenzy Gillespie,2024-25,Points,3,11/26/24,at Cottey (MO),https://macbulldogs.com/sports/womens-basketball/roster/mckenzy-gillespie/9956
Mckenzy Gillespie,2024-25,Minutes,9,11/10/24,Waldorf University,https://macbulldogs.com/sports/womens-basketball/roster/mckenzy-gillespie/9956
Mckenzy Gillespie,2024-25,Field Goals Made,1,11/26/24,at Cottey (MO),https://macbulldogs.com/sports/womens-basketball/roster/mckenzy-gillespie/9956
Mckenzy Gillespie,2024-25,Field Goal Attempts,4,11/26/24,at Cottey (MO),https://macbulldogs.com/sports/womens-basketball/roster/mckenzy-gillespie/9956
Mckenzy Gillespie,2024-25,3-Point Field Goals Made,1,11/26/24,at Cottey (MO),https://macbulldogs.com/sports/womens-basketball/roster/mckenzy-gillespie/9956
Mckenzy Gillespie,2024-25,3-Point Field Goal Attempts,4,11/26/24,at Cottey (MO),https://macbulldogs.com/sports/womens-basketball/roster/mckenzy-gillespie/9956
Mckenzy Gillespie,2024-25,Free Throws Made,2,11/05/24,at Central Christian (Kan.),https://macbulldogs.com/sports/womens-basketball/roster/mckenzy-gillespie/9956
Mckenzy Gillespie,2024-25,Free Throw Attempts,2,11/05/24,at Central Christian (Kan.),https://macbulldogs.com/sports/womens-basketball/roster/mckenzy-gillespie/9956
Mckenzy Gillespie,2024-25,Rebounds,2,11/05/24,at Central Christian (Kan.),https://macbulldogs.com/sports/womens-basketball/roster/mckenzy-gillespie/9956
Mckenzy Gillespie,2024-25,Assists,1,11/26/24,at Cottey (MO),https://macbulldogs.com/sports/womens-basketball/roster/mckenzy-gillespie/9956
Mckenzy Gillespie,2024-25,Blocks,0,11/26/24,at Cottey (MO),https://macbulldogs.com/sports/womens-basketball/roster/mckenzy-gillespie/9956
Mckenzy Gillespie,2024-25,Steals,0,11/26/24,at Cottey (MO),https://macbulldogs.com/sports/womens-basketball/roster/mckenzy-gillespie/9956
Megan Acklin,2014-15,Points,13,11/14/14,at AIB (Iowa),https://macbulldogs.com/sports/womens-basketball/roster/megan-acklin/2577
Megan Acklin,2014-15,Minutes,26,11/04/14,at Oklahoma Wesleyan,https://macbulldogs.com/sports/womens-basketball/roster/megan-acklin/2577
Megan Acklin,2014-15,Field Goals Made,5,11/14/14,at AIB (Iowa),https://macbulldogs.com/sports/womens-basketball/roster/megan-acklin/2577
Megan Acklin,2014-15,Field Goal Attempts,13,11/21/14,York (Neb.),https://macbulldogs.com/sports/womens-basketball/roster/megan-acklin/2577
Megan Acklin,2014-15,3-Point Field Goals Made,2,02/21/15,Saint Mary (Kan.),https://macbulldogs.com/sports/womens-basketball/roster/megan-acklin/2577
Megan Acklin,2014-15,3-Point Field Goal Attempts,6,02/21/15,Saint Mary (Kan.),https://macbulldogs.com/sports/womens-basketball/roster/megan-acklin/2577
Megan Acklin,2014-15,Free Throws Made,2,01/17/15,at Friends (Kan.),https://macbulldogs.com/sports/womens-basketball/roster/megan-acklin/2577
Megan Acklin,2014-15,Free Throw Attempts,3,01/17/15,at Friends (Kan.),https://macbulldogs.com/sports/womens-basketball/roster/megan-acklin/2577
Megan Acklin,2014-15,Rebounds,8,11/21/14,York (Neb.),https://macbulldogs.com/sports/womens-basketball/roster/megan-acklin/2577
Megan Acklin,2014-15,Assists,6,02/12/15,at Ottawa (Kan.),https://macbulldogs.com/sports/womens-basketball/roster/megan-acklin/2577
Megan Acklin,2014-15,Blocks,3,11/21/14,York (Neb.),https://macbulldogs.com/sports/womens-basketball/roster/megan-acklin/2577
Megan Acklin,2014-15,Steals,1,01/28/15,Bethel (Kan.),https://macbulldogs.com/sports/womens-basketball/roster/megan-acklin/2577
Megan Acklin,2015-16,Points,9,10/31/15,at Haskell (Kan.),https://macbulldogs.com/sports/womens-basketball/roster/megan-acklin/2577
Megan Acklin,2015-16,Minutes,30,12/05/15,Friends (Kan.),https://macbulldogs.com/sports/womens-basketball/roster/megan-acklin/2577
Megan Acklin,2015-16,Field Goals Made,4,10/31/15,at Haskell (Kan.),https://macbulldogs.com/sports/womens-basketball/roster/megan-acklin/2577
Megan Acklin,2015-16,Field Goal Attempts,10,10/29/15,Hillsdale (Okla.),https://macbulldogs.com/sports/womens-basketball/roster/megan-acklin/2577
Megan Acklin,2015-16,3-Point Field Goals Made,2,11/16/15,at St. Gregory's (Okla.),https://macbulldogs.com/sports/womens-basketball/roster/megan-acklin/2577
Megan Acklin,2015-16,3-Point Field Goal Attempts,7,10/29/15,Hillsdale (Okla.),https://macbulldogs.com/sports/womens-basketball/roster/megan-acklin/2577
Megan Acklin,2015-16,Free Throws Made,2,01/07/16,York (Neb.),https://macbulldogs.com/sports/womens-basketball/roster/megan-acklin/2577
Megan Acklin,2015-16,Free Throw Attempts,2,01/07/16,York (Neb.),https://macbulldogs.com/sports/womens-basketball/roster/megan-acklin/2577
Megan Acklin,2015-16,Rebounds,8,12/05/15,Friends (Kan.),https://macbulldogs.com/sports/womens-basketball/roster/megan-acklin/2577
Megan Acklin,2015-16,Assists,3,10/29/15,Hillsdale (Okla.),https://macbulldogs.com/sports/womens-basketball/roster/megan-acklin/2577
Megan Acklin,2015-16,Blocks,1,11/07/15,William Woods (Mo.),https://macbulldogs.com/sports/womens-basketball/roster/megan-acklin/2577
Megan Acklin,2015-16,Steals,2,10/29/15,Hillsdale (Okla.),https://macbulldogs.com/sports/womens-basketball/roster/megan-acklin/2577
Megan James,2014-15,Points,6,02/14/15,at Southwestern (Kan.),https://macbulldogs.com/sports/womens-basketball/roster/megan-james/2581
Megan James,2014-15,Minutes,11,02/14/15,at Southwestern (Kan.),https://macbulldogs.com/sports/womens-basketball/roster/megan-james/2581
Megan James,2014-15,Field Goals Made,2,02/14/15,at Southwestern (Kan.),https://macbulldogs.com/sports/womens-basketball/roster/megan-james/2581
Megan James,2014-15,Field Goal Attempts,4,02/14/15,at Southwestern (Kan.),https://macbulldogs.com/sports/womens-basketball/roster/megan-james/2581
Megan James,2014-15,3-Point Field Goals Made,2,02/14/15,at Southwestern (Kan.),https://macbulldogs.com/sports/womens-basketball/roster/megan-james/2581
Megan James,2014-15,3-Point Field Goal Attempts,3,02/14/15,at Southwestern (Kan.),https://macbulldogs.com/sports/womens-basketball/roster/megan-james/2581
Megan James,2014-15,Free Throws Made,3,11/04/14,at Oklahoma Wesleyan,https://macbulldogs.com/sports/womens-basketball/roster/megan-james/2581
Megan James,2014-15,Free Throw Attempts,5,11/04/14,at Oklahoma Wesleyan,https://macbulldogs.com/sports/womens-basketball/roster/megan-james/2581
Megan James,2014-15,Rebounds,4,01/10/15,Ottawa (Kan.),https://macbulldogs.com/sports/womens-basketball/roster/megan-james/2581
Megan James,2014-15,Assists,1,02/14/15,at Southwestern (Kan.),https://macbulldogs.com/sports/womens-basketball/roster/megan-james/2581
Megan James,2014-15,Blocks,1,01/17/15,at Friends (Kan.),https://macbulldogs.com/sports/womens-basketball/roster/megan-james/2581
Megan James,2014-15,Steals,1,02/12/15,at Ottawa (Kan.),https://macbulldogs.com/sports/womens-basketball/roster/megan-james/2581
Megan James,2015-16,Points,4,11/11/15,Central Christian (Kan.),https://macbulldogs.com/sports/womens-basketball/roster/megan-james/2581
Megan James,2015-16,Minutes,11,11/11/15,Central Christian (Kan.),https://macbulldogs.com/sports/womens-basketball/roster/megan-james/2581
Megan James,2015-16,Field Goals Made,1,11/11/15,Central Christian (Kan.),https://macbulldogs.com/sports/womens-basketball/roster/megan-james/2581
Megan James,2015-16,Field Goal Attempts,4,11/11/15,Central Christian (Kan.),https://macbulldogs.com/sports/womens-basketball/roster/megan-james/2581
Megan James,2015-16,3-Point Field Goals Made,0,02/24/16,at Southwestern (Kan.),https://macbulldogs.com/sports/womens-basketball/roster/megan-james/2581
Megan James,2015-16,3-Point Field Goal Attempts,2,10/29/15,Hillsdale (Okla.),https://macbulldogs.com/sports/womens-basketball/roster/megan-james/2581
Megan James,2015-16,Free Throws Made,2,11/11/15,Central Christian (Kan.),https://macbulldogs.com/sports/womens-basketball/roster/megan-james/2581
Megan James,2015-16,Free Throw Attempts,2,11/11/15,Central Christian (Kan.),https://macbulldogs.com/sports/womens-basketball/roster/megan-james/2581
Megan James,2015-16,Rebounds,1,12/12/15,at Tabor (Kan.),https://macbulldogs.com/sports/womens-basketball/roster/megan-james/2581
Megan James,2015-16,Assists,1,12/12/15,at Tabor (Kan.),https://macbulldogs.com/sports/womens-basketball/roster/megan-james/2581
Megan James,2015-16,Blocks,0,02/24/16,at Southwestern (Kan.),https://macbulldogs.com/sports/womens-basketball/roster/megan-james/2581
Megan James,2015-16,Steals,0,02/24/16,at Southwestern (Kan.),https://macbulldogs.com/sports/womens-basketball/roster/megan-james/2581
Melissa Rogers,2023-24,Points,0,11/04/23,Manhattan Christian,https://macbulldogs.com/sports/womens-basketball/roster/melissa-rogers/9957
Melissa Rogers,2023-24,Minutes,9,11/04/23,Manhattan Christian,https://macbulldogs.com/sports/womens-basketball/roster/melissa-rogers/9957
Melissa Rogers,2023-24,Field Goals Made,0,11/04/23,Manhattan Christian,https://macbulldogs.com/sports/womens-basketball/roster/melissa-rogers/9957
Melissa Rogers,2023-24,Field Goal Attempts,5,11/04/23,Manhattan Christian,https://macbulldogs.com/sports/womens-basketball/roster/melissa-rogers/9957
Melissa Rogers,2023-24,3-Point Field Goals Made,0,11/04/23,Manhattan Christian,https://macbulldogs.com/sports/womens-basketball/roster/melissa-rogers/9957
Melissa Rogers,2023-24,3-Point Field Goal Attempts,4,11/04/23,Manhattan Christian,https://macbulldogs.com/sports/womens-basketball/roster/melissa-rogers/9957
Melissa Rogers,2023-24,Free Throws Made,0,11/04/23,Manhattan Christian,https://macbulldogs.com/sports/womens-basketball/roster/melissa-rogers/9957
Melissa Rogers,2023-24,Free Throw Attempts,0,11/04/23,Manhattan Christian,https://macbulldogs.com/sports/womens-basketball/roster/melissa-rogers/9957
Melissa Rogers,2023-24,Rebounds,1,11/04/23,Manhattan Christian,https://macbulldogs.com/sports/womens-basketball/roster/melissa-rogers/9957
Melissa Rogers,2023-24,Assists,1,11/04/23,Manhattan Christian,https://macbulldogs.com/sports/womens-basketball/roster/melissa-rogers/9957
Melissa Rogers,2023-24,Blocks,0,11/04/23,Manhattan Christian,https://macbulldogs.com/sports/womens-basketball/roster/melissa-rogers/9957
Melissa Rogers,2023-24,Steals,0,11/04/23,Manhattan Christian,https://macbulldogs.com/sports/womens-basketball/roster/melissa-rogers/9957
Melissa Rogers,2024-25,Points,0,02/22/25,at Oklahoma Wesleyan,https://macbulldogs.com/sports/womens-basketball/roster/melissa-rogers/9957
Melissa Rogers,2024-25,Minutes,2,02/05/25,at Bethany (KS),https://macbulldogs.com/sports/womens-basketball/roster/melissa-rogers/9957
Melissa Rogers,2024-25,Field Goals Made,0,02/22/25,at Oklahoma Wesleyan,https://macbulldogs.com/sports/womens-basketball/roster/melissa-rogers/9957
Melissa Rogers,2024-25,Field Goal Attempts,0,02/22/25,at Oklahoma Wesleyan,https://macbulldogs.com/sports/womens-basketball/roster/melissa-rogers/9957
Melissa Rogers,2024-25,3-Point Field Goals Made,0,02/22/25,at Oklahoma Wesleyan,https://macbulldogs.com/sports/womens-basketball/roster/melissa-rogers/9957
Melissa Rogers,2024-25,3-Point Field Goal Attempts,0,02/22/25,at Oklahoma Wesleyan,https://macbulldogs.com/sports/womens-basketball/roster/melissa-rogers/9957
Melissa Rogers,2024-25,Free Throws Made,0,02/22/25,at Oklahoma Wesleyan,https://macbulldogs.com/sports/womens-basketball/roster/melissa-rogers/9957
Melissa Rogers,2024-25,Free Throw Attempts,0,02/22/25,at Oklahoma Wesleyan,https://macbulldogs.com/sports/womens-basketball/roster/melissa-rogers/9957
Melissa Rogers,2024-25,Rebounds,0,02/22/25,at Oklahoma Wesleyan,https://macbulldogs.com/sports/womens-basketball/roster/melissa-rogers/9957
Melissa Rogers,2024-25,Assists,0,02/22/25,at Oklahoma Wesleyan,https://macbulldogs.com/sports/womens-basketball/roster/melissa-rogers/9957
Melissa Rogers,2024-25,Blocks,0,02/22/25,at Oklahoma Wesleyan,https://macbulldogs.com/sports/womens-basketball/roster/melissa-rogers/9957
Melissa Rogers,2024-25,Steals,0,02/22/25,at Oklahoma Wesleyan,https://macbulldogs.com/sports/womens-basketball/roster/melissa-rogers/9957
Mikaela Boyd,2023-24,Points,0,01/06/24,Southwestern College,https://macbulldogs.com/sports/womens-basketball/roster/mikaela-boyd/9958
Mikaela Boyd,2023-24,Minutes,10,01/06/24,Southwestern College,https://macbulldogs.com/sports/womens-basketball/roster/mikaela-boyd/9958
Mikaela Boyd,2023-24,Field Goals Made,0,01/06/24,Southwestern College,https://macbulldogs.com/sports/womens-basketball/roster/mikaela-boyd/9958
Mikaela Boyd,2023-24,Field Goal Attempts,2,01/06/24,Southwestern College,https://macbulldogs.com/sports/womens-basketball/roster/mikaela-boyd/9958
Mikaela Boyd,2023-24,3-Point Field Goals Made,0,01/06/24,Southwestern College,https://macbulldogs.com/sports/womens-basketball/roster/mikaela-boyd/9958
Mikaela Boyd,2023-24,3-Point Field Goal Attempts,0,01/06/24,Southwestern College,https://macbulldogs.com/sports/womens-basketball/roster/mikaela-boyd/9958
Mikaela Boyd,2023-24,Free Throws Made,0,01/06/24,Southwestern College,https://macbulldogs.com/sports/womens-basketball/roster/mikaela-boyd/9958
Mikaela Boyd,2023-24,Free Throw Attempts,0,01/06/24,Southwestern College,https://macbulldogs.com/sports/womens-basketball/roster/mikaela-boyd/9958
Mikaela Boyd,2023-24,Rebounds,1,01/06/24,Southwestern College,https://macbulldogs.com/sports/womens-basketball/roster/mikaela-boyd/9958
Mikaela Boyd,2023-24,Assists,0,01/06/24,Southwestern College,https://macbulldogs.com/sports/womens-basketball/roster/mikaela-boyd/9958
Mikaela Boyd,2023-24,Blocks,0,01/06/24,Southwestern College,https://macbulldogs.com/sports/womens-basketball/roster/mikaela-boyd/9958
Mikaela Boyd,2023-24,Steals,0,01/06/24,Southwestern College,https://macbulldogs.com/sports/womens-basketball/roster/mikaela-boyd/9958
Mikaela Boyd,2024-25,Points,9,01/04/25,Evangel University,https://macbulldogs.com/sports/womens-basketball/roster/mikaela-boyd/9958
Mikaela Boyd,2024-25,Minutes,23,11/20/24,at Kansas Wesleyan,https://macbulldogs.com/sports/womens-basketball/roster/mikaela-boyd/9958
Mikaela Boyd,2024-25,Field Goals Made,4,01/04/25,Evangel University,https://macbulldogs.com/sports/womens-basketball/roster/mikaela-boyd/9958
Mikaela Boyd,2024-25,Field Goal Attempts,7,11/10/24,Waldorf University,https://macbulldogs.com/sports/womens-basketball/roster/mikaela-boyd/9958
Mikaela Boyd,2024-25,3-Point Field Goals Made,1,11/05/24,at Central Christian (Kan.),https://macbulldogs.com/sports/womens-basketball/roster/mikaela-boyd/9958
Mikaela Boyd,2024-25,3-Point Field Goal Attempts,1,01/04/25,Evangel University,https://macbulldogs.com/sports/womens-basketball/roster/mikaela-boyd/9958
Mikaela Boyd,2024-25,Free Throws Made,6,11/20/24,at Kansas Wesleyan,https://macbulldogs.com/sports/womens-basketball/roster/mikaela-boyd/9958
Mikaela Boyd,2024-25,Free Throw Attempts,7,11/17/24,Southwestern College,https://macbulldogs.com/sports/womens-basketball/roster/mikaela-boyd/9958
Mikaela Boyd,2024-25,Rebounds,9,01/04/25,Evangel University,https://macbulldogs.com/sports/womens-basketball/roster/mikaela-boyd/9958
Mikaela Boyd,2024-25,Assists,3,02/08/25,University of Saint Mary,https://macbulldogs.com/sports/womens-basketball/roster/mikaela-boyd/9958
Mikaela Boyd,2024-25,Blocks,1,11/13/24,at John Brown (Ark.),https://macbulldogs.com/sports/womens-basketball/roster/mikaela-boyd/9958
Mikaela Boyd,2024-25,Steals,1,01/22/25,Sterling College,https://macbulldogs.com/sports/womens-basketball/roster/mikaela-boyd/9958
Miranda Gaytan,2020-21,Points,0,02/02/21,at Avila (Mo.),https://macbulldogs.com/sports/womens-basketball/roster/miranda-gaytan/8004
Miranda Gaytan,2020-21,Minutes,5,02/02/21,at Avila (Mo.),https://macbulldogs.com/sports/womens-basketball/roster/miranda-gaytan/8004
Miranda Gaytan,2020-21,Field Goals Made,0,02/02/21,at Avila (Mo.),https://macbulldogs.com/sports/womens-basketball/roster/miranda-gaytan/8004
Miranda Gaytan,2020-21,Field Goal Attempts,0,02/02/21,at Avila (Mo.),https://macbulldogs.com/sports/womens-basketball/roster/miranda-gaytan/8004
Miranda Gaytan,2020-21,3-Point Field Goals Made,0,02/02/21,at Avila (Mo.),https://macbulldogs.com/sports/womens-basketball/roster/miranda-gaytan/8004
Miranda Gaytan,2020-21,3-Point Field Goal Attempts,0,02/02/21,at Avila (Mo.),https://macbulldogs.com/sports/womens-basketball/roster/miranda-gaytan/8004
Miranda Gaytan,2020-21,Free Throws Made,0,02/02/21,at Avila (Mo.),https://macbulldogs.com/sports/womens-basketball/roster/miranda-gaytan/8004
Miranda Gaytan,2020-21,Free Throw Attempts,0,02/02/21,at Avila (Mo.),https://macbulldogs.com/sports/womens-basketball/roster/miranda-gaytan/8004
Miranda Gaytan,2020-21,Rebounds,0,02/02/21,at Avila (Mo.),https://macbulldogs.com/sports/womens-basketball/roster/miranda-gaytan/8004
Miranda Gaytan,2020-21,Assists,0,02/02/21,at Avila (Mo.),https://macbulldogs.com/sports/womens-basketball/roster/miranda-gaytan/8004
Miranda Gaytan,2020-21,Blocks,0,02/02/21,at Avila (Mo.),https://macbulldogs.com/sports/womens-basketball/roster/miranda-gaytan/8004
Miranda Gaytan,2020-21,Steals,1,02/02/21,at Avila (Mo.),https://macbulldogs.com/sports/womens-basketball/roster/miranda-gaytan/8004
Miranda Gaytan,2020-21,Points,0,02/02/21,at Avila (Mo.),https://macbulldogs.com/sports/womens-basketball/roster/miranda-gaytan/8712
Miranda Gaytan,2020-21,Minutes,5,02/02/21,at Avila (Mo.),https://macbulldogs.com/sports/womens-basketball/roster/miranda-gaytan/8712
Miranda Gaytan,2020-21,Field Goals Made,0,02/02/21,at Avila (Mo.),https://macbulldogs.com/sports/womens-basketball/roster/miranda-gaytan/8712
Miranda Gaytan,2020-21,Field Goal Attempts,0,02/02/21,at Avila (Mo.),https://macbulldogs.com/sports/womens-basketball/roster/miranda-gaytan/8712
Miranda Gaytan,2020-21,3-Point Field Goals Made,0,02/02/21,at Avila (Mo.),https://macbulldogs.com/sports/womens-basketball/roster/miranda-gaytan/8712
Miranda Gaytan,2020-21,3-Point Field Goal Attempts,0,02/02/21,at Avila (Mo.),https://macbulldogs.com/sports/womens-basketball/roster/miranda-gaytan/8712
Miranda Gaytan,2020-21,Free Throws Made,0,02/02/21,at Avila (Mo.),https://macbulldogs.com/sports/womens-basketball/roster/miranda-gaytan/8712
Miranda Gaytan,2020-21,Free Throw Attempts,0,02/02/21,at Avila (Mo.),https://macbulldogs.com/sports/womens-basketball/roster/miranda-gaytan/8712
Miranda Gaytan,2020-21,Rebounds,0,02/02/21,at Avila (Mo.),https://macbulldogs.com/sports/womens-basketball/roster/miranda-gaytan/8712
Miranda Gaytan,2020-21,Assists,0,02/02/21,at Avila (Mo.),https://macbulldogs.com/sports/womens-basketball/roster/miranda-gaytan/8712
Miranda Gaytan,2020-21,Blocks,0,02/02/21,at Avila (Mo.),https://macbulldogs.com/sports/womens-basketball/roster/miranda-gaytan/8712
Miranda Gaytan,2020-21,Steals,1,02/02/21,at Avila (Mo.),https://macbulldogs.com/sports/womens-basketball/roster/miranda-gaytan/8712
Molly Schultehenrich,2019-20,Points,5,02/08/20,Bethel (Kan.),https://macbulldogs.com/sports/womens-basketball/roster/molly-schultehenrich/7168
Molly Schultehenrich,2019-20,Minutes,16,01/04/20,Kansas Wesleyan,https://macbulldogs.com/sports/womens-basketball/roster/molly-schultehenrich/7168
Molly Schultehenrich,2019-20,Field Goals Made,2,02/08/20,Bethel (Kan.),https://macbulldogs.com/sports/womens-basketball/roster/molly-schultehenrich/7168
Molly Schultehenrich,2019-20,Field Goal Attempts,3,02/08/20,Bethel (Kan.),https://macbulldogs.com/sports/womens-basketball/roster/molly-schultehenrich/7168
Molly Schultehenrich,2019-20,3-Point Field Goals Made,1,02/22/20,Ottawa (Kan.),https://macbulldogs.com/sports/womens-basketball/roster/molly-schultehenrich/7168
Molly Schultehenrich,2019-20,3-Point Field Goal Attempts,3,01/23/20,at Southwestern (Kan.),https://macbulldogs.com/sports/womens-basketball/roster/molly-schultehenrich/7168
Molly Schultehenrich,2019-20,Free Throws Made,1,02/05/20,at Oklahoma Wesleyan,https://macbulldogs.com/sports/womens-basketball/roster/molly-schultehenrich/7168
Molly Schultehenrich,2019-20,Free Throw Attempts,2,02/05/20,at Oklahoma Wesleyan,https://macbulldogs.com/sports/womens-basketball/roster/molly-schultehenrich/7168
Molly Schultehenrich,2019-20,Rebounds,4,12/05/19,Sterling (Kan.),https://macbulldogs.com/sports/womens-basketball/roster/molly-schultehenrich/7168
Molly Schultehenrich,2019-20,Assists,1,02/19/20,Avila (Mo.),https://macbulldogs.com/sports/womens-basketball/roster/molly-schultehenrich/7168
Molly Schultehenrich,2019-20,Blocks,1,01/08/20,at Avila (Mo.),https://macbulldogs.com/sports/womens-basketball/roster/molly-schultehenrich/7168
Molly Schultehenrich,2019-20,Steals,3,02/19/20,Avila (Mo.),https://macbulldogs.com/sports/womens-basketball/roster/molly-schultehenrich/7168
Molly Schultehenrich,2020-21,Points,9,10/31/20,Barclay,https://macbulldogs.com/sports/womens-basketball/roster/molly-schultehenrich/7168
Molly Schultehenrich,2020-21,Minutes,11,11/10/20,Oklahoma Wesleyan,https://macbulldogs.com/sports/womens-basketball/roster/molly-schultehenrich/7168
Molly Schultehenrich,2020-21,Field Goals Made,3,10/31/20,Barclay,https://macbulldogs.com/sports/womens-basketball/roster/molly-schultehenrich/7168
Molly Schultehenrich,2020-21,Field Goal Attempts,4,10/31/20,Barclay,https://macbulldogs.com/sports/womens-basketball/roster/molly-schultehenrich/7168
Molly Schultehenrich,2020-21,3-Point Field Goals Made,1,11/28/20,York (Neb.),https://macbulldogs.com/sports/womens-basketball/roster/molly-schultehenrich/7168
Molly Schultehenrich,2020-21,3-Point Field Goal Attempts,3,11/28/20,York (Neb.),https://macbulldogs.com/sports/womens-basketball/roster/molly-schultehenrich/7168
Molly Schultehenrich,2020-21,Free Throws Made,2,10/31/20,Barclay,https://macbulldogs.com/sports/womens-basketball/roster/molly-schultehenrich/7168
Molly Schultehenrich,2020-21,Free Throw Attempts,2,10/31/20,Barclay,https://macbulldogs.com/sports/womens-basketball/roster/molly-schultehenrich/7168
Molly Schultehenrich,2020-21,Rebounds,2,10/31/20,Barclay,https://macbulldogs.com/sports/womens-basketball/roster/molly-schultehenrich/7168
Molly Schultehenrich,2020-21,Assists,1,10/31/20,Barclay,https://macbulldogs.com/sports/womens-basketball/roster/molly-schultehenrich/7168
Molly Schultehenrich,2020-21,Blocks,1,11/24/20,at Randall,https://macbulldogs.com/sports/womens-basketball/roster/molly-schultehenrich/7168
Molly Schultehenrich,2020-21,Steals,1,10/31/20,Barclay,https://macbulldogs.com/sports/womens-basketball/roster/molly-schultehenrich/7168
Naomi Smith,2021-22,Points,0,01/27/22,Friends University,https://macbulldogs.com/sports/womens-basketball/roster/naomi-smith/8728
Naomi Smith,2021-22,Minutes,4,11/09/21,Central Christian,https://macbulldogs.com/sports/womens-basketball/roster/naomi-smith/8728
Naomi Smith,2021-22,Field Goals Made,0,01/27/22,Friends University,https://macbulldogs.com/sports/womens-basketball/roster/naomi-smith/8728
Naomi Smith,2021-22,Field Goal Attempts,1,11/09/21,Central Christian,https://macbulldogs.com/sports/womens-basketball/roster/naomi-smith/8728
Naomi Smith,2021-22,3-Point Field Goals Made,0,01/27/22,Friends University,https://macbulldogs.com/sports/womens-basketball/roster/naomi-smith/8728
Naomi Smith,2021-22,3-Point Field Goal Attempts,0,01/27/22,Friends University,https://macbulldogs.com/sports/womens-basketball/roster/naomi-smith/8728
Naomi Smith,2021-22,Free Throws Made,0,01/27/22,Friends University,https://macbulldogs.com/sports/womens-basketball/roster/naomi-smith/8728
Naomi Smith,2021-22,Free Throw Attempts,0,01/27/22,Friends University,https://macbulldogs.com/sports/womens-basketball/roster/naomi-smith/8728
Naomi Smith,2021-22,Rebounds,1,01/27/22,Friends University,https://macbulldogs.com/sports/womens-basketball/roster/naomi-smith/8728
Naomi Smith,2021-22,Assists,1,11/09/21,Central Christian,https://macbulldogs.com/sports/womens-basketball/roster/naomi-smith/8728
Naomi Smith,2021-22,Blocks,0,01/27/22,Friends University,https://macbulldogs.com/sports/womens-basketball/roster/naomi-smith/8728
Naomi Smith,2021-22,Steals,0,01/27/22,Friends University,https://macbulldogs.com/sports/womens-basketball/roster/naomi-smith/8728
Naomi Smith,2022-23,Points,2,11/08/22,at Central Christian,https://macbulldogs.com/sports/womens-basketball/roster/naomi-smith/8728
Naomi Smith,2022-23,Minutes,2,11/08/22,at Central Christian,https://macbulldogs.com/sports/womens-basketball/roster/naomi-smith/8728
Naomi Smith,2022-23,Field Goals Made,1,11/08/22,at Central Christian,https://macbulldogs.com/sports/womens-basketball/roster/naomi-smith/8728
Naomi Smith,2022-23,Field Goal Attempts,3,11/08/22,at Central Christian,https://macbulldogs.com/sports/womens-basketball/roster/naomi-smith/8728
Naomi Smith,2022-23,3-Point Field Goals Made,0,11/08/22,at Central Christian,https://macbulldogs.com/sports/womens-basketball/roster/naomi-smith/8728
Naomi Smith,2022-23,3-Point Field Goal Attempts,0,11/08/22,at Central Christian,https://macbulldogs.com/sports/womens-basketball/roster/naomi-smith/8728
Naomi Smith,2022-23,Free Throws Made,0,11/08/22,at Central Christian,https://macbulldogs.com/sports/womens-basketball/roster/naomi-smith/8728
Naomi Smith,2022-23,Free Throw Attempts,0,11/08/22,at Central Christian,https://macbulldogs.com/sports/womens-basketball/roster/naomi-smith/8728
Naomi Smith,2022-23,Rebounds,0,11/08/22,at Central Christian,https://macbulldogs.com/sports/womens-basketball/roster/naomi-smith/8728
Naomi Smith,2022-23,Assists,0,11/08/22,at Central Christian,https://macbulldogs.com/sports/womens-basketball/roster/naomi-smith/8728
Naomi Smith,2022-23,Blocks,0,11/08/22,at Central Christian,https://macbulldogs.com/sports/womens-basketball/roster/naomi-smith/8728
Naomi Smith,2022-23,Steals,0,11/08/22,at Central Christian,https://macbulldogs.com/sports/womens-basketball/roster/naomi-smith/8728
Natasha Chaney,2010-11,Points,8,02/03/11,Friends University,https://macbulldogs.com/sports/womens-basketball/roster/natasha-chaney/563
Natasha Chaney,2010-11,Minutes,25,02/10/11,at Tabor College,https://macbulldogs.com/sports/womens-basketball/roster/natasha-chaney/563
Natasha Chaney,2010-11,Field Goals Made,4,01/19/11,Sterling College,https://macbulldogs.com/sports/womens-basketball/roster/natasha-chaney/563
Natasha Chaney,2010-11,Field Goal Attempts,9,02/03/11,Friends University,https://macbulldogs.com/sports/womens-basketball/roster/natasha-chaney/563
Natasha Chaney,2010-11,3-Point Field Goals Made,0,02/19/11,at Sterling College,https://macbulldogs.com/sports/womens-basketball/roster/natasha-chaney/563
Natasha Chaney,2010-11,3-Point Field Goal Attempts,1,02/19/11,at Sterling College,https://macbulldogs.com/sports/womens-basketball/roster/natasha-chaney/563
Natasha Chaney,2010-11,Free Throws Made,2,02/03/11,Friends University,https://macbulldogs.com/sports/womens-basketball/roster/natasha-chaney/563
Natasha Chaney,2010-11,Free Throw Attempts,4,02/03/11,Friends University,https://macbulldogs.com/sports/womens-basketball/roster/natasha-chaney/563
Natasha Chaney,2010-11,Rebounds,6,02/17/11,University of St.Mary,https://macbulldogs.com/sports/womens-basketball/roster/natasha-chaney/563
Natasha Chaney,2010-11,Assists,2,02/10/11,at Tabor College,https://macbulldogs.com/sports/womens-basketball/roster/natasha-chaney/563
Natasha Chaney,2010-11,Blocks,1,02/10/11,at Tabor College,https://macbulldogs.com/sports/womens-basketball/roster/natasha-chaney/563
Natasha Chaney,2010-11,Steals,3,01/19/11,Sterling College,https://macbulldogs.com/sports/womens-basketball/roster/natasha-chaney/563
Natasha Chaney,2012-13,Points,2,02/16/13,Bethel College,https://macbulldogs.com/sports/womens-basketball/roster/natasha-chaney/563
Natasha Chaney,2012-13,Minutes,4,01/03/13,Saint Mary (Kan.),https://macbulldogs.com/sports/womens-basketball/roster/natasha-chaney/563
Natasha Chaney,2012-13,Field Goals Made,1,02/16/13,Bethel College,https://macbulldogs.com/sports/womens-basketball/roster/natasha-chaney/563
Natasha Chaney,2012-13,Field Goal Attempts,1,02/16/13,Bethel College,https://macbulldogs.com/sports/womens-basketball/roster/natasha-chaney/563
Natasha Chaney,2012-13,3-Point Field Goals Made,0,02/16/13,Bethel College,https://macbulldogs.com/sports/womens-basketball/roster/natasha-chaney/563
Natasha Chaney,2012-13,3-Point Field Goal Attempts,0,02/16/13,Bethel College,https://macbulldogs.com/sports/womens-basketball/roster/natasha-chaney/563
Natasha Chaney,2012-13,Free Throws Made,0,02/16/13,Bethel College,https://macbulldogs.com/sports/womens-basketball/roster/natasha-chaney/563
Natasha Chaney,2012-13,Free Throw Attempts,0,02/16/13,Bethel College,https://macbulldogs.com/sports/womens-basketball/roster/natasha-chaney/563
Natasha Chaney,2012-13,Rebounds,0,02/16/13,Bethel College,https://macbulldogs.com/sports/womens-basketball/roster/natasha-chaney/563
Natasha Chaney,2012-13,Assists,0,02/16/13,Bethel College,https://macbulldogs.com/sports/womens-basketball/roster/natasha-chaney/563
Natasha Chaney,2012-13,Blocks,1,01/03/13,Saint Mary (Kan.),https://macbulldogs.com/sports/womens-basketball/roster/natasha-chaney/563
Natasha Chaney,2012-13,Steals,2,01/05/13,Friends University,https://macbulldogs.com/sports/womens-basketball/roster/natasha-chaney/563
Natasha Chaney,2010-11,Points,8,02/03/11,Friends University,https://macbulldogs.com/sports/womens-basketball/roster/natasha-chaney/895
Natasha Chaney,2010-11,Minutes,25,02/10/11,at Tabor College,https://macbulldogs.com/sports/womens-basketball/roster/natasha-chaney/895
Natasha Chaney,2010-11,Field Goals Made,4,01/19/11,Sterling College,https://macbulldogs.com/sports/womens-basketball/roster/natasha-chaney/895
Natasha Chaney,2010-11,Field Goal Attempts,9,02/03/11,Friends University,https://macbulldogs.com/sports/womens-basketball/roster/natasha-chaney/895
Natasha Chaney,2010-11,3-Point Field Goals Made,0,02/19/11,at Sterling College,https://macbulldogs.com/sports/womens-basketball/roster/natasha-chaney/895
Natasha Chaney,2010-11,3-Point Field Goal Attempts,1,02/19/11,at Sterling College,https://macbulldogs.com/sports/womens-basketball/roster/natasha-chaney/895
Natasha Chaney,2010-11,Free Throws Made,2,02/03/11,Friends University,https://macbulldogs.com/sports/womens-basketball/roster/natasha-chaney/895
Natasha Chaney,2010-11,Free Throw Attempts,4,02/03/11,Friends University,https://macbulldogs.com/sports/womens-basketball/roster/natasha-chaney/895
Natasha Chaney,2010-11,Rebounds,6,02/17/11,University of St.Mary,https://macbulldogs.com/sports/womens-basketball/roster/natasha-chaney/895
Natasha Chaney,2010-11,Assists,2,02/10/11,at Tabor College,https://macbulldogs.com/sports/womens-basketball/roster/natasha-chaney/895
Natasha Chaney,2010-11,Blocks,1,02/10/11,at Tabor College,https://macbulldogs.com/sports/womens-basketball/roster/natasha-chaney/895
Natasha Chaney,2010-11,Steals,3,01/19/11,Sterling College,https://macbulldogs.com/sports/womens-basketball/roster/natasha-chaney/895
Natasha Chaney,2012-13,Points,2,02/16/13,Bethel College,https://macbulldogs.com/sports/womens-basketball/roster/natasha-chaney/895
Natasha Chaney,2012-13,Minutes,4,01/03/13,Saint Mary (Kan.),https://macbulldogs.com/sports/womens-basketball/roster/natasha-chaney/895
Natasha Chaney,2012-13,Field Goals Made,1,02/16/13,Bethel College,https://macbulldogs.com/sports/womens-basketball/roster/natasha-chaney/895
Natasha Chaney,2012-13,Field Goal Attempts,1,02/16/13,Bethel College,https://macbulldogs.com/sports/womens-basketball/roster/natasha-chaney/895
Natasha Chaney,2012-13,3-Point Field Goals Made,0,02/16/13,Bethel College,https://macbulldogs.com/sports/womens-basketball/roster/natasha-chaney/895
Natasha Chaney,2012-13,3-Point Field Goal Attempts,0,02/16/13,Bethel College,https://macbulldogs.com/sports/womens-basketball/roster/natasha-chaney/895
Natasha Chaney,2012-13,Free Throws Made,0,02/16/13,Bethel College,https://macbulldogs.com/sports/womens-basketball/roster/natasha-chaney/895
Natasha Chaney,2012-13,Free Throw Attempts,0,02/16/13,Bethel College,https://macbulldogs.com/sports/womens-basketball/roster/natasha-chaney/895
Natasha Chaney,2012-13,Rebounds,0,02/16/13,Bethel College,https://macbulldogs.com/sports/womens-basketball/roster/natasha-chaney/895
Natasha Chaney,2012-13,Assists,0,02/16/13,Bethel College,https://macbulldogs.com/sports/womens-basketball/roster/natasha-chaney/895
Natasha Chaney,2012-13,Blocks,1,01/03/13,Saint Mary (Kan.),https://macbulldogs.com/sports/womens-basketball/roster/natasha-chaney/895
Natasha Chaney,2012-13,Steals,2,01/05/13,Friends University,https://macbulldogs.com/sports/womens-basketball/roster/natasha-chaney/895
Nicole Abunaja,2017-18,Points,11,11/08/17,Central Christian (Kan.),https://macbulldogs.com/sports/womens-basketball/roster/nicole-abunaja/4106
Nicole Abunaja,2017-18,Minutes,22,10/30/17,Randall University,https://macbulldogs.com/sports/womens-basketball/roster/nicole-abunaja/4106
Nicole Abunaja,2017-18,Field Goals Made,4,11/08/17,Central Christian (Kan.),https://macbulldogs.com/sports/womens-basketball/roster/nicole-abunaja/4106
Nicole Abunaja,2017-18,Field Goal Attempts,9,10/30/17,Randall University,https://macbulldogs.com/sports/womens-basketball/roster/nicole-abunaja/4106
Nicole Abunaja,2017-18,3-Point Field Goals Made,3,11/29/17,Southwestern (Kan.),https://macbulldogs.com/sports/womens-basketball/roster/nicole-abunaja/4106
Nicole Abunaja,2017-18,3-Point Field Goal Attempts,9,10/30/17,Randall University,https://macbulldogs.com/sports/womens-basketball/roster/nicole-abunaja/4106
Nicole Abunaja,2017-18,Free Throws Made,0,01/24/18,at Southwestern (Kan.),https://macbulldogs.com/sports/womens-basketball/roster/nicole-abunaja/4106
Nicole Abunaja,2017-18,Free Throw Attempts,3,12/12/17,York (Neb.),https://macbulldogs.com/sports/womens-basketball/roster/nicole-abunaja/4106
Nicole Abunaja,2017-18,Rebounds,2,11/29/17,Southwestern (Kan.),https://macbulldogs.com/sports/womens-basketball/roster/nicole-abunaja/4106
Nicole Abunaja,2017-18,Assists,2,10/30/17,Randall University,https://macbulldogs.com/sports/womens-basketball/roster/nicole-abunaja/4106
Nicole Abunaja,2017-18,Blocks,0,01/24/18,at Southwestern (Kan.),https://macbulldogs.com/sports/womens-basketball/roster/nicole-abunaja/4106
Nicole Abunaja,2017-18,Steals,1,01/03/18,at Kansas Wesleyan,https://macbulldogs.com/sports/womens-basketball/roster/nicole-abunaja/4106
Nicole Abunaja,2018-19,Points,0,02/09/19,Ottawa (Kan.),https://macbulldogs.com/sports/womens-basketball/roster/nicole-abunaja/4106
Nicole Abunaja,2018-19,Minutes,5,12/05/18,York (Neb.),https://macbulldogs.com/sports/womens-basketball/roster/nicole-abunaja/4106
Nicole Abunaja,2018-19,Field Goals Made,0,02/09/19,Ottawa (Kan.),https://macbulldogs.com/sports/womens-basketball/roster/nicole-abunaja/4106
Nicole Abunaja,2018-19,Field Goal Attempts,2,02/09/19,Ottawa (Kan.),https://macbulldogs.com/sports/womens-basketball/roster/nicole-abunaja/4106
Nicole Abunaja,2018-19,3-Point Field Goals Made,0,02/09/19,Ottawa (Kan.),https://macbulldogs.com/sports/womens-basketball/roster/nicole-abunaja/4106
Nicole Abunaja,2018-19,3-Point Field Goal Attempts,1,02/09/19,Ottawa (Kan.),https://macbulldogs.com/sports/womens-basketball/roster/nicole-abunaja/4106
Nicole Abunaja,2018-19,Free Throws Made,0,02/09/19,Ottawa (Kan.),https://macbulldogs.com/sports/womens-basketball/roster/nicole-abunaja/4106
Nicole Abunaja,2018-19,Free Throw Attempts,0,02/09/19,Ottawa (Kan.),https://macbulldogs.com/sports/womens-basketball/roster/nicole-abunaja/4106
Nicole Abunaja,2018-19,Rebounds,0,02/09/19,Ottawa (Kan.),https://macbulldogs.com/sports/womens-basketball/roster/nicole-abunaja/4106
Nicole Abunaja,2018-19,Assists,1,11/26/18,at Kansas Wesleyan,https://macbulldogs.com/sports/womens-basketball/roster/nicole-abunaja/4106
Nicole Abunaja,2018-19,Blocks,0,02/09/19,Ottawa (Kan.),https://macbulldogs.com/sports/womens-basketball/roster/nicole-abunaja/4106
Nicole Abunaja,2018-19,Steals,1,01/16/19,at Tabor,https://macbulldogs.com/sports/womens-basketball/roster/nicole-abunaja/4106
Nicole Abunaja,2019-20,Points,7,11/26/19,at York (Neb.),https://macbulldogs.com/sports/womens-basketball/roster/nicole-abunaja/4106
Nicole Abunaja,2019-20,Minutes,13,11/20/19,at Friends,https://macbulldogs.com/sports/womens-basketball/roster/nicole-abunaja/4106
Nicole Abunaja,2019-20,Field Goals Made,3,11/26/19,at York (Neb.),https://macbulldogs.com/sports/womens-basketball/roster/nicole-abunaja/4106
Nicole Abunaja,2019-20,Field Goal Attempts,5,10/25/19,Kansas Christian College,https://macbulldogs.com/sports/womens-basketball/roster/nicole-abunaja/4106
Nicole Abunaja,2019-20,3-Point Field Goals Made,1,11/26/19,at York (Neb.),https://macbulldogs.com/sports/womens-basketball/roster/nicole-abunaja/4106
Nicole Abunaja,2019-20,3-Point Field Goal Attempts,2,11/23/19,Southwestern (Kan.),https://macbulldogs.com/sports/womens-basketball/roster/nicole-abunaja/4106
Nicole Abunaja,2019-20,Free Throws Made,2,01/25/20,York (Neb.),https://macbulldogs.com/sports/womens-basketball/roster/nicole-abunaja/4106
Nicole Abunaja,2019-20,Free Throw Attempts,2,01/25/20,York (Neb.),https://macbulldogs.com/sports/womens-basketball/roster/nicole-abunaja/4106
Nicole Abunaja,2019-20,Rebounds,3,11/20/19,at Friends,https://macbulldogs.com/sports/womens-basketball/roster/nicole-abunaja/4106
Nicole Abunaja,2019-20,Assists,1,01/15/20,Bethany (Kan.),https://macbulldogs.com/sports/womens-basketball/roster/nicole-abunaja/4106
Nicole Abunaja,2019-20,Blocks,1,02/08/20,Bethel (Kan.),https://macbulldogs.com/sports/womens-basketball/roster/nicole-abunaja/4106
Nicole Abunaja,2019-20,Steals,3,10/25/19,Kansas Christian College,https://macbulldogs.com/sports/womens-basketball/roster/nicole-abunaja/4106
Nicole Abunaja,2017-18,Points,11,11/08/17,Central Christian (Kan.),https://macbulldogs.com/sports/womens-basketball/roster/nicole-abunaja/5476
Nicole Abunaja,2017-18,Minutes,22,10/30/17,Randall University,https://macbulldogs.com/sports/womens-basketball/roster/nicole-abunaja/5476
Nicole Abunaja,2017-18,Field Goals Made,4,11/08/17,Central Christian (Kan.),https://macbulldogs.com/sports/womens-basketball/roster/nicole-abunaja/5476
Nicole Abunaja,2017-18,Field Goal Attempts,9,10/30/17,Randall University,https://macbulldogs.com/sports/womens-basketball/roster/nicole-abunaja/5476
Nicole Abunaja,2017-18,3-Point Field Goals Made,3,11/29/17,Southwestern (Kan.),https://macbulldogs.com/sports/womens-basketball/roster/nicole-abunaja/5476
Nicole Abunaja,2017-18,3-Point Field Goal Attempts,9,10/30/17,Randall University,https://macbulldogs.com/sports/womens-basketball/roster/nicole-abunaja/5476
Nicole Abunaja,2017-18,Free Throws Made,0,01/24/18,at Southwestern (Kan.),https://macbulldogs.com/sports/womens-basketball/roster/nicole-abunaja/5476
Nicole Abunaja,2017-18,Free Throw Attempts,3,12/12/17,York (Neb.),https://macbulldogs.com/sports/womens-basketball/roster/nicole-abunaja/5476
Nicole Abunaja,2017-18,Rebounds,2,11/29/17,Southwestern (Kan.),https://macbulldogs.com/sports/womens-basketball/roster/nicole-abunaja/5476
Nicole Abunaja,2017-18,Assists,2,10/30/17,Randall University,https://macbulldogs.com/sports/womens-basketball/roster/nicole-abunaja/5476
Nicole Abunaja,2017-18,Blocks,0,01/24/18,at Southwestern (Kan.),https://macbulldogs.com/sports/womens-basketball/roster/nicole-abunaja/5476
Nicole Abunaja,2017-18,Steals,1,01/03/18,at Kansas Wesleyan,https://macbulldogs.com/sports/womens-basketball/roster/nicole-abunaja/5476
Nicole Abunaja,2018-19,Points,0,02/09/19,Ottawa (Kan.),https://macbulldogs.com/sports/womens-basketball/roster/nicole-abunaja/5476
Nicole Abunaja,2018-19,Minutes,5,12/05/18,York (Neb.),https://macbulldogs.com/sports/womens-basketball/roster/nicole-abunaja/5476
Nicole Abunaja,2018-19,Field Goals Made,0,02/09/19,Ottawa (Kan.),https://macbulldogs.com/sports/womens-basketball/roster/nicole-abunaja/5476
Nicole Abunaja,2018-19,Field Goal Attempts,2,02/09/19,Ottawa (Kan.),https://macbulldogs.com/sports/womens-basketball/roster/nicole-abunaja/5476
Nicole Abunaja,2018-19,3-Point Field Goals Made,0,02/09/19,Ottawa (Kan.),https://macbulldogs.com/sports/womens-basketball/roster/nicole-abunaja/5476
Nicole Abunaja,2018-19,3-Point Field Goal Attempts,1,02/09/19,Ottawa (Kan.),https://macbulldogs.com/sports/womens-basketball/roster/nicole-abunaja/5476
Nicole Abunaja,2018-19,Free Throws Made,0,02/09/19,Ottawa (Kan.),https://macbulldogs.com/sports/womens-basketball/roster/nicole-abunaja/5476
Nicole Abunaja,2018-19,Free Throw Attempts,0,02/09/19,Ottawa (Kan.),https://macbulldogs.com/sports/womens-basketball/roster/nicole-abunaja/5476
Nicole Abunaja,2018-19,Rebounds,0,02/09/19,Ottawa (Kan.),https://macbulldogs.com/sports/womens-basketball/roster/nicole-abunaja/5476
Nicole Abunaja,2018-19,Assists,1,11/26/18,at Kansas Wesleyan,https://macbulldogs.com/sports/womens-basketball/roster/nicole-abunaja/5476
Nicole Abunaja,2018-19,Blocks,0,02/09/19,Ottawa (Kan.),https://macbulldogs.com/sports/womens-basketball/roster/nicole-abunaja/5476
Nicole Abunaja,2018-19,Steals,1,01/16/19,at Tabor,https://macbulldogs.com/sports/womens-basketball/roster/nicole-abunaja/5476
Nicole Abunaja,2019-20,Points,7,11/26/19,at York (Neb.),https://macbulldogs.com/sports/womens-basketball/roster/nicole-abunaja/5476
Nicole Abunaja,2019-20,Minutes,13,11/20/19,at Friends,https://macbulldogs.com/sports/womens-basketball/roster/nicole-abunaja/5476
Nicole Abunaja,2019-20,Field Goals Made,3,11/26/19,at York (Neb.),https://macbulldogs.com/sports/womens-basketball/roster/nicole-abunaja/5476
Nicole Abunaja,2019-20,Field Goal Attempts,5,10/25/19,Kansas Christian College,https://macbulldogs.com/sports/womens-basketball/roster/nicole-abunaja/5476
Nicole Abunaja,2019-20,3-Point Field Goals Made,1,11/26/19,at York (Neb.),https://macbulldogs.com/sports/womens-basketball/roster/nicole-abunaja/5476
Nicole Abunaja,2019-20,3-Point Field Goal Attempts,2,11/23/19,Southwestern (Kan.),https://macbulldogs.com/sports/womens-basketball/roster/nicole-abunaja/5476
Nicole Abunaja,2019-20,Free Throws Made,2,01/25/20,York (Neb.),https://macbulldogs.com/sports/womens-basketball/roster/nicole-abunaja/5476
Nicole Abunaja,2019-20,Free Throw Attempts,2,01/25/20,York (Neb.),https://macbulldogs.com/sports/womens-basketball/roster/nicole-abunaja/5476
Nicole Abunaja,2019-20,Rebounds,3,11/20/19,at Friends,https://macbulldogs.com/sports/womens-basketball/roster/nicole-abunaja/5476
Nicole Abunaja,2019-20,Assists,1,01/15/20,Bethany (Kan.),https://macbulldogs.com/sports/womens-basketball/roster/nicole-abunaja/5476
Nicole Abunaja,2019-20,Blocks,1,02/08/20,Bethel (Kan.),https://macbulldogs.com/sports/womens-basketball/roster/nicole-abunaja/5476
Nicole Abunaja,2019-20,Steals,3,10/25/19,Kansas Christian College,https://macbulldogs.com/sports/womens-basketball/roster/nicole-abunaja/5476
Nicole Abunaja,2017-18,Points,11,11/08/17,Central Christian (Kan.),https://macbulldogs.com/sports/womens-basketball/roster/nicole-abunaja/7151
Nicole Abunaja,2017-18,Minutes,22,10/30/17,Randall University,https://macbulldogs.com/sports/womens-basketball/roster/nicole-abunaja/7151
Nicole Abunaja,2017-18,Field Goals Made,4,11/08/17,Central Christian (Kan.),https://macbulldogs.com/sports/womens-basketball/roster/nicole-abunaja/7151
Nicole Abunaja,2017-18,Field Goal Attempts,9,10/30/17,Randall University,https://macbulldogs.com/sports/womens-basketball/roster/nicole-abunaja/7151
Nicole Abunaja,2017-18,3-Point Field Goals Made,3,11/29/17,Southwestern (Kan.),https://macbulldogs.com/sports/womens-basketball/roster/nicole-abunaja/7151
Nicole Abunaja,2017-18,3-Point Field Goal Attempts,9,10/30/17,Randall University,https://macbulldogs.com/sports/womens-basketball/roster/nicole-abunaja/7151
Nicole Abunaja,2017-18,Free Throws Made,0,01/24/18,at Southwestern (Kan.),https://macbulldogs.com/sports/womens-basketball/roster/nicole-abunaja/7151
Nicole Abunaja,2017-18,Free Throw Attempts,3,12/12/17,York (Neb.),https://macbulldogs.com/sports/womens-basketball/roster/nicole-abunaja/7151
Nicole Abunaja,2017-18,Rebounds,2,11/29/17,Southwestern (Kan.),https://macbulldogs.com/sports/womens-basketball/roster/nicole-abunaja/7151
Nicole Abunaja,2017-18,Assists,2,10/30/17,Randall University,https://macbulldogs.com/sports/womens-basketball/roster/nicole-abunaja/7151
Nicole Abunaja,2017-18,Blocks,0,01/24/18,at Southwestern (Kan.),https://macbulldogs.com/sports/womens-basketball/roster/nicole-abunaja/7151
Nicole Abunaja,2017-18,Steals,1,01/03/18,at Kansas Wesleyan,https://macbulldogs.com/sports/womens-basketball/roster/nicole-abunaja/7151
Nicole Abunaja,2018-19,Points,0,02/09/19,Ottawa (Kan.),https://macbulldogs.com/sports/womens-basketball/roster/nicole-abunaja/7151
Nicole Abunaja,2018-19,Minutes,5,12/05/18,York (Neb.),https://macbulldogs.com/sports/womens-basketball/roster/nicole-abunaja/7151
Nicole Abunaja,2018-19,Field Goals Made,0,02/09/19,Ottawa (Kan.),https://macbulldogs.com/sports/womens-basketball/roster/nicole-abunaja/7151
Nicole Abunaja,2018-19,Field Goal Attempts,2,02/09/19,Ottawa (Kan.),https://macbulldogs.com/sports/womens-basketball/roster/nicole-abunaja/7151
Nicole Abunaja,2018-19,3-Point Field Goals Made,0,02/09/19,Ottawa (Kan.),https://macbulldogs.com/sports/womens-basketball/roster/nicole-abunaja/7151
Nicole Abunaja,2018-19,3-Point Field Goal Attempts,1,02/09/19,Ottawa (Kan.),https://macbulldogs.com/sports/womens-basketball/roster/nicole-abunaja/7151
Nicole Abunaja,2018-19,Free Throws Made,0,02/09/19,Ottawa (Kan.),https://macbulldogs.com/sports/womens-basketball/roster/nicole-abunaja/7151
Nicole Abunaja,2018-19,Free Throw Attempts,0,02/09/19,Ottawa (Kan.),https://macbulldogs.com/sports/womens-basketball/roster/nicole-abunaja/7151
Nicole Abunaja,2018-19,Rebounds,0,02/09/19,Ottawa (Kan.),https://macbulldogs.com/sports/womens-basketball/roster/nicole-abunaja/7151
Nicole Abunaja,2018-19,Assists,1,11/26/18,at Kansas Wesleyan,https://macbulldogs.com/sports/womens-basketball/roster/nicole-abunaja/7151
Nicole Abunaja,2018-19,Blocks,0,02/09/19,Ottawa (Kan.),https://macbulldogs.com/sports/womens-basketball/roster/nicole-abunaja/7151
Nicole Abunaja,2018-19,Steals,1,01/16/19,at Tabor,https://macbulldogs.com/sports/womens-basketball/roster/nicole-abunaja/7151
Nicole Abunaja,2019-20,Points,7,11/26/19,at York (Neb.),https://macbulldogs.com/sports/womens-basketball/roster/nicole-abunaja/7151
Nicole Abunaja,2019-20,Minutes,13,11/20/19,at Friends,https://macbulldogs.com/sports/womens-basketball/roster/nicole-abunaja/7151
Nicole Abunaja,2019-20,Field Goals Made,3,11/26/19,at York (Neb.),https://macbulldogs.com/sports/womens-basketball/roster/nicole-abunaja/7151
Nicole Abunaja,2019-20,Field Goal Attempts,5,10/25/19,Kansas Christian College,https://macbulldogs.com/sports/womens-basketball/roster/nicole-abunaja/7151
Nicole Abunaja,2019-20,3-Point Field Goals Made,1,11/26/19,at York (Neb.),https://macbulldogs.com/sports/womens-basketball/roster/nicole-abunaja/7151
Nicole Abunaja,2019-20,3-Point Field Goal Attempts,2,11/23/19,Southwestern (Kan.),https://macbulldogs.com/sports/womens-basketball/roster/nicole-abunaja/7151
Nicole Abunaja,2019-20,Free Throws Made,2,01/25/20,York (Neb.),https://macbulldogs.com/sports/womens-basketball/roster/nicole-abunaja/7151
Nicole Abunaja,2019-20,Free Throw Attempts,2,01/25/20,York (Neb.),https://macbulldogs.com/sports/womens-basketball/roster/nicole-abunaja/7151
Nicole Abunaja,2019-20,Rebounds,3,11/20/19,at Friends,https://macbulldogs.com/sports/womens-basketball/roster/nicole-abunaja/7151
Nicole Abunaja,2019-20,Assists,1,01/15/20,Bethany (Kan.),https://macbulldogs.com/sports/womens-basketball/roster/nicole-abunaja/7151
Nicole Abunaja,2019-20,Blocks,1,02/08/20,Bethel (Kan.),https://macbulldogs.com/sports/womens-basketball/roster/nicole-abunaja/7151
Nicole Abunaja,2019-20,Steals,3,10/25/19,Kansas Christian College,https://macbulldogs.com/sports/womens-basketball/roster/nicole-abunaja/7151
Olivia Bell,2024-25,Points,4,12/04/24,at Tabor,https://macbulldogs.com/sports/womens-basketball/roster/olivia-bell/9962
Olivia Bell,2024-25,Minutes,7,12/04/24,at Tabor,https://macbulldogs.com/sports/womens-basketball/roster/olivia-bell/9962
Olivia Bell,2024-25,Field Goals Made,1,12/04/24,at Tabor,https://macbulldogs.com/sports/womens-basketball/roster/olivia-bell/9962
Olivia Bell,2024-25,Field Goal Attempts,2,12/04/24,at Tabor,https://macbulldogs.com/sports/womens-basketball/roster/olivia-bell/9962
Olivia Bell,2024-25,3-Point Field Goals Made,0,12/04/24,at Tabor,https://macbulldogs.com/sports/womens-basketball/roster/olivia-bell/9962
Olivia Bell,2024-25,3-Point Field Goal Attempts,1,11/20/24,at Kansas Wesleyan,https://macbulldogs.com/sports/womens-basketball/roster/olivia-bell/9962
Olivia Bell,2024-25,Free Throws Made,2,12/04/24,at Tabor,https://macbulldogs.com/sports/womens-basketball/roster/olivia-bell/9962
Olivia Bell,2024-25,Free Throw Attempts,2,12/04/24,at Tabor,https://macbulldogs.com/sports/womens-basketball/roster/olivia-bell/9962
Olivia Bell,2024-25,Rebounds,2,12/04/24,at Tabor,https://macbulldogs.com/sports/womens-basketball/roster/olivia-bell/9962
Olivia Bell,2024-25,Assists,2,11/20/24,at Kansas Wesleyan,https://macbulldogs.com/sports/womens-basketball/roster/olivia-bell/9962
Olivia Bell,2024-25,Blocks,0,12/04/24,at Tabor,https://macbulldogs.com/sports/womens-basketball/roster/olivia-bell/9962
Olivia Bell,2024-25,Steals,0,12/04/24,at Tabor,https://macbulldogs.com/sports/womens-basketball/roster/olivia-bell/9962
Olivia Bell,2025 - 26,Points,23,11/15/25,at Southwestern,https://macbulldogs.com/sports/womens-basketball/roster/olivia-bell/9962
Olivia Bell,2025 - 26,Minutes,36,11/05/25,Central Christian College,https://macbulldogs.com/sports/womens-basketball/roster/olivia-bell/9962
Olivia Bell,2025 - 26,Field Goals Made,9,11/15/25,at Southwestern,https://macbulldogs.com/sports/womens-basketball/roster/olivia-bell/9962
Olivia Bell,2025 - 26,Field Goal Attempts,19,10/28/25,Hesston College,https://macbulldogs.com/sports/womens-basketball/roster/olivia-bell/9962
Olivia Bell,2025 - 26,3-Point Field Goals Made,1,11/22/25,at Ottawa University,https://macbulldogs.com/sports/womens-basketball/roster/olivia-bell/9962
Olivia Bell,2025 - 26,3-Point Field Goal Attempts,4,11/08/25,at Neb. Wesleyan,https://macbulldogs.com/sports/womens-basketball/roster/olivia-bell/9962
Olivia Bell,2025 - 26,Free Throws Made,10,11/05/25,Central Christian College,https://macbulldogs.com/sports/womens-basketball/roster/olivia-bell/9962
Olivia Bell,2025 - 26,Free Throw Attempts,13,11/05/25,Central Christian College,https://macbulldogs.com/sports/womens-basketball/roster/olivia-bell/9962
Olivia Bell,2025 - 26,Rebounds,12,11/05/25,Central Christian College,https://macbulldogs.com/sports/womens-basketball/roster/olivia-bell/9962
Olivia Bell,2025 - 26,Assists,6,11/08/25,at Neb. Wesleyan,https://macbulldogs.com/sports/womens-basketball/roster/olivia-bell/9962
Olivia Bell,2025 - 26,Blocks,1,11/22/25,at Ottawa University,https://macbulldogs.com/sports/womens-basketball/roster/olivia-bell/9962
Olivia Bell,2025 - 26,Steals,3,11/15/25,at Southwestern,https://macbulldogs.com/sports/womens-basketball/roster/olivia-bell/9962
Raeghan Borman,2023-24,Points,8,11/08/23,Central Christian College,https://macbulldogs.com/sports/womens-basketball/roster/raeghan-borman/10871
Raeghan Borman,2023-24,Minutes,17,02/01/24,Friends University,https://macbulldogs.com/sports/womens-basketball/roster/raeghan-borman/10871
Raeghan Borman,2023-24,Field Goals Made,2,02/21/24,at Southwestern (Kan.),https://macbulldogs.com/sports/womens-basketball/roster/raeghan-borman/10871
Raeghan Borman,2023-24,Field Goal Attempts,6,01/10/24,at Tabor,https://macbulldogs.com/sports/womens-basketball/roster/raeghan-borman/10871
Raeghan Borman,2023-24,3-Point Field Goals Made,1,02/14/24,at Ottawa University,https://macbulldogs.com/sports/womens-basketball/roster/raeghan-borman/10871
Raeghan Borman,2023-24,3-Point Field Goal Attempts,3,01/06/24,Southwestern College,https://macbulldogs.com/sports/womens-basketball/roster/raeghan-borman/10871
Raeghan Borman,2023-24,Free Throws Made,5,12/02/23,at Evangel (MO),https://macbulldogs.com/sports/womens-basketball/roster/raeghan-borman/10871
Raeghan Borman,2023-24,Free Throw Attempts,7,12/02/23,at Evangel (MO),https://macbulldogs.com/sports/womens-basketball/roster/raeghan-borman/10871
Raeghan Borman,2023-24,Rebounds,4,02/21/24,at Southwestern (Kan.),https://macbulldogs.com/sports/womens-basketball/roster/raeghan-borman/10871
Raeghan Borman,2023-24,Assists,3,01/17/24,at Avila (MO),https://macbulldogs.com/sports/womens-basketball/roster/raeghan-borman/10871
Raeghan Borman,2023-24,Blocks,2,01/30/24,York University,https://macbulldogs.com/sports/womens-basketball/roster/raeghan-borman/10871
Raeghan Borman,2023-24,Steals,3,02/07/24,Evangel University,https://macbulldogs.com/sports/womens-basketball/roster/raeghan-borman/10871
Raeghan Borman,2024-25,Points,13,02/11/25,York University,https://macbulldogs.com/sports/womens-basketball/roster/raeghan-borman/10871
Raeghan Borman,2024-25,Minutes,28,01/22/25,Sterling College,https://macbulldogs.com/sports/womens-basketball/roster/raeghan-borman/10871
Raeghan Borman,2024-25,Field Goals Made,4,02/11/25,York University,https://macbulldogs.com/sports/womens-basketball/roster/raeghan-borman/10871
Raeghan Borman,2024-25,Field Goal Attempts,11,11/20/24,at Kansas Wesleyan,https://macbulldogs.com/sports/womens-basketball/roster/raeghan-borman/10871
Raeghan Borman,2024-25,3-Point Field Goals Made,1,02/15/25,Friends University,https://macbulldogs.com/sports/womens-basketball/roster/raeghan-borman/10871
Raeghan Borman,2024-25,3-Point Field Goal Attempts,3,02/15/25,Friends University,https://macbulldogs.com/sports/womens-basketball/roster/raeghan-borman/10871
Raeghan Borman,2024-25,Free Throws Made,5,01/04/25,Evangel University,https://macbulldogs.com/sports/womens-basketball/roster/raeghan-borman/10871
Raeghan Borman,2024-25,Free Throw Attempts,9,02/05/25,at Bethany (KS),https://macbulldogs.com/sports/womens-basketball/roster/raeghan-borman/10871
Raeghan Borman,2024-25,Rebounds,7,01/11/25,at Southwestern,https://macbulldogs.com/sports/womens-basketball/roster/raeghan-borman/10871
Raeghan Borman,2024-25,Assists,3,01/22/25,Sterling College,https://macbulldogs.com/sports/womens-basketball/roster/raeghan-borman/10871
Raeghan Borman,2024-25,Blocks,0,02/22/25,at Oklahoma Wesleyan,https://macbulldogs.com/sports/womens-basketball/roster/raeghan-borman/10871
Raeghan Borman,2024-25,Steals,3,01/11/25,at Southwestern,https://macbulldogs.com/sports/womens-basketball/roster/raeghan-borman/10871
Raeghan Borman,2025 - 26,Points,14,11/08/25,at Neb. Wesleyan,https://macbulldogs.com/sports/womens-basketball/roster/raeghan-borman/10871
Raeghan Borman,2025 - 26,Minutes,33,12/06/25,University of Saint Mary,https://macbulldogs.com/sports/womens-basketball/roster/raeghan-borman/10871
Raeghan Borman,2025 - 26,Field Goals Made,6,11/08/25,at Neb. Wesleyan,https://macbulldogs.com/sports/womens-basketball/roster/raeghan-borman/10871
Raeghan Borman,2025 - 26,Field Goal Attempts,13,12/06/25,University of Saint Mary,https://macbulldogs.com/sports/womens-basketball/roster/raeghan-borman/10871
Raeghan Borman,2025 - 26,3-Point Field Goals Made,1,12/10/25,at Bethany (KS),https://macbulldogs.com/sports/womens-basketball/roster/raeghan-borman/10871
Raeghan Borman,2025 - 26,3-Point Field Goal Attempts,3,12/10/25,at Bethany (KS),https://macbulldogs.com/sports/womens-basketball/roster/raeghan-borman/10871
Raeghan Borman,2025 - 26,Free Throws Made,6,12/10/25,at Bethany (KS),https://macbulldogs.com/sports/womens-basketball/roster/raeghan-borman/10871
Raeghan Borman,2025 - 26,Free Throw Attempts,8,11/12/25,Baker University,https://macbulldogs.com/sports/womens-basketball/roster/raeghan-borman/10871
Raeghan Borman,2025 - 26,Rebounds,7,12/13/25,Friends University,https://macbulldogs.com/sports/womens-basketball/roster/raeghan-borman/10871
Raeghan Borman,2025 - 26,Assists,2,12/13/25,Friends University,https://macbulldogs.com/sports/womens-basketball/roster/raeghan-borman/10871
Raeghan Borman,2025 - 26,Blocks,1,12/06/25,University of Saint Mary,https://macbulldogs.com/sports/womens-basketball/roster/raeghan-borman/10871
Raeghan Borman,2025 - 26,Steals,4,12/03/25,Tabor College,https://macbulldogs.com/sports/womens-basketball/roster/raeghan-borman/10871
Raeghan Borman,2023-24,Points,8,11/08/23,Central Christian College,https://macbulldogs.com/sports/womens-basketball/roster/raeghan-borman/9576
Raeghan Borman,2023-24,Minutes,17,02/01/24,Friends University,https://macbulldogs.com/sports/womens-basketball/roster/raeghan-borman/9576
Raeghan Borman,2023-24,Field Goals Made,2,02/21/24,at Southwestern (Kan.),https://macbulldogs.com/sports/womens-basketball/roster/raeghan-borman/9576
Raeghan Borman,2023-24,Field Goal Attempts,6,01/10/24,at Tabor,https://macbulldogs.com/sports/womens-basketball/roster/raeghan-borman/9576
Raeghan Borman,2023-24,3-Point Field Goals Made,1,02/14/24,at Ottawa University,https://macbulldogs.com/sports/womens-basketball/roster/raeghan-borman/9576
Raeghan Borman,2023-24,3-Point Field Goal Attempts,3,01/06/24,Southwestern College,https://macbulldogs.com/sports/womens-basketball/roster/raeghan-borman/9576
Raeghan Borman,2023-24,Free Throws Made,5,12/02/23,at Evangel (MO),https://macbulldogs.com/sports/womens-basketball/roster/raeghan-borman/9576
Raeghan Borman,2023-24,Free Throw Attempts,7,12/02/23,at Evangel (MO),https://macbulldogs.com/sports/womens-basketball/roster/raeghan-borman/9576
Raeghan Borman,2023-24,Rebounds,4,02/21/24,at Southwestern (Kan.),https://macbulldogs.com/sports/womens-basketball/roster/raeghan-borman/9576
Raeghan Borman,2023-24,Assists,3,01/17/24,at Avila (MO),https://macbulldogs.com/sports/womens-basketball/roster/raeghan-borman/9576
Raeghan Borman,2023-24,Blocks,2,01/30/24,York University,https://macbulldogs.com/sports/womens-basketball/roster/raeghan-borman/9576
Raeghan Borman,2023-24,Steals,3,02/07/24,Evangel University,https://macbulldogs.com/sports/womens-basketball/roster/raeghan-borman/9576
Raeghan Borman,2024-25,Points,13,02/11/25,York University,https://macbulldogs.com/sports/womens-basketball/roster/raeghan-borman/9576
Raeghan Borman,2024-25,Minutes,28,01/22/25,Sterling College,https://macbulldogs.com/sports/womens-basketball/roster/raeghan-borman/9576
Raeghan Borman,2024-25,Field Goals Made,4,02/11/25,York University,https://macbulldogs.com/sports/womens-basketball/roster/raeghan-borman/9576
Raeghan Borman,2024-25,Field Goal Attempts,11,11/20/24,at Kansas Wesleyan,https://macbulldogs.com/sports/womens-basketball/roster/raeghan-borman/9576
Raeghan Borman,2024-25,3-Point Field Goals Made,1,02/15/25,Friends University,https://macbulldogs.com/sports/womens-basketball/roster/raeghan-borman/9576
Raeghan Borman,2024-25,3-Point Field Goal Attempts,3,02/15/25,Friends University,https://macbulldogs.com/sports/womens-basketball/roster/raeghan-borman/9576
Raeghan Borman,2024-25,Free Throws Made,5,01/04/25,Evangel University,https://macbulldogs.com/sports/womens-basketball/roster/raeghan-borman/9576
Raeghan Borman,2024-25,Free Throw Attempts,9,02/05/25,at Bethany (KS),https://macbulldogs.com/sports/womens-basketball/roster/raeghan-borman/9576
Raeghan Borman,2024-25,Rebounds,7,01/11/25,at Southwestern,https://macbulldogs.com/sports/womens-basketball/roster/raeghan-borman/9576
Raeghan Borman,2024-25,Assists,3,01/22/25,Sterling College,https://macbulldogs.com/sports/womens-basketball/roster/raeghan-borman/9576
Raeghan Borman,2024-25,Blocks,0,02/22/25,at Oklahoma Wesleyan,https://macbulldogs.com/sports/womens-basketball/roster/raeghan-borman/9576
Raeghan Borman,2024-25,Steals,3,01/11/25,at Southwestern,https://macbulldogs.com/sports/womens-basketball/roster/raeghan-borman/9576
Raeghan Borman,2025 - 26,Points,14,11/08/25,at Neb. Wesleyan,https://macbulldogs.com/sports/womens-basketball/roster/raeghan-borman/9576
Raeghan Borman,2025 - 26,Minutes,33,12/06/25,University of Saint Mary,https://macbulldogs.com/sports/womens-basketball/roster/raeghan-borman/9576
Raeghan Borman,2025 - 26,Field Goals Made,6,11/08/25,at Neb. Wesleyan,https://macbulldogs.com/sports/womens-basketball/roster/raeghan-borman/9576
Raeghan Borman,2025 - 26,Field Goal Attempts,13,12/06/25,University of Saint Mary,https://macbulldogs.com/sports/womens-basketball/roster/raeghan-borman/9576
Raeghan Borman,2025 - 26,3-Point Field Goals Made,1,12/10/25,at Bethany (KS),https://macbulldogs.com/sports/womens-basketball/roster/raeghan-borman/9576
Raeghan Borman,2025 - 26,3-Point Field Goal Attempts,3,12/10/25,at Bethany (KS),https://macbulldogs.com/sports/womens-basketball/roster/raeghan-borman/9576
Raeghan Borman,2025 - 26,Free Throws Made,6,12/10/25,at Bethany (KS),https://macbulldogs.com/sports/womens-basketball/roster/raeghan-borman/9576
Raeghan Borman,2025 - 26,Free Throw Attempts,8,11/12/25,Baker University,https://macbulldogs.com/sports/womens-basketball/roster/raeghan-borman/9576
Raeghan Borman,2025 - 26,Rebounds,7,12/13/25,Friends University,https://macbulldogs.com/sports/womens-basketball/roster/raeghan-borman/9576
Raeghan Borman,2025 - 26,Assists,2,12/13/25,Friends University,https://macbulldogs.com/sports/womens-basketball/roster/raeghan-borman/9576
Raeghan Borman,2025 - 26,Blocks,1,12/06/25,University of Saint Mary,https://macbulldogs.com/sports/womens-basketball/roster/raeghan-borman/9576
Raeghan Borman,2025 - 26,Steals,4,12/03/25,Tabor College,https://macbulldogs.com/sports/womens-basketball/roster/raeghan-borman/9576
Raeghan Borman,2023-24,Points,8,11/08/23,Central Christian College,https://macbulldogs.com/sports/womens-basketball/roster/raeghan-borman/9959
Raeghan Borman,2023-24,Minutes,17,02/01/24,Friends University,https://macbulldogs.com/sports/womens-basketball/roster/raeghan-borman/9959
Raeghan Borman,2023-24,Field Goals Made,2,02/21/24,at Southwestern (Kan.),https://macbulldogs.com/sports/womens-basketball/roster/raeghan-borman/9959
Raeghan Borman,2023-24,Field Goal Attempts,6,01/10/24,at Tabor,https://macbulldogs.com/sports/womens-basketball/roster/raeghan-borman/9959
Raeghan Borman,2023-24,3-Point Field Goals Made,1,02/14/24,at Ottawa University,https://macbulldogs.com/sports/womens-basketball/roster/raeghan-borman/9959
Raeghan Borman,2023-24,3-Point Field Goal Attempts,3,01/06/24,Southwestern College,https://macbulldogs.com/sports/womens-basketball/roster/raeghan-borman/9959
Raeghan Borman,2023-24,Free Throws Made,5,12/02/23,at Evangel (MO),https://macbulldogs.com/sports/womens-basketball/roster/raeghan-borman/9959
Raeghan Borman,2023-24,Free Throw Attempts,7,12/02/23,at Evangel (MO),https://macbulldogs.com/sports/womens-basketball/roster/raeghan-borman/9959
Raeghan Borman,2023-24,Rebounds,4,02/21/24,at Southwestern (Kan.),https://macbulldogs.com/sports/womens-basketball/roster/raeghan-borman/9959
Raeghan Borman,2023-24,Assists,3,01/17/24,at Avila (MO),https://macbulldogs.com/sports/womens-basketball/roster/raeghan-borman/9959
Raeghan Borman,2023-24,Blocks,2,01/30/24,York University,https://macbulldogs.com/sports/womens-basketball/roster/raeghan-borman/9959
Raeghan Borman,2023-24,Steals,3,02/07/24,Evangel University,https://macbulldogs.com/sports/womens-basketball/roster/raeghan-borman/9959
Raeghan Borman,2024-25,Points,13,02/11/25,York University,https://macbulldogs.com/sports/womens-basketball/roster/raeghan-borman/9959
Raeghan Borman,2024-25,Minutes,28,01/22/25,Sterling College,https://macbulldogs.com/sports/womens-basketball/roster/raeghan-borman/9959
Raeghan Borman,2024-25,Field Goals Made,4,02/11/25,York University,https://macbulldogs.com/sports/womens-basketball/roster/raeghan-borman/9959
Raeghan Borman,2024-25,Field Goal Attempts,11,11/20/24,at Kansas Wesleyan,https://macbulldogs.com/sports/womens-basketball/roster/raeghan-borman/9959
Raeghan Borman,2024-25,3-Point Field Goals Made,1,02/15/25,Friends University,https://macbulldogs.com/sports/womens-basketball/roster/raeghan-borman/9959
Raeghan Borman,2024-25,3-Point Field Goal Attempts,3,02/15/25,Friends University,https://macbulldogs.com/sports/womens-basketball/roster/raeghan-borman/9959
Raeghan Borman,2024-25,Free Throws Made,5,01/04/25,Evangel University,https://macbulldogs.com/sports/womens-basketball/roster/raeghan-borman/9959
Raeghan Borman,2024-25,Free Throw Attempts,9,02/05/25,at Bethany (KS),https://macbulldogs.com/sports/womens-basketball/roster/raeghan-borman/9959
Raeghan Borman,2024-25,Rebounds,7,01/11/25,at Southwestern,https://macbulldogs.com/sports/womens-basketball/roster/raeghan-borman/9959
Raeghan Borman,2024-25,Assists,3,01/22/25,Sterling College,https://macbulldogs.com/sports/womens-basketball/roster/raeghan-borman/9959
Raeghan Borman,2024-25,Blocks,0,02/22/25,at Oklahoma Wesleyan,https://macbulldogs.com/sports/womens-basketball/roster/raeghan-borman/9959
Raeghan Borman,2024-25,Steals,3,01/11/25,at Southwestern,https://macbulldogs.com/sports/womens-basketball/roster/raeghan-borman/9959
Raeghan Borman,2025 - 26,Points,14,11/08/25,at Neb. Wesleyan,https://macbulldogs.com/sports/womens-basketball/roster/raeghan-borman/9959
Raeghan Borman,2025 - 26,Minutes,33,12/06/25,University of Saint Mary,https://macbulldogs.com/sports/womens-basketball/roster/raeghan-borman/9959
Raeghan Borman,2025 - 26,Field Goals Made,6,11/08/25,at Neb. Wesleyan,https://macbulldogs.com/sports/womens-basketball/roster/raeghan-borman/9959
Raeghan Borman,2025 - 26,Field Goal Attempts,13,12/06/25,University of Saint Mary,https://macbulldogs.com/sports/womens-basketball/roster/raeghan-borman/9959
Raeghan Borman,2025 - 26,3-Point Field Goals Made,1,12/10/25,at Bethany (KS),https://macbulldogs.com/sports/womens-basketball/roster/raeghan-borman/9959
Raeghan Borman,2025 - 26,3-Point Field Goal Attempts,3,12/10/25,at Bethany (KS),https://macbulldogs.com/sports/womens-basketball/roster/raeghan-borman/9959
Raeghan Borman,2025 - 26,Free Throws Made,6,12/10/25,at Bethany (KS),https://macbulldogs.com/sports/womens-basketball/roster/raeghan-borman/9959
Raeghan Borman,2025 - 26,Free Throw Attempts,8,11/12/25,Baker University,https://macbulldogs.com/sports/womens-basketball/roster/raeghan-borman/9959
Raeghan Borman,2025 - 26,Rebounds,7,12/13/25,Friends University,https://macbulldogs.com/sports/womens-basketball/roster/raeghan-borman/9959
Raeghan Borman,2025 - 26,Assists,2,12/13/25,Friends University,https://macbulldogs.com/sports/womens-basketball/roster/raeghan-borman/9959
Raeghan Borman,2025 - 26,Blocks,1,12/06/25,University of Saint Mary,https://macbulldogs.com/sports/womens-basketball/roster/raeghan-borman/9959
Raeghan Borman,2025 - 26,Steals,4,12/03/25,Tabor College,https://macbulldogs.com/sports/womens-basketball/roster/raeghan-borman/9959
RJ Kuhn,2016-17,Points,12,02/09/17,Saint Mary (Kan.),https://macbulldogs.com/sports/womens-basketball/roster/rj-kuhn/3147
RJ Kuhn,2016-17,Minutes,18,02/18/17,Southwestern (Kan.),https://macbulldogs.com/sports/womens-basketball/roster/rj-kuhn/3147
RJ Kuhn,2016-17,Field Goals Made,4,02/09/17,Saint Mary (Kan.),https://macbulldogs.com/sports/womens-basketball/roster/rj-kuhn/3147
RJ Kuhn,2016-17,Field Goal Attempts,9,02/09/17,Saint Mary (Kan.),https://macbulldogs.com/sports/womens-basketball/roster/rj-kuhn/3147
RJ Kuhn,2016-17,3-Point Field Goals Made,4,02/09/17,Saint Mary (Kan.),https://macbulldogs.com/sports/womens-basketball/roster/rj-kuhn/3147
RJ Kuhn,2016-17,3-Point Field Goal Attempts,8,02/09/17,Saint Mary (Kan.),https://macbulldogs.com/sports/womens-basketball/roster/rj-kuhn/3147
RJ Kuhn,2016-17,Free Throws Made,2,01/07/17,Ottawa (Kan.),https://macbulldogs.com/sports/womens-basketball/roster/rj-kuhn/3147
RJ Kuhn,2016-17,Free Throw Attempts,2,01/07/17,Ottawa (Kan.),https://macbulldogs.com/sports/womens-basketball/roster/rj-kuhn/3147
RJ Kuhn,2016-17,Rebounds,3,01/21/17,at Oklahoma Wesleyan,https://macbulldogs.com/sports/womens-basketball/roster/rj-kuhn/3147
RJ Kuhn,2016-17,Assists,2,02/09/17,Saint Mary (Kan.),https://macbulldogs.com/sports/womens-basketball/roster/rj-kuhn/3147
RJ Kuhn,2016-17,Blocks,0,02/18/17,Southwestern (Kan.),https://macbulldogs.com/sports/womens-basketball/roster/rj-kuhn/3147
RJ Kuhn,2016-17,Steals,2,02/09/17,Saint Mary (Kan.),https://macbulldogs.com/sports/womens-basketball/roster/rj-kuhn/3147
RJ Kuhn,2017-18,Points,5,10/30/17,Randall University,https://macbulldogs.com/sports/womens-basketball/roster/rj-kuhn/3147
RJ Kuhn,2017-18,Minutes,11,11/03/17,Bellevue (Neb.),https://macbulldogs.com/sports/womens-basketball/roster/rj-kuhn/3147
RJ Kuhn,2017-18,Field Goals Made,2,10/30/17,Randall University,https://macbulldogs.com/sports/womens-basketball/roster/rj-kuhn/3147
RJ Kuhn,2017-18,Field Goal Attempts,4,10/30/17,Randall University,https://macbulldogs.com/sports/womens-basketball/roster/rj-kuhn/3147
RJ Kuhn,2017-18,3-Point Field Goals Made,1,11/08/17,Central Christian (Kan.),https://macbulldogs.com/sports/womens-basketball/roster/rj-kuhn/3147
RJ Kuhn,2017-18,3-Point Field Goal Attempts,3,11/03/17,Bellevue (Neb.),https://macbulldogs.com/sports/womens-basketball/roster/rj-kuhn/3147
RJ Kuhn,2017-18,Free Throws Made,2,11/04/17,Haskell (Kan.),https://macbulldogs.com/sports/womens-basketball/roster/rj-kuhn/3147
RJ Kuhn,2017-18,Free Throw Attempts,2,11/08/17,Central Christian (Kan.),https://macbulldogs.com/sports/womens-basketball/roster/rj-kuhn/3147
RJ Kuhn,2017-18,Rebounds,4,11/03/17,Bellevue (Neb.),https://macbulldogs.com/sports/womens-basketball/roster/rj-kuhn/3147
RJ Kuhn,2017-18,Assists,3,10/30/17,Randall University,https://macbulldogs.com/sports/womens-basketball/roster/rj-kuhn/3147
RJ Kuhn,2017-18,Blocks,0,11/08/17,Central Christian (Kan.),https://macbulldogs.com/sports/womens-basketball/roster/rj-kuhn/3147
RJ Kuhn,2017-18,Steals,0,11/08/17,Central Christian (Kan.),https://macbulldogs.com/sports/womens-basketball/roster/rj-kuhn/3147
Scarlet Rodriguez,2018-19,Points,0,02/16/19,Bethel,https://macbulldogs.com/sports/womens-basketball/roster/scarlet-rodriguez/2987
Scarlet Rodriguez,2018-19,Minutes,5,12/05/18,York (Neb.),https://macbulldogs.com/sports/womens-basketball/roster/scarlet-rodriguez/2987
Scarlet Rodriguez,2018-19,Field Goals Made,0,02/16/19,Bethel,https://macbulldogs.com/sports/womens-basketball/roster/scarlet-rodriguez/2987
Scarlet Rodriguez,2018-19,Field Goal Attempts,1,11/03/18,Oklahoma Panhandle State,https://macbulldogs.com/sports/womens-basketball/roster/scarlet-rodriguez/2987
Scarlet Rodriguez,2018-19,3-Point Field Goals Made,0,02/16/19,Bethel,https://macbulldogs.com/sports/womens-basketball/roster/scarlet-rodriguez/2987
Scarlet Rodriguez,2018-19,3-Point Field Goal Attempts,1,11/03/18,Oklahoma Panhandle State,https://macbulldogs.com/sports/womens-basketball/roster/scarlet-rodriguez/2987
Scarlet Rodriguez,2018-19,Free Throws Made,0,02/16/19,Bethel,https://macbulldogs.com/sports/womens-basketball/roster/scarlet-rodriguez/2987
Scarlet Rodriguez,2018-19,Free Throw Attempts,2,12/05/18,York (Neb.),https://macbulldogs.com/sports/womens-basketball/roster/scarlet-rodriguez/2987
Scarlet Rodriguez,2018-19,Rebounds,0,02/16/19,Bethel,https://macbulldogs.com/sports/womens-basketball/roster/scarlet-rodriguez/2987
Scarlet Rodriguez,2018-19,Assists,1,12/05/18,York (Neb.),https://macbulldogs.com/sports/womens-basketball/roster/scarlet-rodriguez/2987
Scarlet Rodriguez,2018-19,Blocks,0,02/16/19,Bethel,https://macbulldogs.com/sports/womens-basketball/roster/scarlet-rodriguez/2987
Scarlet Rodriguez,2018-19,Steals,0,02/16/19,Bethel,https://macbulldogs.com/sports/womens-basketball/roster/scarlet-rodriguez/2987
Scarlet Rodriguez,2018-19,Points,0,02/16/19,Bethel,https://macbulldogs.com/sports/womens-basketball/roster/scarlet-rodriguez/3152
Scarlet Rodriguez,2018-19,Minutes,5,12/05/18,York (Neb.),https://macbulldogs.com/sports/womens-basketball/roster/scarlet-rodriguez/3152
Scarlet Rodriguez,2018-19,Field Goals Made,0,02/16/19,Bethel,https://macbulldogs.com/sports/womens-basketball/roster/scarlet-rodriguez/3152
Scarlet Rodriguez,2018-19,Field Goal Attempts,1,11/03/18,Oklahoma Panhandle State,https://macbulldogs.com/sports/womens-basketball/roster/scarlet-rodriguez/3152
Scarlet Rodriguez,2018-19,3-Point Field Goals Made,0,02/16/19,Bethel,https://macbulldogs.com/sports/womens-basketball/roster/scarlet-rodriguez/3152
Scarlet Rodriguez,2018-19,3-Point Field Goal Attempts,1,11/03/18,Oklahoma Panhandle State,https://macbulldogs.com/sports/womens-basketball/roster/scarlet-rodriguez/3152
Scarlet Rodriguez,2018-19,Free Throws Made,0,02/16/19,Bethel,https://macbulldogs.com/sports/womens-basketball/roster/scarlet-rodriguez/3152
Scarlet Rodriguez,2018-19,Free Throw Attempts,2,12/05/18,York (Neb.),https://macbulldogs.com/sports/womens-basketball/roster/scarlet-rodriguez/3152
Scarlet Rodriguez,2018-19,Rebounds,0,02/16/19,Bethel,https://macbulldogs.com/sports/womens-basketball/roster/scarlet-rodriguez/3152
Scarlet Rodriguez,2018-19,Assists,1,12/05/18,York (Neb.),https://macbulldogs.com/sports/womens-basketball/roster/scarlet-rodriguez/3152
Scarlet Rodriguez,2018-19,Blocks,0,02/16/19,Bethel,https://macbulldogs.com/sports/womens-basketball/roster/scarlet-rodriguez/3152
Scarlet Rodriguez,2018-19,Steals,0,02/16/19,Bethel,https://macbulldogs.com/sports/womens-basketball/roster/scarlet-rodriguez/3152
Scarlet Rodriguez,2018-19,Points,0,02/16/19,Bethel,https://macbulldogs.com/sports/womens-basketball/roster/scarlet-rodriguez/4113
Scarlet Rodriguez,2018-19,Minutes,5,12/05/18,York (Neb.),https://macbulldogs.com/sports/womens-basketball/roster/scarlet-rodriguez/4113
Scarlet Rodriguez,2018-19,Field Goals Made,0,02/16/19,Bethel,https://macbulldogs.com/sports/womens-basketball/roster/scarlet-rodriguez/4113
Scarlet Rodriguez,2018-19,Field Goal Attempts,1,11/03/18,Oklahoma Panhandle State,https://macbulldogs.com/sports/womens-basketball/roster/scarlet-rodriguez/4113
Scarlet Rodriguez,2018-19,3-Point Field Goals Made,0,02/16/19,Bethel,https://macbulldogs.com/sports/womens-basketball/roster/scarlet-rodriguez/4113
Scarlet Rodriguez,2018-19,3-Point Field Goal Attempts,1,11/03/18,Oklahoma Panhandle State,https://macbulldogs.com/sports/womens-basketball/roster/scarlet-rodriguez/4113
Scarlet Rodriguez,2018-19,Free Throws Made,0,02/16/19,Bethel,https://macbulldogs.com/sports/womens-basketball/roster/scarlet-rodriguez/4113
Scarlet Rodriguez,2018-19,Free Throw Attempts,2,12/05/18,York (Neb.),https://macbulldogs.com/sports/womens-basketball/roster/scarlet-rodriguez/4113
Scarlet Rodriguez,2018-19,Rebounds,0,02/16/19,Bethel,https://macbulldogs.com/sports/womens-basketball/roster/scarlet-rodriguez/4113
Scarlet Rodriguez,2018-19,Assists,1,12/05/18,York (Neb.),https://macbulldogs.com/sports/womens-basketball/roster/scarlet-rodriguez/4113
Scarlet Rodriguez,2018-19,Blocks,0,02/16/19,Bethel,https://macbulldogs.com/sports/womens-basketball/roster/scarlet-rodriguez/4113
Scarlet Rodriguez,2018-19,Steals,0,02/16/19,Bethel,https://macbulldogs.com/sports/womens-basketball/roster/scarlet-rodriguez/4113
Sierra Gillespie,2010-11,Points,12,12/11/10,at Friends University,https://macbulldogs.com/sports/womens-basketball/roster/sierra-gillespie/898
Sierra Gillespie,2010-11,Minutes,33,12/09/10,Bethel College,https://macbulldogs.com/sports/womens-basketball/roster/sierra-gillespie/898
Sierra Gillespie,2010-11,Field Goals Made,3,02/12/11,Bethany College,https://macbulldogs.com/sports/womens-basketball/roster/sierra-gillespie/898
Sierra Gillespie,2010-11,Field Goal Attempts,12,12/11/10,at Friends University,https://macbulldogs.com/sports/womens-basketball/roster/sierra-gillespie/898
Sierra Gillespie,2010-11,3-Point Field Goals Made,2,02/12/11,Bethany College,https://macbulldogs.com/sports/womens-basketball/roster/sierra-gillespie/898
Sierra Gillespie,2010-11,3-Point Field Goal Attempts,4,12/11/10,at Friends University,https://macbulldogs.com/sports/womens-basketball/roster/sierra-gillespie/898
Sierra Gillespie,2010-11,Free Throws Made,4,12/11/10,at Friends University,https://macbulldogs.com/sports/womens-basketball/roster/sierra-gillespie/898
Sierra Gillespie,2010-11,Free Throw Attempts,6,12/11/10,at Friends University,https://macbulldogs.com/sports/womens-basketball/roster/sierra-gillespie/898
Sierra Gillespie,2010-11,Rebounds,5,01/06/11,Southwestern College,https://macbulldogs.com/sports/womens-basketball/roster/sierra-gillespie/898
Sierra Gillespie,2010-11,Assists,3,01/27/11,Ottawa University,https://macbulldogs.com/sports/womens-basketball/roster/sierra-gillespie/898
Sierra Gillespie,2010-11,Blocks,0,02/19/11,at Sterling College,https://macbulldogs.com/sports/womens-basketball/roster/sierra-gillespie/898
Sierra Gillespie,2010-11,Steals,3,01/29/11,at Bethel College,https://macbulldogs.com/sports/womens-basketball/roster/sierra-gillespie/898
Sierra Gillespie,2011-12,Points,3,11/15/11,Central Christian (Kan.),https://macbulldogs.com/sports/womens-basketball/roster/sierra-gillespie/898
Sierra Gillespie,2011-12,Minutes,9,11/15/11,Central Christian (Kan.),https://macbulldogs.com/sports/womens-basketball/roster/sierra-gillespie/898
Sierra Gillespie,2011-12,Field Goals Made,1,11/15/11,Central Christian (Kan.),https://macbulldogs.com/sports/womens-basketball/roster/sierra-gillespie/898
Sierra Gillespie,2011-12,Field Goal Attempts,2,01/02/12,York (Neb.),https://macbulldogs.com/sports/womens-basketball/roster/sierra-gillespie/898
Sierra Gillespie,2011-12,3-Point Field Goals Made,0,02/22/12,at Kansas Wesleyan,https://macbulldogs.com/sports/womens-basketball/roster/sierra-gillespie/898
Sierra Gillespie,2011-12,3-Point Field Goal Attempts,1,01/05/12,at Southwestern (Kan.),https://macbulldogs.com/sports/womens-basketball/roster/sierra-gillespie/898
Sierra Gillespie,2011-12,Free Throws Made,1,01/18/12,at Bethany (Kan.),https://macbulldogs.com/sports/womens-basketball/roster/sierra-gillespie/898
Sierra Gillespie,2011-12,Free Throw Attempts,3,11/15/11,Central Christian (Kan.),https://macbulldogs.com/sports/womens-basketball/roster/sierra-gillespie/898
Sierra Gillespie,2011-12,Rebounds,4,11/04/11,vs Arizona Christian,https://macbulldogs.com/sports/womens-basketball/roster/sierra-gillespie/898
Sierra Gillespie,2011-12,Assists,1,01/05/12,at Southwestern (Kan.),https://macbulldogs.com/sports/womens-basketball/roster/sierra-gillespie/898
Sierra Gillespie,2011-12,Blocks,0,02/22/12,at Kansas Wesleyan,https://macbulldogs.com/sports/womens-basketball/roster/sierra-gillespie/898
Sierra Gillespie,2011-12,Steals,1,11/04/11,vs Arizona Christian,https://macbulldogs.com/sports/womens-basketball/roster/sierra-gillespie/898
Skylar Bencsek,2023-24,Points,2,02/14/24,at Ottawa University,https://macbulldogs.com/sports/womens-basketball/roster/skylar-bencsek/9595
Skylar Bencsek,2023-24,Minutes,13,11/04/23,Manhattan Christian,https://macbulldogs.com/sports/womens-basketball/roster/skylar-bencsek/9595
Skylar Bencsek,2023-24,Field Goals Made,1,02/14/24,at Ottawa University,https://macbulldogs.com/sports/womens-basketball/roster/skylar-bencsek/9595
Skylar Bencsek,2023-24,Field Goal Attempts,3,11/04/23,Manhattan Christian,https://macbulldogs.com/sports/womens-basketball/roster/skylar-bencsek/9595
Skylar Bencsek,2023-24,3-Point Field Goals Made,0,02/17/24,University of Saint Mary,https://macbulldogs.com/sports/womens-basketball/roster/skylar-bencsek/9595
Skylar Bencsek,2023-24,3-Point Field Goal Attempts,2,11/04/23,Manhattan Christian,https://macbulldogs.com/sports/womens-basketball/roster/skylar-bencsek/9595
Skylar Bencsek,2023-24,Free Throws Made,2,11/04/23,Manhattan Christian,https://macbulldogs.com/sports/womens-basketball/roster/skylar-bencsek/9595
Skylar Bencsek,2023-24,Free Throw Attempts,3,11/04/23,Manhattan Christian,https://macbulldogs.com/sports/womens-basketball/roster/skylar-bencsek/9595
Skylar Bencsek,2023-24,Rebounds,2,02/01/24,Friends University,https://macbulldogs.com/sports/womens-basketball/roster/skylar-bencsek/9595
Skylar Bencsek,2023-24,Assists,1,02/01/24,Friends University,https://macbulldogs.com/sports/womens-basketball/roster/skylar-bencsek/9595
Skylar Bencsek,2023-24,Blocks,0,02/17/24,University of Saint Mary,https://macbulldogs.com/sports/womens-basketball/roster/skylar-bencsek/9595
Skylar Bencsek,2023-24,Steals,1,02/07/24,Evangel University,https://macbulldogs.com/sports/womens-basketball/roster/skylar-bencsek/9595
Skylar Bencsek,2024-25,Points,0,02/20/25,at Sterling College,https://macbulldogs.com/sports/womens-basketball/roster/skylar-bencsek/9595
Skylar Bencsek,2024-25,Minutes,1,02/20/25,at Sterling College,https://macbulldogs.com/sports/womens-basketball/roster/skylar-bencsek/9595
Skylar Bencsek,2024-25,Field Goals Made,0,02/20/25,at Sterling College,https://macbulldogs.com/sports/womens-basketball/roster/skylar-bencsek/9595
Skylar Bencsek,2024-25,Field Goal Attempts,0,02/20/25,at Sterling College,https://macbulldogs.com/sports/womens-basketball/roster/skylar-bencsek/9595
Skylar Bencsek,2024-25,3-Point Field Goals Made,0,02/20/25,at Sterling College,https://macbulldogs.com/sports/womens-basketball/roster/skylar-bencsek/9595
Skylar Bencsek,2024-25,3-Point Field Goal Attempts,0,02/20/25,at Sterling College,https://macbulldogs.com/sports/womens-basketball/roster/skylar-bencsek/9595
Skylar Bencsek,2024-25,Free Throws Made,0,02/20/25,at Sterling College,https://macbulldogs.com/sports/womens-basketball/roster/skylar-bencsek/9595
Skylar Bencsek,2024-25,Free Throw Attempts,0,02/20/25,at Sterling College,https://macbulldogs.com/sports/womens-basketball/roster/skylar-bencsek/9595
Skylar Bencsek,2024-25,Rebounds,0,02/20/25,at Sterling College,https://macbulldogs.com/sports/womens-basketball/roster/skylar-bencsek/9595
Skylar Bencsek,2024-25,Assists,0,02/20/25,at Sterling College,https://macbulldogs.com/sports/womens-basketball/roster/skylar-bencsek/9595
Skylar Bencsek,2024-25,Blocks,0,02/20/25,at Sterling College,https://macbulldogs.com/sports/womens-basketball/roster/skylar-bencsek/9595
Skylar Bencsek,2024-25,Steals,0,02/20/25,at Sterling College,https://macbulldogs.com/sports/womens-basketball/roster/skylar-bencsek/9595
Skylar Bencsek,2025 - 26,Points,12,01/10/26,Southwestern College,https://macbulldogs.com/sports/womens-basketball/roster/skylar-bencsek/9595
Skylar Bencsek,2025 - 26,Minutes,29,01/03/26,at Evangel,https://macbulldogs.com/sports/womens-basketball/roster/skylar-bencsek/9595
Skylar Bencsek,2025 - 26,Field Goals Made,4,01/10/26,Southwestern College,https://macbulldogs.com/sports/womens-basketball/roster/skylar-bencsek/9595
Skylar Bencsek,2025 - 26,Field Goal Attempts,7,01/10/26,Southwestern College,https://macbulldogs.com/sports/womens-basketball/roster/skylar-bencsek/9595
Skylar Bencsek,2025 - 26,3-Point Field Goals Made,3,01/10/26,Southwestern College,https://macbulldogs.com/sports/womens-basketball/roster/skylar-bencsek/9595
Skylar Bencsek,2025 - 26,3-Point Field Goal Attempts,5,01/10/26,Southwestern College,https://macbulldogs.com/sports/womens-basketball/roster/skylar-bencsek/9595
Skylar Bencsek,2025 - 26,Free Throws Made,2,01/03/26,at Evangel,https://macbulldogs.com/sports/womens-basketball/roster/skylar-bencsek/9595
Skylar Bencsek,2025 - 26,Free Throw Attempts,2,01/10/26,Southwestern College,https://macbulldogs.com/sports/womens-basketball/roster/skylar-bencsek/9595
Skylar Bencsek,2025 - 26,Rebounds,3,01/22/26,at Sterling College,https://macbulldogs.com/sports/womens-basketball/roster/skylar-bencsek/9595
Skylar Bencsek,2025 - 26,Assists,2,01/31/26,Ottawa University,https://macbulldogs.com/sports/womens-basketball/roster/skylar-bencsek/9595
Skylar Bencsek,2025 - 26,Blocks,1,10/31/25,Randall University,https://macbulldogs.com/sports/womens-basketball/roster/skylar-bencsek/9595
Skylar Bencsek,2025 - 26,Steals,1,02/14/26,at Friends,https://macbulldogs.com/sports/womens-basketball/roster/skylar-bencsek/9595
Skylar Bencsek,2023-24,Points,2,02/14/24,at Ottawa University,https://macbulldogs.com/sports/womens-basketball/roster/skylar-bencsek/9960
Skylar Bencsek,2023-24,Minutes,13,11/04/23,Manhattan Christian,https://macbulldogs.com/sports/womens-basketball/roster/skylar-bencsek/9960
Skylar Bencsek,2023-24,Field Goals Made,1,02/14/24,at Ottawa University,https://macbulldogs.com/sports/womens-basketball/roster/skylar-bencsek/9960
Skylar Bencsek,2023-24,Field Goal Attempts,3,11/04/23,Manhattan Christian,https://macbulldogs.com/sports/womens-basketball/roster/skylar-bencsek/9960
Skylar Bencsek,2023-24,3-Point Field Goals Made,0,02/17/24,University of Saint Mary,https://macbulldogs.com/sports/womens-basketball/roster/skylar-bencsek/9960
Skylar Bencsek,2023-24,3-Point Field Goal Attempts,2,11/04/23,Manhattan Christian,https://macbulldogs.com/sports/womens-basketball/roster/skylar-bencsek/9960
Skylar Bencsek,2023-24,Free Throws Made,2,11/04/23,Manhattan Christian,https://macbulldogs.com/sports/womens-basketball/roster/skylar-bencsek/9960
Skylar Bencsek,2023-24,Free Throw Attempts,3,11/04/23,Manhattan Christian,https://macbulldogs.com/sports/womens-basketball/roster/skylar-bencsek/9960
Skylar Bencsek,2023-24,Rebounds,2,02/01/24,Friends University,https://macbulldogs.com/sports/womens-basketball/roster/skylar-bencsek/9960
Skylar Bencsek,2023-24,Assists,1,02/01/24,Friends University,https://macbulldogs.com/sports/womens-basketball/roster/skylar-bencsek/9960
Skylar Bencsek,2023-24,Blocks,0,02/17/24,University of Saint Mary,https://macbulldogs.com/sports/womens-basketball/roster/skylar-bencsek/9960
Skylar Bencsek,2023-24,Steals,1,02/07/24,Evangel University,https://macbulldogs.com/sports/womens-basketball/roster/skylar-bencsek/9960
Skylar Bencsek,2024-25,Points,0,02/20/25,at Sterling College,https://macbulldogs.com/sports/womens-basketball/roster/skylar-bencsek/9960
Skylar Bencsek,2024-25,Minutes,1,02/20/25,at Sterling College,https://macbulldogs.com/sports/womens-basketball/roster/skylar-bencsek/9960
Skylar Bencsek,2024-25,Field Goals Made,0,02/20/25,at Sterling College,https://macbulldogs.com/sports/womens-basketball/roster/skylar-bencsek/9960
Skylar Bencsek,2024-25,Field Goal Attempts,0,02/20/25,at Sterling College,https://macbulldogs.com/sports/womens-basketball/roster/skylar-bencsek/9960
Skylar Bencsek,2024-25,3-Point Field Goals Made,0,02/20/25,at Sterling College,https://macbulldogs.com/sports/womens-basketball/roster/skylar-bencsek/9960
Skylar Bencsek,2024-25,3-Point Field Goal Attempts,0,02/20/25,at Sterling College,https://macbulldogs.com/sports/womens-basketball/roster/skylar-bencsek/9960
Skylar Bencsek,2024-25,Free Throws Made,0,02/20/25,at Sterling College,https://macbulldogs.com/sports/womens-basketball/roster/skylar-bencsek/9960
Skylar Bencsek,2024-25,Free Throw Attempts,0,02/20/25,at Sterling College,https://macbulldogs.com/sports/womens-basketball/roster/skylar-bencsek/9960
Skylar Bencsek,2024-25,Rebounds,0,02/20/25,at Sterling College,https://macbulldogs.com/sports/womens-basketball/roster/skylar-bencsek/9960
Skylar Bencsek,2024-25,Assists,0,02/20/25,at Sterling College,https://macbulldogs.com/sports/womens-basketball/roster/skylar-bencsek/9960
Skylar Bencsek,2024-25,Blocks,0,02/20/25,at Sterling College,https://macbulldogs.com/sports/womens-basketball/roster/skylar-bencsek/9960
Skylar Bencsek,2024-25,Steals,0,02/20/25,at Sterling College,https://macbulldogs.com/sports/womens-basketball/roster/skylar-bencsek/9960
Skylar Bencsek,2025 - 26,Points,12,01/10/26,Southwestern College,https://macbulldogs.com/sports/womens-basketball/roster/skylar-bencsek/9960
Skylar Bencsek,2025 - 26,Minutes,29,01/03/26,at Evangel,https://macbulldogs.com/sports/womens-basketball/roster/skylar-bencsek/9960
Skylar Bencsek,2025 - 26,Field Goals Made,4,01/10/26,Southwestern College,https://macbulldogs.com/sports/womens-basketball/roster/skylar-bencsek/9960
Skylar Bencsek,2025 - 26,Field Goal Attempts,7,01/10/26,Southwestern College,https://macbulldogs.com/sports/womens-basketball/roster/skylar-bencsek/9960
Skylar Bencsek,2025 - 26,3-Point Field Goals Made,3,01/10/26,Southwestern College,https://macbulldogs.com/sports/womens-basketball/roster/skylar-bencsek/9960
Skylar Bencsek,2025 - 26,3-Point Field Goal Attempts,5,01/10/26,Southwestern College,https://macbulldogs.com/sports/womens-basketball/roster/skylar-bencsek/9960
Skylar Bencsek,2025 - 26,Free Throws Made,2,01/03/26,at Evangel,https://macbulldogs.com/sports/womens-basketball/roster/skylar-bencsek/9960
Skylar Bencsek,2025 - 26,Free Throw Attempts,2,01/10/26,Southwestern College,https://macbulldogs.com/sports/womens-basketball/roster/skylar-bencsek/9960
Skylar Bencsek,2025 - 26,Rebounds,3,01/22/26,at Sterling College,https://macbulldogs.com/sports/womens-basketball/roster/skylar-bencsek/9960
Skylar Bencsek,2025 - 26,Assists,2,01/31/26,Ottawa University,https://macbulldogs.com/sports/womens-basketball/roster/skylar-bencsek/9960
Skylar Bencsek,2025 - 26,Blocks,1,10/31/25,Randall University,https://macbulldogs.com/sports/womens-basketball/roster/skylar-bencsek/9960
Skylar Bencsek,2025 - 26,Steals,1,02/14/26,at Friends,https://macbulldogs.com/sports/womens-basketball/roster/skylar-bencsek/9960
Stephanie Ellis,2011-12,Points,0,11/15/11,Central Christian (Kan.),https://macbulldogs.com/sports/womens-basketball/roster/stephanie-ellis/912
Stephanie Ellis,2011-12,Minutes,1,11/15/11,Central Christian (Kan.),https://macbulldogs.com/sports/womens-basketball/roster/stephanie-ellis/912
Stephanie Ellis,2011-12,Field Goals Made,0,11/15/11,Central Christian (Kan.),https://macbulldogs.com/sports/womens-basketball/roster/stephanie-ellis/912
Stephanie Ellis,2011-12,Field Goal Attempts,0,11/15/11,Central Christian (Kan.),https://macbulldogs.com/sports/womens-basketball/roster/stephanie-ellis/912
Stephanie Ellis,2011-12,3-Point Field Goals Made,0,11/15/11,Central Christian (Kan.),https://macbulldogs.com/sports/womens-basketball/roster/stephanie-ellis/912
Stephanie Ellis,2011-12,3-Point Field Goal Attempts,0,11/15/11,Central Christian (Kan.),https://macbulldogs.com/sports/womens-basketball/roster/stephanie-ellis/912
Stephanie Ellis,2011-12,Free Throws Made,0,11/15/11,Central Christian (Kan.),https://macbulldogs.com/sports/womens-basketball/roster/stephanie-ellis/912
Stephanie Ellis,2011-12,Free Throw Attempts,0,11/15/11,Central Christian (Kan.),https://macbulldogs.com/sports/womens-basketball/roster/stephanie-ellis/912
Stephanie Ellis,2011-12,Rebounds,0,11/15/11,Central Christian (Kan.),https://macbulldogs.com/sports/womens-basketball/roster/stephanie-ellis/912
Stephanie Ellis,2011-12,Assists,0,11/15/11,Central Christian (Kan.),https://macbulldogs.com/sports/womens-basketball/roster/stephanie-ellis/912
Stephanie Ellis,2011-12,Blocks,0,11/15/11,Central Christian (Kan.),https://macbulldogs.com/sports/womens-basketball/roster/stephanie-ellis/912
Stephanie Ellis,2011-12,Steals,0,11/15/11,Central Christian (Kan.),https://macbulldogs.com/sports/womens-basketball/roster/stephanie-ellis/912
Stephanie Ellis,2013-14,Points,3,02/06/14,at Friends (Kan.),https://macbulldogs.com/sports/womens-basketball/roster/stephanie-ellis/912
Stephanie Ellis,2013-14,Minutes,13,02/06/14,at Friends (Kan.),https://macbulldogs.com/sports/womens-basketball/roster/stephanie-ellis/912
Stephanie Ellis,2013-14,Field Goals Made,1,02/08/14,Tabor (Kan.),https://macbulldogs.com/sports/womens-basketball/roster/stephanie-ellis/912
Stephanie Ellis,2013-14,Field Goal Attempts,3,02/06/14,at Friends (Kan.),https://macbulldogs.com/sports/womens-basketball/roster/stephanie-ellis/912
Stephanie Ellis,2013-14,3-Point Field Goals Made,1,02/06/14,at Friends (Kan.),https://macbulldogs.com/sports/womens-basketball/roster/stephanie-ellis/912
Stephanie Ellis,2013-14,3-Point Field Goal Attempts,1,02/06/14,at Friends (Kan.),https://macbulldogs.com/sports/womens-basketball/roster/stephanie-ellis/912
Stephanie Ellis,2013-14,Free Throws Made,2,10/29/13,at Haskell (Kan.),https://macbulldogs.com/sports/womens-basketball/roster/stephanie-ellis/912
Stephanie Ellis,2013-14,Free Throw Attempts,2,10/29/13,at Haskell (Kan.),https://macbulldogs.com/sports/womens-basketball/roster/stephanie-ellis/912
Stephanie Ellis,2013-14,Rebounds,3,02/20/14,Bethany (Kan.),https://macbulldogs.com/sports/womens-basketball/roster/stephanie-ellis/912
Stephanie Ellis,2013-14,Assists,0,02/20/14,Bethany (Kan.),https://macbulldogs.com/sports/womens-basketball/roster/stephanie-ellis/912
Stephanie Ellis,2013-14,Blocks,0,02/20/14,Bethany (Kan.),https://macbulldogs.com/sports/womens-basketball/roster/stephanie-ellis/912
Stephanie Ellis,2013-14,Steals,1,02/06/14,at Friends (Kan.),https://macbulldogs.com/sports/womens-basketball/roster/stephanie-ellis/912
Summer Kirkman,2023-24,Points,9,02/21/24,at Southwestern (Kan.),https://macbulldogs.com/sports/womens-basketball/roster/summer-kirkman/9602
Summer Kirkman,2023-24,Minutes,21,02/21/24,at Southwestern (Kan.),https://macbulldogs.com/sports/womens-basketball/roster/summer-kirkman/9602
Summer Kirkman,2023-24,Field Goals Made,2,02/21/24,at Southwestern (Kan.),https://macbulldogs.com/sports/womens-basketball/roster/summer-kirkman/9602
Summer Kirkman,2023-24,Field Goal Attempts,7,02/10/24,Bethany College,https://macbulldogs.com/sports/womens-basketball/roster/summer-kirkman/9602
Summer Kirkman,2023-24,3-Point Field Goals Made,2,02/21/24,at Southwestern (Kan.),https://macbulldogs.com/sports/womens-basketball/roster/summer-kirkman/9602
Summer Kirkman,2023-24,3-Point Field Goal Attempts,5,02/21/24,at Southwestern (Kan.),https://macbulldogs.com/sports/womens-basketball/roster/summer-kirkman/9602
Summer Kirkman,2023-24,Free Throws Made,4,02/10/24,Bethany College,https://macbulldogs.com/sports/womens-basketball/roster/summer-kirkman/9602
Summer Kirkman,2023-24,Free Throw Attempts,4,02/21/24,at Southwestern (Kan.),https://macbulldogs.com/sports/womens-basketball/roster/summer-kirkman/9602
Summer Kirkman,2023-24,Rebounds,4,02/21/24,at Southwestern (Kan.),https://macbulldogs.com/sports/womens-basketball/roster/summer-kirkman/9602
Summer Kirkman,2023-24,Assists,4,02/14/24,at Ottawa University,https://macbulldogs.com/sports/womens-basketball/roster/summer-kirkman/9602
Summer Kirkman,2023-24,Blocks,0,02/24/24,Tabor College,https://macbulldogs.com/sports/womens-basketball/roster/summer-kirkman/9602
Summer Kirkman,2023-24,Steals,3,02/21/24,at Southwestern (Kan.),https://macbulldogs.com/sports/womens-basketball/roster/summer-kirkman/9602
Sunny Smart,2013-14,Points,16,11/22/13,AIB (Iowa),https://macbulldogs.com/sports/womens-basketball/roster/sunny-smart/2152
Sunny Smart,2013-14,Minutes,32,12/05/13,Bethel (Kan.),https://macbulldogs.com/sports/womens-basketball/roster/sunny-smart/2152
Sunny Smart,2013-14,Field Goals Made,5,11/22/13,AIB (Iowa),https://macbulldogs.com/sports/womens-basketball/roster/sunny-smart/2152
Sunny Smart,2013-14,Field Goal Attempts,12,11/19/13,Central Christian (Kan.),https://macbulldogs.com/sports/womens-basketball/roster/sunny-smart/2152
Sunny Smart,2013-14,3-Point Field Goals Made,3,02/22/14,at Southwestern (Kan.),https://macbulldogs.com/sports/womens-basketball/roster/sunny-smart/2152
Sunny Smart,2013-14,3-Point Field Goal Attempts,10,11/15/13,at York (Neb.),https://macbulldogs.com/sports/womens-basketball/roster/sunny-smart/2152
Sunny Smart,2013-14,Free Throws Made,7,11/09/13,Texas Wesleyan,https://macbulldogs.com/sports/womens-basketball/roster/sunny-smart/2152
Sunny Smart,2013-14,Free Throw Attempts,8,11/09/13,Texas Wesleyan,https://macbulldogs.com/sports/womens-basketball/roster/sunny-smart/2152
Sunny Smart,2013-14,Rebounds,13,12/05/13,Bethel (Kan.),https://macbulldogs.com/sports/womens-basketball/roster/sunny-smart/2152
Sunny Smart,2013-14,Assists,5,11/22/13,AIB (Iowa),https://macbulldogs.com/sports/womens-basketball/roster/sunny-smart/2152
Sunny Smart,2013-14,Blocks,2,01/30/14,Saint Mary (Kan.),https://macbulldogs.com/sports/womens-basketball/roster/sunny-smart/2152
Sunny Smart,2013-14,Steals,3,01/16/14,at Ottawa (Kan.),https://macbulldogs.com/sports/womens-basketball/roster/sunny-smart/2152
Sunny Smart,2014-15,Points,28,11/14/14,at AIB (Iowa),https://macbulldogs.com/sports/womens-basketball/roster/sunny-smart/2152
Sunny Smart,2014-15,Minutes,43,02/21/15,Saint Mary (Kan.),https://macbulldogs.com/sports/womens-basketball/roster/sunny-smart/2152
Sunny Smart,2014-15,Field Goals Made,10,02/12/15,at Ottawa (Kan.),https://macbulldogs.com/sports/womens-basketball/roster/sunny-smart/2152
Sunny Smart,2014-15,Field Goal Attempts,20,02/21/15,Saint Mary (Kan.),https://macbulldogs.com/sports/womens-basketball/roster/sunny-smart/2152
Sunny Smart,2014-15,3-Point Field Goals Made,6,02/21/15,Saint Mary (Kan.),https://macbulldogs.com/sports/womens-basketball/roster/sunny-smart/2152
Sunny Smart,2014-15,3-Point Field Goal Attempts,14,02/21/15,Saint Mary (Kan.),https://macbulldogs.com/sports/womens-basketball/roster/sunny-smart/2152
Sunny Smart,2014-15,Free Throws Made,6,01/24/15,Bethany (Kan.),https://macbulldogs.com/sports/womens-basketball/roster/sunny-smart/2152
Sunny Smart,2014-15,Free Throw Attempts,7,02/19/15,Friends (Kan.),https://macbulldogs.com/sports/womens-basketball/roster/sunny-smart/2152
Sunny Smart,2014-15,Rebounds,15,11/12/14,at Central Christian (Kan.),https://macbulldogs.com/sports/womens-basketball/roster/sunny-smart/2152
Sunny Smart,2014-15,Assists,7,11/14/14,at AIB (Iowa),https://macbulldogs.com/sports/womens-basketball/roster/sunny-smart/2152
Sunny Smart,2014-15,Blocks,2,01/31/15,at Kansas Wesleyan,https://macbulldogs.com/sports/womens-basketball/roster/sunny-smart/2152
Sunny Smart,2014-15,Steals,4,02/21/15,Saint Mary (Kan.),https://macbulldogs.com/sports/womens-basketball/roster/sunny-smart/2152
Sunny Smart,2015-16,Points,18,12/17/15,Southwestern Christian (O,https://macbulldogs.com/sports/womens-basketball/roster/sunny-smart/2152
Sunny Smart,2015-16,Minutes,36,12/15/15,Oklahoma Wesleyan,https://macbulldogs.com/sports/womens-basketball/roster/sunny-smart/2152
Sunny Smart,2015-16,Field Goals Made,6,12/17/15,Southwestern Christian (O,https://macbulldogs.com/sports/womens-basketball/roster/sunny-smart/2152
Sunny Smart,2015-16,Field Goal Attempts,21,10/29/15,Hillsdale (Okla.),https://macbulldogs.com/sports/womens-basketball/roster/sunny-smart/2152
Sunny Smart,2015-16,3-Point Field Goals Made,4,01/07/16,York (Neb.),https://macbulldogs.com/sports/womens-basketball/roster/sunny-smart/2152
Sunny Smart,2015-16,3-Point Field Goal Attempts,18,10/29/15,Hillsdale (Okla.),https://macbulldogs.com/sports/womens-basketball/roster/sunny-smart/2152
Sunny Smart,2015-16,Free Throws Made,4,12/15/15,Oklahoma Wesleyan,https://macbulldogs.com/sports/womens-basketball/roster/sunny-smart/2152
Sunny Smart,2015-16,Free Throw Attempts,4,01/16/16,Southwestern (Kan.),https://macbulldogs.com/sports/womens-basketball/roster/sunny-smart/2152
Sunny Smart,2015-16,Rebounds,7,12/15/15,Oklahoma Wesleyan,https://macbulldogs.com/sports/womens-basketball/roster/sunny-smart/2152
Sunny Smart,2015-16,Assists,3,12/10/15,at Bethany (Kan.),https://macbulldogs.com/sports/womens-basketball/roster/sunny-smart/2152
Sunny Smart,2015-16,Blocks,1,01/09/16,Sterling (Kan.),https://macbulldogs.com/sports/womens-basketball/roster/sunny-smart/2152
Sunny Smart,2015-16,Steals,2,01/20/16,Bethel (Kan.),https://macbulldogs.com/sports/womens-basketball/roster/sunny-smart/2152
Sunny Smart,2013-14,Points,16,11/22/13,AIB (Iowa),https://macbulldogs.com/sports/womens-basketball/roster/sunny-smart/2584
Sunny Smart,2013-14,Minutes,32,12/05/13,Bethel (Kan.),https://macbulldogs.com/sports/womens-basketball/roster/sunny-smart/2584
Sunny Smart,2013-14,Field Goals Made,5,11/22/13,AIB (Iowa),https://macbulldogs.com/sports/womens-basketball/roster/sunny-smart/2584
Sunny Smart,2013-14,Field Goal Attempts,12,11/19/13,Central Christian (Kan.),https://macbulldogs.com/sports/womens-basketball/roster/sunny-smart/2584
Sunny Smart,2013-14,3-Point Field Goals Made,3,02/22/14,at Southwestern (Kan.),https://macbulldogs.com/sports/womens-basketball/roster/sunny-smart/2584
Sunny Smart,2013-14,3-Point Field Goal Attempts,10,11/15/13,at York (Neb.),https://macbulldogs.com/sports/womens-basketball/roster/sunny-smart/2584
Sunny Smart,2013-14,Free Throws Made,7,11/09/13,Texas Wesleyan,https://macbulldogs.com/sports/womens-basketball/roster/sunny-smart/2584
Sunny Smart,2013-14,Free Throw Attempts,8,11/09/13,Texas Wesleyan,https://macbulldogs.com/sports/womens-basketball/roster/sunny-smart/2584
Sunny Smart,2013-14,Rebounds,13,12/05/13,Bethel (Kan.),https://macbulldogs.com/sports/womens-basketball/roster/sunny-smart/2584
Sunny Smart,2013-14,Assists,5,11/22/13,AIB (Iowa),https://macbulldogs.com/sports/womens-basketball/roster/sunny-smart/2584
Sunny Smart,2013-14,Blocks,2,01/30/14,Saint Mary (Kan.),https://macbulldogs.com/sports/womens-basketball/roster/sunny-smart/2584
Sunny Smart,2013-14,Steals,3,01/16/14,at Ottawa (Kan.),https://macbulldogs.com/sports/womens-basketball/roster/sunny-smart/2584
Sunny Smart,2014-15,Points,28,11/14/14,at AIB (Iowa),https://macbulldogs.com/sports/womens-basketball/roster/sunny-smart/2584
Sunny Smart,2014-15,Minutes,43,02/21/15,Saint Mary (Kan.),https://macbulldogs.com/sports/womens-basketball/roster/sunny-smart/2584
Sunny Smart,2014-15,Field Goals Made,10,02/12/15,at Ottawa (Kan.),https://macbulldogs.com/sports/womens-basketball/roster/sunny-smart/2584
Sunny Smart,2014-15,Field Goal Attempts,20,02/21/15,Saint Mary (Kan.),https://macbulldogs.com/sports/womens-basketball/roster/sunny-smart/2584
Sunny Smart,2014-15,3-Point Field Goals Made,6,02/21/15,Saint Mary (Kan.),https://macbulldogs.com/sports/womens-basketball/roster/sunny-smart/2584
Sunny Smart,2014-15,3-Point Field Goal Attempts,14,02/21/15,Saint Mary (Kan.),https://macbulldogs.com/sports/womens-basketball/roster/sunny-smart/2584
Sunny Smart,2014-15,Free Throws Made,6,01/24/15,Bethany (Kan.),https://macbulldogs.com/sports/womens-basketball/roster/sunny-smart/2584
Sunny Smart,2014-15,Free Throw Attempts,7,02/19/15,Friends (Kan.),https://macbulldogs.com/sports/womens-basketball/roster/sunny-smart/2584
Sunny Smart,2014-15,Rebounds,15,11/12/14,at Central Christian (Kan.),https://macbulldogs.com/sports/womens-basketball/roster/sunny-smart/2584
Sunny Smart,2014-15,Assists,7,11/14/14,at AIB (Iowa),https://macbulldogs.com/sports/womens-basketball/roster/sunny-smart/2584
Sunny Smart,2014-15,Blocks,2,01/31/15,at Kansas Wesleyan,https://macbulldogs.com/sports/womens-basketball/roster/sunny-smart/2584
Sunny Smart,2014-15,Steals,4,02/21/15,Saint Mary (Kan.),https://macbulldogs.com/sports/womens-basketball/roster/sunny-smart/2584
Sunny Smart,2015-16,Points,18,12/17/15,Southwestern Christian (O,https://macbulldogs.com/sports/womens-basketball/roster/sunny-smart/2584
Sunny Smart,2015-16,Minutes,36,12/15/15,Oklahoma Wesleyan,https://macbulldogs.com/sports/womens-basketball/roster/sunny-smart/2584
Sunny Smart,2015-16,Field Goals Made,6,12/17/15,Southwestern Christian (O,https://macbulldogs.com/sports/womens-basketball/roster/sunny-smart/2584
Sunny Smart,2015-16,Field Goal Attempts,21,10/29/15,Hillsdale (Okla.),https://macbulldogs.com/sports/womens-basketball/roster/sunny-smart/2584
Sunny Smart,2015-16,3-Point Field Goals Made,4,01/07/16,York (Neb.),https://macbulldogs.com/sports/womens-basketball/roster/sunny-smart/2584
Sunny Smart,2015-16,3-Point Field Goal Attempts,18,10/29/15,Hillsdale (Okla.),https://macbulldogs.com/sports/womens-basketball/roster/sunny-smart/2584
Sunny Smart,2015-16,Free Throws Made,4,12/15/15,Oklahoma Wesleyan,https://macbulldogs.com/sports/womens-basketball/roster/sunny-smart/2584
Sunny Smart,2015-16,Free Throw Attempts,4,01/16/16,Southwestern (Kan.),https://macbulldogs.com/sports/womens-basketball/roster/sunny-smart/2584
Sunny Smart,2015-16,Rebounds,7,12/15/15,Oklahoma Wesleyan,https://macbulldogs.com/sports/womens-basketball/roster/sunny-smart/2584
Sunny Smart,2015-16,Assists,3,12/10/15,at Bethany (Kan.),https://macbulldogs.com/sports/womens-basketball/roster/sunny-smart/2584
Sunny Smart,2015-16,Blocks,1,01/09/16,Sterling (Kan.),https://macbulldogs.com/sports/womens-basketball/roster/sunny-smart/2584
Sunny Smart,2015-16,Steals,2,01/20/16,Bethel (Kan.),https://macbulldogs.com/sports/womens-basketball/roster/sunny-smart/2584
Tatum Griffin,2019-20,Points,11,10/25/19,Kansas Christian College,https://macbulldogs.com/sports/womens-basketball/roster/tatum-griffin/7158
Tatum Griffin,2019-20,Minutes,18,02/19/20,Avila (Mo.),https://macbulldogs.com/sports/womens-basketball/roster/tatum-griffin/7158
Tatum Griffin,2019-20,Field Goals Made,4,10/25/19,Kansas Christian College,https://macbulldogs.com/sports/womens-basketball/roster/tatum-griffin/7158
Tatum Griffin,2019-20,Field Goal Attempts,8,11/02/19,Randall,https://macbulldogs.com/sports/womens-basketball/roster/tatum-griffin/7158
Tatum Griffin,2019-20,3-Point Field Goals Made,3,10/25/19,Kansas Christian College,https://macbulldogs.com/sports/womens-basketball/roster/tatum-griffin/7158
Tatum Griffin,2019-20,3-Point Field Goal Attempts,4,02/19/20,Avila (Mo.),https://macbulldogs.com/sports/womens-basketball/roster/tatum-griffin/7158
Tatum Griffin,2019-20,Free Throws Made,4,12/02/19,at St. Mary (Kan.),https://macbulldogs.com/sports/womens-basketball/roster/tatum-griffin/7158
Tatum Griffin,2019-20,Free Throw Attempts,4,02/15/20,at Kansas Wesleyan,https://macbulldogs.com/sports/womens-basketball/roster/tatum-griffin/7158
Tatum Griffin,2019-20,Rebounds,3,01/18/20,at Tabor (Kan.),https://macbulldogs.com/sports/womens-basketball/roster/tatum-griffin/7158
Tatum Griffin,2019-20,Assists,3,01/04/20,Kansas Wesleyan,https://macbulldogs.com/sports/womens-basketball/roster/tatum-griffin/7158
Tatum Griffin,2019-20,Blocks,1,02/15/20,at Kansas Wesleyan,https://macbulldogs.com/sports/womens-basketball/roster/tatum-griffin/7158
Tatum Griffin,2019-20,Steals,1,02/15/20,at Kansas Wesleyan,https://macbulldogs.com/sports/womens-basketball/roster/tatum-griffin/7158
Tatum Griffin,2020-21,Points,12,02/10/21,at Sterling (Kan.),https://macbulldogs.com/sports/womens-basketball/roster/tatum-griffin/7158
Tatum Griffin,2020-21,Minutes,20,02/20/21,Ottawa (Kan.),https://macbulldogs.com/sports/womens-basketball/roster/tatum-griffin/7158
Tatum Griffin,2020-21,Field Goals Made,3,02/10/21,at Sterling (Kan.),https://macbulldogs.com/sports/womens-basketball/roster/tatum-griffin/7158
Tatum Griffin,2020-21,Field Goal Attempts,9,02/25/21,Kansas Wesleyan,https://macbulldogs.com/sports/womens-basketball/roster/tatum-griffin/7158
Tatum Griffin,2020-21,3-Point Field Goals Made,2,02/25/21,Kansas Wesleyan,https://macbulldogs.com/sports/womens-basketball/roster/tatum-griffin/7158
Tatum Griffin,2020-21,3-Point Field Goal Attempts,6,02/25/21,Kansas Wesleyan,https://macbulldogs.com/sports/womens-basketball/roster/tatum-griffin/7158
Tatum Griffin,2020-21,Free Throws Made,4,02/20/21,Ottawa (Kan.),https://macbulldogs.com/sports/womens-basketball/roster/tatum-griffin/7158
Tatum Griffin,2020-21,Free Throw Attempts,4,02/20/21,Ottawa (Kan.),https://macbulldogs.com/sports/womens-basketball/roster/tatum-griffin/7158
Tatum Griffin,2020-21,Rebounds,5,01/30/21,at Southwestern (Kan.),https://macbulldogs.com/sports/womens-basketball/roster/tatum-griffin/7158
Tatum Griffin,2020-21,Assists,6,02/25/21,Kansas Wesleyan,https://macbulldogs.com/sports/womens-basketball/roster/tatum-griffin/7158
Tatum Griffin,2020-21,Blocks,1,11/28/20,York (Neb.),https://macbulldogs.com/sports/womens-basketball/roster/tatum-griffin/7158
Tatum Griffin,2020-21,Steals,2,02/20/21,Ottawa (Kan.),https://macbulldogs.com/sports/womens-basketball/roster/tatum-griffin/7158
Tatum Griffin,2021-22,Points,12,11/17/21,St. Mary,https://macbulldogs.com/sports/womens-basketball/roster/tatum-griffin/7158
Tatum Griffin,2021-22,Minutes,16,11/17/21,St. Mary,https://macbulldogs.com/sports/womens-basketball/roster/tatum-griffin/7158
Tatum Griffin,2021-22,Field Goals Made,4,11/17/21,St. Mary,https://macbulldogs.com/sports/womens-basketball/roster/tatum-griffin/7158
Tatum Griffin,2021-22,Field Goal Attempts,6,01/15/22,Kansas Wesleyan,https://macbulldogs.com/sports/womens-basketball/roster/tatum-griffin/7158
Tatum Griffin,2021-22,3-Point Field Goals Made,2,11/17/21,St. Mary,https://macbulldogs.com/sports/womens-basketball/roster/tatum-griffin/7158
Tatum Griffin,2021-22,3-Point Field Goal Attempts,4,01/15/22,Kansas Wesleyan,https://macbulldogs.com/sports/womens-basketball/roster/tatum-griffin/7158
Tatum Griffin,2021-22,Free Throws Made,4,02/12/22,Southwestern,https://macbulldogs.com/sports/womens-basketball/roster/tatum-griffin/7158
Tatum Griffin,2021-22,Free Throw Attempts,4,02/12/22,Southwestern,https://macbulldogs.com/sports/womens-basketball/roster/tatum-griffin/7158
Tatum Griffin,2021-22,Rebounds,4,01/15/22,Kansas Wesleyan,https://macbulldogs.com/sports/womens-basketball/roster/tatum-griffin/7158
Tatum Griffin,2021-22,Assists,4,02/05/22,Oklahoma Wesleyan,https://macbulldogs.com/sports/womens-basketball/roster/tatum-griffin/7158
Tatum Griffin,2021-22,Blocks,1,02/09/22,at Ottawa University,https://macbulldogs.com/sports/womens-basketball/roster/tatum-griffin/7158
Tatum Griffin,2021-22,Steals,2,01/10/22,Tabor,https://macbulldogs.com/sports/womens-basketball/roster/tatum-griffin/7158
Tatum Griffin,2019-20,Points,11,10/25/19,Kansas Christian College,https://macbulldogs.com/sports/womens-basketball/roster/tatum-griffin/8005
Tatum Griffin,2019-20,Minutes,18,02/19/20,Avila (Mo.),https://macbulldogs.com/sports/womens-basketball/roster/tatum-griffin/8005
Tatum Griffin,2019-20,Field Goals Made,4,10/25/19,Kansas Christian College,https://macbulldogs.com/sports/womens-basketball/roster/tatum-griffin/8005
Tatum Griffin,2019-20,Field Goal Attempts,8,11/02/19,Randall,https://macbulldogs.com/sports/womens-basketball/roster/tatum-griffin/8005
Tatum Griffin,2019-20,3-Point Field Goals Made,3,10/25/19,Kansas Christian College,https://macbulldogs.com/sports/womens-basketball/roster/tatum-griffin/8005
Tatum Griffin,2019-20,3-Point Field Goal Attempts,4,02/19/20,Avila (Mo.),https://macbulldogs.com/sports/womens-basketball/roster/tatum-griffin/8005
Tatum Griffin,2019-20,Free Throws Made,4,12/02/19,at St. Mary (Kan.),https://macbulldogs.com/sports/womens-basketball/roster/tatum-griffin/8005
Tatum Griffin,2019-20,Free Throw Attempts,4,02/15/20,at Kansas Wesleyan,https://macbulldogs.com/sports/womens-basketball/roster/tatum-griffin/8005
Tatum Griffin,2019-20,Rebounds,3,01/18/20,at Tabor (Kan.),https://macbulldogs.com/sports/womens-basketball/roster/tatum-griffin/8005
Tatum Griffin,2019-20,Assists,3,01/04/20,Kansas Wesleyan,https://macbulldogs.com/sports/womens-basketball/roster/tatum-griffin/8005
Tatum Griffin,2019-20,Blocks,1,02/15/20,at Kansas Wesleyan,https://macbulldogs.com/sports/womens-basketball/roster/tatum-griffin/8005
Tatum Griffin,2019-20,Steals,1,02/15/20,at Kansas Wesleyan,https://macbulldogs.com/sports/womens-basketball/roster/tatum-griffin/8005
Tatum Griffin,2020-21,Points,12,02/10/21,at Sterling (Kan.),https://macbulldogs.com/sports/womens-basketball/roster/tatum-griffin/8005
Tatum Griffin,2020-21,Minutes,20,02/20/21,Ottawa (Kan.),https://macbulldogs.com/sports/womens-basketball/roster/tatum-griffin/8005
Tatum Griffin,2020-21,Field Goals Made,3,02/10/21,at Sterling (Kan.),https://macbulldogs.com/sports/womens-basketball/roster/tatum-griffin/8005
Tatum Griffin,2020-21,Field Goal Attempts,9,02/25/21,Kansas Wesleyan,https://macbulldogs.com/sports/womens-basketball/roster/tatum-griffin/8005
Tatum Griffin,2020-21,3-Point Field Goals Made,2,02/25/21,Kansas Wesleyan,https://macbulldogs.com/sports/womens-basketball/roster/tatum-griffin/8005
Tatum Griffin,2020-21,3-Point Field Goal Attempts,6,02/25/21,Kansas Wesleyan,https://macbulldogs.com/sports/womens-basketball/roster/tatum-griffin/8005
Tatum Griffin,2020-21,Free Throws Made,4,02/20/21,Ottawa (Kan.),https://macbulldogs.com/sports/womens-basketball/roster/tatum-griffin/8005
Tatum Griffin,2020-21,Free Throw Attempts,4,02/20/21,Ottawa (Kan.),https://macbulldogs.com/sports/womens-basketball/roster/tatum-griffin/8005
Tatum Griffin,2020-21,Rebounds,5,01/30/21,at Southwestern (Kan.),https://macbulldogs.com/sports/womens-basketball/roster/tatum-griffin/8005
Tatum Griffin,2020-21,Assists,6,02/25/21,Kansas Wesleyan,https://macbulldogs.com/sports/womens-basketball/roster/tatum-griffin/8005
Tatum Griffin,2020-21,Blocks,1,11/28/20,York (Neb.),https://macbulldogs.com/sports/womens-basketball/roster/tatum-griffin/8005
Tatum Griffin,2020-21,Steals,2,02/20/21,Ottawa (Kan.),https://macbulldogs.com/sports/womens-basketball/roster/tatum-griffin/8005
Tatum Griffin,2021-22,Points,12,11/17/21,St. Mary,https://macbulldogs.com/sports/womens-basketball/roster/tatum-griffin/8005
Tatum Griffin,2021-22,Minutes,16,11/17/21,St. Mary,https://macbulldogs.com/sports/womens-basketball/roster/tatum-griffin/8005
Tatum Griffin,2021-22,Field Goals Made,4,11/17/21,St. Mary,https://macbulldogs.com/sports/womens-basketball/roster/tatum-griffin/8005
Tatum Griffin,2021-22,Field Goal Attempts,6,01/15/22,Kansas Wesleyan,https://macbulldogs.com/sports/womens-basketball/roster/tatum-griffin/8005
Tatum Griffin,2021-22,3-Point Field Goals Made,2,11/17/21,St. Mary,https://macbulldogs.com/sports/womens-basketball/roster/tatum-griffin/8005
Tatum Griffin,2021-22,3-Point Field Goal Attempts,4,01/15/22,Kansas Wesleyan,https://macbulldogs.com/sports/womens-basketball/roster/tatum-griffin/8005
Tatum Griffin,2021-22,Free Throws Made,4,02/12/22,Southwestern,https://macbulldogs.com/sports/womens-basketball/roster/tatum-griffin/8005
Tatum Griffin,2021-22,Free Throw Attempts,4,02/12/22,Southwestern,https://macbulldogs.com/sports/womens-basketball/roster/tatum-griffin/8005
Tatum Griffin,2021-22,Rebounds,4,01/15/22,Kansas Wesleyan,https://macbulldogs.com/sports/womens-basketball/roster/tatum-griffin/8005
Tatum Griffin,2021-22,Assists,4,02/05/22,Oklahoma Wesleyan,https://macbulldogs.com/sports/womens-basketball/roster/tatum-griffin/8005
Tatum Griffin,2021-22,Blocks,1,02/09/22,at Ottawa University,https://macbulldogs.com/sports/womens-basketball/roster/tatum-griffin/8005
Tatum Griffin,2021-22,Steals,2,01/10/22,Tabor,https://macbulldogs.com/sports/womens-basketball/roster/tatum-griffin/8005
Tayler Puttergill,2012-13,Points,19,01/19/13,Bethany College,https://macbulldogs.com/sports/womens-basketball/roster/tayler-puttergill/913
Tayler Puttergill,2012-13,Minutes,24,02/07/13,at Friends University,https://macbulldogs.com/sports/womens-basketball/roster/tayler-puttergill/913
Tayler Puttergill,2012-13,Field Goals Made,6,01/31/13,Southwestern College,https://macbulldogs.com/sports/womens-basketball/roster/tayler-puttergill/913
Tayler Puttergill,2012-13,Field Goal Attempts,14,02/16/13,Bethel College,https://macbulldogs.com/sports/womens-basketball/roster/tayler-puttergill/913
Tayler Puttergill,2012-13,3-Point Field Goals Made,2,11/02/12,at Concordia University,https://macbulldogs.com/sports/womens-basketball/roster/tayler-puttergill/913
Tayler Puttergill,2012-13,3-Point Field Goal Attempts,5,11/02/12,at Concordia University,https://macbulldogs.com/sports/womens-basketball/roster/tayler-puttergill/913
Tayler Puttergill,2012-13,Free Throws Made,7,01/19/13,Bethany College,https://macbulldogs.com/sports/womens-basketball/roster/tayler-puttergill/913
Tayler Puttergill,2012-13,Free Throw Attempts,8,01/19/13,Bethany College,https://macbulldogs.com/sports/womens-basketball/roster/tayler-puttergill/913
Tayler Puttergill,2012-13,Rebounds,12,02/07/13,at Friends University,https://macbulldogs.com/sports/womens-basketball/roster/tayler-puttergill/913
Tayler Puttergill,2012-13,Assists,2,02/16/13,Bethel College,https://macbulldogs.com/sports/womens-basketball/roster/tayler-puttergill/913
Tayler Puttergill,2012-13,Blocks,1,02/16/13,Bethel College,https://macbulldogs.com/sports/womens-basketball/roster/tayler-puttergill/913
Tayler Puttergill,2012-13,Steals,4,02/02/13,at Saint Mary (Kan.),https://macbulldogs.com/sports/womens-basketball/roster/tayler-puttergill/913
Taylor Berkheimer,2024-25,Points,12,01/11/25,at Southwestern,https://macbulldogs.com/sports/womens-basketball/roster/taylor-berkheimer/9978
Taylor Berkheimer,2024-25,Minutes,16,01/25/25,at Bethel College Threshers,https://macbulldogs.com/sports/womens-basketball/roster/taylor-berkheimer/9978
Taylor Berkheimer,2024-25,Field Goals Made,4,01/11/25,at Southwestern,https://macbulldogs.com/sports/womens-basketball/roster/taylor-berkheimer/9978
Taylor Berkheimer,2024-25,Field Goal Attempts,7,01/18/25,Avila University,https://macbulldogs.com/sports/womens-basketball/roster/taylor-berkheimer/9978
Taylor Berkheimer,2024-25,3-Point Field Goals Made,4,01/11/25,at Southwestern,https://macbulldogs.com/sports/womens-basketball/roster/taylor-berkheimer/9978
Taylor Berkheimer,2024-25,3-Point Field Goal Attempts,6,02/11/25,York University,https://macbulldogs.com/sports/womens-basketball/roster/taylor-berkheimer/9978
Taylor Berkheimer,2024-25,Free Throws Made,2,01/25/25,at Bethel College Threshers,https://macbulldogs.com/sports/womens-basketball/roster/taylor-berkheimer/9978
Taylor Berkheimer,2024-25,Free Throw Attempts,2,01/25/25,at Bethel College Threshers,https://macbulldogs.com/sports/womens-basketball/roster/taylor-berkheimer/9978
Taylor Berkheimer,2024-25,Rebounds,3,02/05/25,at Bethany (KS),https://macbulldogs.com/sports/womens-basketball/roster/taylor-berkheimer/9978
Taylor Berkheimer,2024-25,Assists,1,02/22/25,at Oklahoma Wesleyan,https://macbulldogs.com/sports/womens-basketball/roster/taylor-berkheimer/9978
Taylor Berkheimer,2024-25,Blocks,0,02/22/25,at Oklahoma Wesleyan,https://macbulldogs.com/sports/womens-basketball/roster/taylor-berkheimer/9978
Taylor Berkheimer,2024-25,Steals,1,02/20/25,at Sterling College,https://macbulldogs.com/sports/womens-basketball/roster/taylor-berkheimer/9978
Taylor Bohannon,2020-21,Points,0,10/31/20,Barclay,https://macbulldogs.com/sports/womens-basketball/roster/taylor-bohannon/8002
Taylor Bohannon,2020-21,Minutes,6,10/31/20,Barclay,https://macbulldogs.com/sports/womens-basketball/roster/taylor-bohannon/8002
Taylor Bohannon,2020-21,Field Goals Made,0,10/31/20,Barclay,https://macbulldogs.com/sports/womens-basketball/roster/taylor-bohannon/8002
Taylor Bohannon,2020-21,Field Goal Attempts,3,10/31/20,Barclay,https://macbulldogs.com/sports/womens-basketball/roster/taylor-bohannon/8002
Taylor Bohannon,2020-21,3-Point Field Goals Made,0,10/31/20,Barclay,https://macbulldogs.com/sports/womens-basketball/roster/taylor-bohannon/8002
Taylor Bohannon,2020-21,3-Point Field Goal Attempts,3,10/31/20,Barclay,https://macbulldogs.com/sports/womens-basketball/roster/taylor-bohannon/8002
Taylor Bohannon,2020-21,Free Throws Made,0,10/31/20,Barclay,https://macbulldogs.com/sports/womens-basketball/roster/taylor-bohannon/8002
Taylor Bohannon,2020-21,Free Throw Attempts,0,10/31/20,Barclay,https://macbulldogs.com/sports/womens-basketball/roster/taylor-bohannon/8002
Taylor Bohannon,2020-21,Rebounds,1,10/31/20,Barclay,https://macbulldogs.com/sports/womens-basketball/roster/taylor-bohannon/8002
Taylor Bohannon,2020-21,Assists,2,10/31/20,Barclay,https://macbulldogs.com/sports/womens-basketball/roster/taylor-bohannon/8002
Taylor Bohannon,2020-21,Blocks,0,10/31/20,Barclay,https://macbulldogs.com/sports/womens-basketball/roster/taylor-bohannon/8002
Taylor Bohannon,2020-21,Steals,0,10/31/20,Barclay,https://macbulldogs.com/sports/womens-basketball/roster/taylor-bohannon/8002
Taylor Osborn,2018-19,Points,6,10/30/18,McPherson,https://macbulldogs.com/sports/womens-basketball/roster/taylor-osborn/5486
Taylor Osborn,2018-19,Minutes,30,10/30/18,McPherson,https://macbulldogs.com/sports/womens-basketball/roster/taylor-osborn/5486
Taylor Osborn,2018-19,Field Goals Made,1,10/30/18,McPherson,https://macbulldogs.com/sports/womens-basketball/roster/taylor-osborn/5486
Taylor Osborn,2018-19,Field Goal Attempts,9,10/30/18,McPherson,https://macbulldogs.com/sports/womens-basketball/roster/taylor-osborn/5486
Taylor Osborn,2018-19,3-Point Field Goals Made,1,10/30/18,McPherson,https://macbulldogs.com/sports/womens-basketball/roster/taylor-osborn/5486
Taylor Osborn,2018-19,3-Point Field Goal Attempts,4,10/30/18,McPherson,https://macbulldogs.com/sports/womens-basketball/roster/taylor-osborn/5486
Taylor Osborn,2018-19,Free Throws Made,3,10/30/18,McPherson,https://macbulldogs.com/sports/womens-basketball/roster/taylor-osborn/5486
Taylor Osborn,2018-19,Free Throw Attempts,4,10/30/18,McPherson,https://macbulldogs.com/sports/womens-basketball/roster/taylor-osborn/5486
Taylor Osborn,2018-19,Rebounds,1,10/30/18,McPherson,https://macbulldogs.com/sports/womens-basketball/roster/taylor-osborn/5486
Taylor Osborn,2018-19,Assists,6,10/30/18,McPherson,https://macbulldogs.com/sports/womens-basketball/roster/taylor-osborn/5486
Taylor Osborn,2018-19,Blocks,0,10/30/18,McPherson,https://macbulldogs.com/sports/womens-basketball/roster/taylor-osborn/5486
Taylor Osborn,2018-19,Steals,0,10/30/18,McPherson,https://macbulldogs.com/sports/womens-basketball/roster/taylor-osborn/5486
Taylor Osborn,2019-20,Points,9,02/22/20,Ottawa (Kan.),https://macbulldogs.com/sports/womens-basketball/roster/taylor-osborn/5486
Taylor Osborn,2019-20,Minutes,25,02/22/20,Ottawa (Kan.),https://macbulldogs.com/sports/womens-basketball/roster/taylor-osborn/5486
Taylor Osborn,2019-20,Field Goals Made,3,02/22/20,Ottawa (Kan.),https://macbulldogs.com/sports/womens-basketball/roster/taylor-osborn/5486
Taylor Osborn,2019-20,Field Goal Attempts,6,02/22/20,Ottawa (Kan.),https://macbulldogs.com/sports/womens-basketball/roster/taylor-osborn/5486
Taylor Osborn,2019-20,3-Point Field Goals Made,3,02/22/20,Ottawa (Kan.),https://macbulldogs.com/sports/womens-basketball/roster/taylor-osborn/5486
Taylor Osborn,2019-20,3-Point Field Goal Attempts,6,02/22/20,Ottawa (Kan.),https://macbulldogs.com/sports/womens-basketball/roster/taylor-osborn/5486
Taylor Osborn,2019-20,Free Throws Made,2,11/20/19,at Friends,https://macbulldogs.com/sports/womens-basketball/roster/taylor-osborn/5486
Taylor Osborn,2019-20,Free Throw Attempts,2,11/26/19,at York (Neb.),https://macbulldogs.com/sports/womens-basketball/roster/taylor-osborn/5486
Taylor Osborn,2019-20,Rebounds,2,11/20/19,at Friends,https://macbulldogs.com/sports/womens-basketball/roster/taylor-osborn/5486
Taylor Osborn,2019-20,Assists,3,11/20/19,at Friends,https://macbulldogs.com/sports/womens-basketball/roster/taylor-osborn/5486
Taylor Osborn,2019-20,Blocks,0,02/22/20,Ottawa (Kan.),https://macbulldogs.com/sports/womens-basketball/roster/taylor-osborn/5486
Taylor Osborn,2019-20,Steals,2,10/25/19,Kansas Christian College,https://macbulldogs.com/sports/womens-basketball/roster/taylor-osborn/5486
Taylor Starr,2022-23,Points,3,02/08/23,Southwestern,https://macbulldogs.com/sports/womens-basketball/roster/taylor-starr/9591
Taylor Starr,2022-23,Minutes,5,02/08/23,Southwestern,https://macbulldogs.com/sports/womens-basketball/roster/taylor-starr/9591
Taylor Starr,2022-23,Field Goals Made,1,02/08/23,Southwestern,https://macbulldogs.com/sports/womens-basketball/roster/taylor-starr/9591
Taylor Starr,2022-23,Field Goal Attempts,1,02/08/23,Southwestern,https://macbulldogs.com/sports/womens-basketball/roster/taylor-starr/9591
Taylor Starr,2022-23,3-Point Field Goals Made,1,02/08/23,Southwestern,https://macbulldogs.com/sports/womens-basketball/roster/taylor-starr/9591
Taylor Starr,2022-23,3-Point Field Goal Attempts,1,02/08/23,Southwestern,https://macbulldogs.com/sports/womens-basketball/roster/taylor-starr/9591
Taylor Starr,2022-23,Free Throws Made,0,02/08/23,Southwestern,https://macbulldogs.com/sports/womens-basketball/roster/taylor-starr/9591
Taylor Starr,2022-23,Free Throw Attempts,0,02/08/23,Southwestern,https://macbulldogs.com/sports/womens-basketball/roster/taylor-starr/9591
Taylor Starr,2022-23,Rebounds,3,02/08/23,Southwestern,https://macbulldogs.com/sports/womens-basketball/roster/taylor-starr/9591
Taylor Starr,2022-23,Assists,0,02/08/23,Southwestern,https://macbulldogs.com/sports/womens-basketball/roster/taylor-starr/9591
Taylor Starr,2022-23,Blocks,0,02/08/23,Southwestern,https://macbulldogs.com/sports/womens-basketball/roster/taylor-starr/9591
Taylor Starr,2022-23,Steals,0,02/08/23,Southwestern,https://macbulldogs.com/sports/womens-basketball/roster/taylor-starr/9591
Taylor Starr,2023-24,Points,6,02/10/24,Bethany College,https://macbulldogs.com/sports/womens-basketball/roster/taylor-starr/9591
Taylor Starr,2023-24,Minutes,33,12/09/23,Ottawa University,https://macbulldogs.com/sports/womens-basketball/roster/taylor-starr/9591
Taylor Starr,2023-24,Field Goals Made,2,02/10/24,Bethany College,https://macbulldogs.com/sports/womens-basketball/roster/taylor-starr/9591
Taylor Starr,2023-24,Field Goal Attempts,6,12/06/23,at Bethany (KS),https://macbulldogs.com/sports/womens-basketball/roster/taylor-starr/9591
Taylor Starr,2023-24,3-Point Field Goals Made,2,02/10/24,Bethany College,https://macbulldogs.com/sports/womens-basketball/roster/taylor-starr/9591
Taylor Starr,2023-24,3-Point Field Goal Attempts,4,11/18/23,at Friends,https://macbulldogs.com/sports/womens-basketball/roster/taylor-starr/9591
Taylor Starr,2023-24,Free Throws Made,1,01/30/24,York University,https://macbulldogs.com/sports/womens-basketball/roster/taylor-starr/9591
Taylor Starr,2023-24,Free Throw Attempts,4,01/30/24,York University,https://macbulldogs.com/sports/womens-basketball/roster/taylor-starr/9591
Taylor Starr,2023-24,Rebounds,11,11/29/23,Kansas Wesleyan University,https://macbulldogs.com/sports/womens-basketball/roster/taylor-starr/9591
Taylor Starr,2023-24,Assists,4,01/30/24,York University,https://macbulldogs.com/sports/womens-basketball/roster/taylor-starr/9591
Taylor Starr,2023-24,Blocks,1,02/03/24,at Kansas Wesleyan,https://macbulldogs.com/sports/womens-basketball/roster/taylor-starr/9591
Taylor Starr,2023-24,Steals,2,01/03/24,at Saint Mary,https://macbulldogs.com/sports/womens-basketball/roster/taylor-starr/9591
Tori Verdieck,2011-12,Points,4,12/03/11,at Tabor (Kan.),https://macbulldogs.com/sports/womens-basketball/roster/tori-verdieck/564
Tori Verdieck,2011-12,Minutes,11,02/11/12,at Kansas Wesleyan,https://macbulldogs.com/sports/womens-basketball/roster/tori-verdieck/564
Tori Verdieck,2011-12,Field Goals Made,2,12/03/11,at Tabor (Kan.),https://macbulldogs.com/sports/womens-basketball/roster/tori-verdieck/564
Tori Verdieck,2011-12,Field Goal Attempts,4,12/03/11,at Tabor (Kan.),https://macbulldogs.com/sports/womens-basketball/roster/tori-verdieck/564
Tori Verdieck,2011-12,3-Point Field Goals Made,0,02/22/12,at Kansas Wesleyan,https://macbulldogs.com/sports/womens-basketball/roster/tori-verdieck/564
Tori Verdieck,2011-12,3-Point Field Goal Attempts,0,02/22/12,at Kansas Wesleyan,https://macbulldogs.com/sports/womens-basketball/roster/tori-verdieck/564
Tori Verdieck,2011-12,Free Throws Made,1,02/16/12,at Ottawa (Kan.),https://macbulldogs.com/sports/womens-basketball/roster/tori-verdieck/564
Tori Verdieck,2011-12,Free Throw Attempts,2,02/16/12,at Ottawa (Kan.),https://macbulldogs.com/sports/womens-basketball/roster/tori-verdieck/564
Tori Verdieck,2011-12,Rebounds,6,01/02/12,York (Neb.),https://macbulldogs.com/sports/womens-basketball/roster/tori-verdieck/564
Tori Verdieck,2011-12,Assists,1,02/11/12,at Kansas Wesleyan,https://macbulldogs.com/sports/womens-basketball/roster/tori-verdieck/564
Tori Verdieck,2011-12,Blocks,2,02/11/12,at Kansas Wesleyan,https://macbulldogs.com/sports/womens-basketball/roster/tori-verdieck/564
Tori Verdieck,2011-12,Steals,1,01/12/12,Kansas Wesleyan,https://macbulldogs.com/sports/womens-basketball/roster/tori-verdieck/564
Tori Verdieck,2012-13,Points,0,11/26/12,York College,https://macbulldogs.com/sports/womens-basketball/roster/tori-verdieck/564
Tori Verdieck,2012-13,Minutes,2,11/26/12,York College,https://macbulldogs.com/sports/womens-basketball/roster/tori-verdieck/564
Tori Verdieck,2012-13,Field Goals Made,0,11/26/12,York College,https://macbulldogs.com/sports/womens-basketball/roster/tori-verdieck/564
Tori Verdieck,2012-13,Field Goal Attempts,1,11/20/12,MidAmerica Nazarene Unive,https://macbulldogs.com/sports/womens-basketball/roster/tori-verdieck/564
Tori Verdieck,2012-13,3-Point Field Goals Made,0,11/26/12,York College,https://macbulldogs.com/sports/womens-basketball/roster/tori-verdieck/564
Tori Verdieck,2012-13,3-Point Field Goal Attempts,0,11/26/12,York College,https://macbulldogs.com/sports/womens-basketball/roster/tori-verdieck/564
Tori Verdieck,2012-13,Free Throws Made,0,11/26/12,York College,https://macbulldogs.com/sports/womens-basketball/roster/tori-verdieck/564
Tori Verdieck,2012-13,Free Throw Attempts,0,11/26/12,York College,https://macbulldogs.com/sports/womens-basketball/roster/tori-verdieck/564
Tori Verdieck,2012-13,Rebounds,0,11/26/12,York College,https://macbulldogs.com/sports/womens-basketball/roster/tori-verdieck/564
Tori Verdieck,2012-13,Assists,0,11/26/12,York College,https://macbulldogs.com/sports/womens-basketball/roster/tori-verdieck/564
Tori Verdieck,2012-13,Blocks,0,11/26/12,York College,https://macbulldogs.com/sports/womens-basketball/roster/tori-verdieck/564
Tori Verdieck,2012-13,Steals,0,11/26/12,York College,https://macbulldogs.com/sports/womens-basketball/roster/tori-verdieck/564
Tori Verdieck,2011-12,Points,4,12/03/11,at Tabor (Kan.),https://macbulldogs.com/sports/womens-basketball/roster/tori-verdieck/900
Tori Verdieck,2011-12,Minutes,11,02/11/12,at Kansas Wesleyan,https://macbulldogs.com/sports/womens-basketball/roster/tori-verdieck/900
Tori Verdieck,2011-12,Field Goals Made,2,12/03/11,at Tabor (Kan.),https://macbulldogs.com/sports/womens-basketball/roster/tori-verdieck/900
Tori Verdieck,2011-12,Field Goal Attempts,4,12/03/11,at Tabor (Kan.),https://macbulldogs.com/sports/womens-basketball/roster/tori-verdieck/900
Tori Verdieck,2011-12,3-Point Field Goals Made,0,02/22/12,at Kansas Wesleyan,https://macbulldogs.com/sports/womens-basketball/roster/tori-verdieck/900
Tori Verdieck,2011-12,3-Point Field Goal Attempts,0,02/22/12,at Kansas Wesleyan,https://macbulldogs.com/sports/womens-basketball/roster/tori-verdieck/900
Tori Verdieck,2011-12,Free Throws Made,1,02/16/12,at Ottawa (Kan.),https://macbulldogs.com/sports/womens-basketball/roster/tori-verdieck/900
Tori Verdieck,2011-12,Free Throw Attempts,2,02/16/12,at Ottawa (Kan.),https://macbulldogs.com/sports/womens-basketball/roster/tori-verdieck/900
Tori Verdieck,2011-12,Rebounds,6,01/02/12,York (Neb.),https://macbulldogs.com/sports/womens-basketball/roster/tori-verdieck/900
Tori Verdieck,2011-12,Assists,1,02/11/12,at Kansas Wesleyan,https://macbulldogs.com/sports/womens-basketball/roster/tori-verdieck/900
Tori Verdieck,2011-12,Blocks,2,02/11/12,at Kansas Wesleyan,https://macbulldogs.com/sports/womens-basketball/roster/tori-verdieck/900
Tori Verdieck,2011-12,Steals,1,01/12/12,Kansas Wesleyan,https://macbulldogs.com/sports/womens-basketball/roster/tori-verdieck/900
Tori Verdieck,2012-13,Points,0,11/26/12,York College,https://macbulldogs.com/sports/womens-basketball/roster/tori-verdieck/900
Tori Verdieck,2012-13,Minutes,2,11/26/12,York College,https://macbulldogs.com/sports/womens-basketball/roster/tori-verdieck/900
Tori Verdieck,2012-13,Field Goals Made,0,11/26/12,York College,https://macbulldogs.com/sports/womens-basketball/roster/tori-verdieck/900
Tori Verdieck,2012-13,Field Goal Attempts,1,11/20/12,MidAmerica Nazarene Unive,https://macbulldogs.com/sports/womens-basketball/roster/tori-verdieck/900
Tori Verdieck,2012-13,3-Point Field Goals Made,0,11/26/12,York College,https://macbulldogs.com/sports/womens-basketball/roster/tori-verdieck/900
Tori Verdieck,2012-13,3-Point Field Goal Attempts,0,11/26/12,York College,https://macbulldogs.com/sports/womens-basketball/roster/tori-verdieck/900
Tori Verdieck,2012-13,Free Throws Made,0,11/26/12,York College,https://macbulldogs.com/sports/womens-basketball/roster/tori-verdieck/900
Tori Verdieck,2012-13,Free Throw Attempts,0,11/26/12,York College,https://macbulldogs.com/sports/womens-basketball/roster/tori-verdieck/900
Tori Verdieck,2012-13,Rebounds,0,11/26/12,York College,https://macbulldogs.com/sports/womens-basketball/roster/tori-verdieck/900
Tori Verdieck,2012-13,Assists,0,11/26/12,York College,https://macbulldogs.com/sports/womens-basketball/roster/tori-verdieck/900
Tori Verdieck,2012-13,Blocks,0,11/26/12,York College,https://macbulldogs.com/sports/womens-basketball/roster/tori-verdieck/900
Tori Verdieck,2012-13,Steals,0,11/26/12,York College,https://macbulldogs.com/sports/womens-basketball/roster/tori-verdieck/900
Victoria Ates,2019-20,Points,6,02/08/20,Bethel (Kan.),https://macbulldogs.com/sports/womens-basketball/roster/victoria-ates/7152
Victoria Ates,2019-20,Minutes,16,02/08/20,Bethel (Kan.),https://macbulldogs.com/sports/womens-basketball/roster/victoria-ates/7152
Victoria Ates,2019-20,Field Goals Made,3,10/25/19,Kansas Christian College,https://macbulldogs.com/sports/womens-basketball/roster/victoria-ates/7152
Victoria Ates,2019-20,Field Goal Attempts,6,10/25/19,Kansas Christian College,https://macbulldogs.com/sports/womens-basketball/roster/victoria-ates/7152
Victoria Ates,2019-20,3-Point Field Goals Made,1,11/26/19,at York (Neb.),https://macbulldogs.com/sports/womens-basketball/roster/victoria-ates/7152
Victoria Ates,2019-20,3-Point Field Goal Attempts,1,02/01/20,at Sterling (Kan.),https://macbulldogs.com/sports/womens-basketball/roster/victoria-ates/7152
Victoria Ates,2019-20,Free Throws Made,2,02/19/20,Avila (Mo.),https://macbulldogs.com/sports/womens-basketball/roster/victoria-ates/7152
Victoria Ates,2019-20,Free Throw Attempts,4,02/08/20,Bethel (Kan.),https://macbulldogs.com/sports/womens-basketball/roster/victoria-ates/7152
Victoria Ates,2019-20,Rebounds,5,11/02/19,Randall,https://macbulldogs.com/sports/womens-basketball/roster/victoria-ates/7152
Victoria Ates,2019-20,Assists,2,01/29/20,St. Mary (Kan.),https://macbulldogs.com/sports/womens-basketball/roster/victoria-ates/7152
Victoria Ates,2019-20,Blocks,0,02/22/20,Ottawa (Kan.),https://macbulldogs.com/sports/womens-basketball/roster/victoria-ates/7152
Victoria Ates,2019-20,Steals,4,01/25/20,York (Neb.),https://macbulldogs.com/sports/womens-basketball/roster/victoria-ates/7152
Victoria Ates,2020-21,Points,16,01/30/21,at Southwestern (Kan.),https://macbulldogs.com/sports/womens-basketball/roster/victoria-ates/7152
Victoria Ates,2020-21,Minutes,33,01/30/21,at Southwestern (Kan.),https://macbulldogs.com/sports/womens-basketball/roster/victoria-ates/7152
Victoria Ates,2020-21,Field Goals Made,7,01/30/21,at Southwestern (Kan.),https://macbulldogs.com/sports/womens-basketball/roster/victoria-ates/7152
Victoria Ates,2020-21,Field Goal Attempts,13,01/30/21,at Southwestern (Kan.),https://macbulldogs.com/sports/womens-basketball/roster/victoria-ates/7152
Victoria Ates,2020-21,3-Point Field Goals Made,2,01/27/21,at Tabor (Kan.),https://macbulldogs.com/sports/womens-basketball/roster/victoria-ates/7152
Victoria Ates,2020-21,3-Point Field Goal Attempts,4,01/27/21,at Tabor (Kan.),https://macbulldogs.com/sports/womens-basketball/roster/victoria-ates/7152
Victoria Ates,2020-21,Free Throws Made,6,11/04/20,Avila (Mo.),https://macbulldogs.com/sports/womens-basketball/roster/victoria-ates/7152
Victoria Ates,2020-21,Free Throw Attempts,7,01/11/21,at Bethel (Kan.),https://macbulldogs.com/sports/womens-basketball/roster/victoria-ates/7152
Victoria Ates,2020-21,Rebounds,8,01/30/21,at Southwestern (Kan.),https://macbulldogs.com/sports/womens-basketball/roster/victoria-ates/7152
Victoria Ates,2020-21,Assists,4,01/20/21,Friends (Kan.),https://macbulldogs.com/sports/womens-basketball/roster/victoria-ates/7152
Victoria Ates,2020-21,Blocks,2,11/24/20,at Randall,https://macbulldogs.com/sports/womens-basketball/roster/victoria-ates/7152
Victoria Ates,2020-21,Steals,3,02/10/21,at Sterling (Kan.),https://macbulldogs.com/sports/womens-basketball/roster/victoria-ates/7152
Victoria Ates,2021-22,Points,10,02/23/22,at Sterling,https://macbulldogs.com/sports/womens-basketball/roster/victoria-ates/7152
Victoria Ates,2021-22,Minutes,25,11/23/21,Avila,https://macbulldogs.com/sports/womens-basketball/roster/victoria-ates/7152
Victoria Ates,2021-22,Field Goals Made,5,02/23/22,at Sterling,https://macbulldogs.com/sports/womens-basketball/roster/victoria-ates/7152
Victoria Ates,2021-22,Field Goal Attempts,10,01/27/22,Friends University,https://macbulldogs.com/sports/womens-basketball/roster/victoria-ates/7152
Victoria Ates,2021-22,3-Point Field Goals Made,2,02/09/22,at Ottawa University,https://macbulldogs.com/sports/womens-basketball/roster/victoria-ates/7152
Victoria Ates,2021-22,3-Point Field Goal Attempts,4,11/13/21,at Peru State,https://macbulldogs.com/sports/womens-basketball/roster/victoria-ates/7152
Victoria Ates,2021-22,Free Throws Made,3,01/29/22,at York,https://macbulldogs.com/sports/womens-basketball/roster/victoria-ates/7152
Victoria Ates,2021-22,Free Throw Attempts,4,01/29/22,at York,https://macbulldogs.com/sports/womens-basketball/roster/victoria-ates/7152
Victoria Ates,2021-22,Rebounds,7,11/29/21,Bethel,https://macbulldogs.com/sports/womens-basketball/roster/victoria-ates/7152
Victoria Ates,2021-22,Assists,2,02/21/22,Bethel,https://macbulldogs.com/sports/womens-basketball/roster/victoria-ates/7152
Victoria Ates,2021-22,Blocks,1,11/27/21,at Bethany,https://macbulldogs.com/sports/womens-basketball/roster/victoria-ates/7152
Victoria Ates,2021-22,Steals,4,01/22/22,Bethany,https://macbulldogs.com/sports/womens-basketball/roster/victoria-ates/7152
Victoria Ates,2019-20,Points,6,02/08/20,Bethel (Kan.),https://macbulldogs.com/sports/womens-basketball/roster/victoria-ates/8000
Victoria Ates,2019-20,Minutes,16,02/08/20,Bethel (Kan.),https://macbulldogs.com/sports/womens-basketball/roster/victoria-ates/8000
Victoria Ates,2019-20,Field Goals Made,3,10/25/19,Kansas Christian College,https://macbulldogs.com/sports/womens-basketball/roster/victoria-ates/8000
Victoria Ates,2019-20,Field Goal Attempts,6,10/25/19,Kansas Christian College,https://macbulldogs.com/sports/womens-basketball/roster/victoria-ates/8000
Victoria Ates,2019-20,3-Point Field Goals Made,1,11/26/19,at York (Neb.),https://macbulldogs.com/sports/womens-basketball/roster/victoria-ates/8000
Victoria Ates,2019-20,3-Point Field Goal Attempts,1,02/01/20,at Sterling (Kan.),https://macbulldogs.com/sports/womens-basketball/roster/victoria-ates/8000
Victoria Ates,2019-20,Free Throws Made,2,02/19/20,Avila (Mo.),https://macbulldogs.com/sports/womens-basketball/roster/victoria-ates/8000
Victoria Ates,2019-20,Free Throw Attempts,4,02/08/20,Bethel (Kan.),https://macbulldogs.com/sports/womens-basketball/roster/victoria-ates/8000
Victoria Ates,2019-20,Rebounds,5,11/02/19,Randall,https://macbulldogs.com/sports/womens-basketball/roster/victoria-ates/8000
Victoria Ates,2019-20,Assists,2,01/29/20,St. Mary (Kan.),https://macbulldogs.com/sports/womens-basketball/roster/victoria-ates/8000
Victoria Ates,2019-20,Blocks,0,02/22/20,Ottawa (Kan.),https://macbulldogs.com/sports/womens-basketball/roster/victoria-ates/8000
Victoria Ates,2019-20,Steals,4,01/25/20,York (Neb.),https://macbulldogs.com/sports/womens-basketball/roster/victoria-ates/8000
Victoria Ates,2020-21,Points,16,01/30/21,at Southwestern (Kan.),https://macbulldogs.com/sports/womens-basketball/roster/victoria-ates/8000
Victoria Ates,2020-21,Minutes,33,01/30/21,at Southwestern (Kan.),https://macbulldogs.com/sports/womens-basketball/roster/victoria-ates/8000
Victoria Ates,2020-21,Field Goals Made,7,01/30/21,at Southwestern (Kan.),https://macbulldogs.com/sports/womens-basketball/roster/victoria-ates/8000
Victoria Ates,2020-21,Field Goal Attempts,13,01/30/21,at Southwestern (Kan.),https://macbulldogs.com/sports/womens-basketball/roster/victoria-ates/8000
Victoria Ates,2020-21,3-Point Field Goals Made,2,01/27/21,at Tabor (Kan.),https://macbulldogs.com/sports/womens-basketball/roster/victoria-ates/8000
Victoria Ates,2020-21,3-Point Field Goal Attempts,4,01/27/21,at Tabor (Kan.),https://macbulldogs.com/sports/womens-basketball/roster/victoria-ates/8000
Victoria Ates,2020-21,Free Throws Made,6,11/04/20,Avila (Mo.),https://macbulldogs.com/sports/womens-basketball/roster/victoria-ates/8000
Victoria Ates,2020-21,Free Throw Attempts,7,01/11/21,at Bethel (Kan.),https://macbulldogs.com/sports/womens-basketball/roster/victoria-ates/8000
Victoria Ates,2020-21,Rebounds,8,01/30/21,at Southwestern (Kan.),https://macbulldogs.com/sports/womens-basketball/roster/victoria-ates/8000
Victoria Ates,2020-21,Assists,4,01/20/21,Friends (Kan.),https://macbulldogs.com/sports/womens-basketball/roster/victoria-ates/8000
Victoria Ates,2020-21,Blocks,2,11/24/20,at Randall,https://macbulldogs.com/sports/womens-basketball/roster/victoria-ates/8000
Victoria Ates,2020-21,Steals,3,02/10/21,at Sterling (Kan.),https://macbulldogs.com/sports/womens-basketball/roster/victoria-ates/8000
Victoria Ates,2021-22,Points,10,02/23/22,at Sterling,https://macbulldogs.com/sports/womens-basketball/roster/victoria-ates/8000
Victoria Ates,2021-22,Minutes,25,11/23/21,Avila,https://macbulldogs.com/sports/womens-basketball/roster/victoria-ates/8000
Victoria Ates,2021-22,Field Goals Made,5,02/23/22,at Sterling,https://macbulldogs.com/sports/womens-basketball/roster/victoria-ates/8000
Victoria Ates,2021-22,Field Goal Attempts,10,01/27/22,Friends University,https://macbulldogs.com/sports/womens-basketball/roster/victoria-ates/8000
Victoria Ates,2021-22,3-Point Field Goals Made,2,02/09/22,at Ottawa University,https://macbulldogs.com/sports/womens-basketball/roster/victoria-ates/8000
Victoria Ates,2021-22,3-Point Field Goal Attempts,4,11/13/21,at Peru State,https://macbulldogs.com/sports/womens-basketball/roster/victoria-ates/8000
Victoria Ates,2021-22,Free Throws Made,3,01/29/22,at York,https://macbulldogs.com/sports/womens-basketball/roster/victoria-ates/8000
Victoria Ates,2021-22,Free Throw Attempts,4,01/29/22,at York,https://macbulldogs.com/sports/womens-basketball/roster/victoria-ates/8000
Victoria Ates,2021-22,Rebounds,7,11/29/21,Bethel,https://macbulldogs.com/sports/womens-basketball/roster/victoria-ates/8000
Victoria Ates,2021-22,Assists,2,02/21/22,Bethel,https://macbulldogs.com/sports/womens-basketball/roster/victoria-ates/8000
Victoria Ates,2021-22,Blocks,1,11/27/21,at Bethany,https://macbulldogs.com/sports/womens-basketball/roster/victoria-ates/8000
Victoria Ates,2021-22,Steals,4,01/22/22,Bethany,https://macbulldogs.com/sports/womens-basketball/roster/victoria-ates/8000
Victoria Gonzalez,2016-17,Points,16,12/30/16,vs Dakota State (S.D.),https://macbulldogs.com/sports/womens-basketball/roster/victoria-gonzalez/3143
Victoria Gonzalez,2016-17,Minutes,27,01/18/17,Kansas Wesleyan,https://macbulldogs.com/sports/womens-basketball/roster/victoria-gonzalez/3143
Victoria Gonzalez,2016-17,Field Goals Made,6,12/30/16,vs Dakota State (S.D.),https://macbulldogs.com/sports/womens-basketball/roster/victoria-gonzalez/3143
Victoria Gonzalez,2016-17,Field Goal Attempts,10,01/16/17,at Bethany (Kan.),https://macbulldogs.com/sports/womens-basketball/roster/victoria-gonzalez/3143
Victoria Gonzalez,2016-17,3-Point Field Goals Made,5,01/25/17,Bethel (Kan.),https://macbulldogs.com/sports/womens-basketball/roster/victoria-gonzalez/3143
Victoria Gonzalez,2016-17,3-Point Field Goal Attempts,7,01/21/17,at Oklahoma Wesleyan,https://macbulldogs.com/sports/womens-basketball/roster/victoria-gonzalez/3143
Victoria Gonzalez,2016-17,Free Throws Made,2,02/02/17,Tabor (Kan.),https://macbulldogs.com/sports/womens-basketball/roster/victoria-gonzalez/3143
Victoria Gonzalez,2016-17,Free Throw Attempts,3,12/30/16,vs Dakota State (S.D.),https://macbulldogs.com/sports/womens-basketball/roster/victoria-gonzalez/3143
Victoria Gonzalez,2016-17,Rebounds,8,01/18/17,Kansas Wesleyan,https://macbulldogs.com/sports/womens-basketball/roster/victoria-gonzalez/3143
Victoria Gonzalez,2016-17,Assists,3,01/18/17,Kansas Wesleyan,https://macbulldogs.com/sports/womens-basketball/roster/victoria-gonzalez/3143
Victoria Gonzalez,2016-17,Blocks,5,01/18/17,Kansas Wesleyan,https://macbulldogs.com/sports/womens-basketball/roster/victoria-gonzalez/3143
Victoria Gonzalez,2016-17,Steals,2,01/25/17,Bethel (Kan.),https://macbulldogs.com/sports/womens-basketball/roster/victoria-gonzalez/3143
Victoria Gonzalez,2018-19,Points,3,11/20/18,Tabor,https://macbulldogs.com/sports/womens-basketball/roster/victoria-gonzalez/3143
Victoria Gonzalez,2018-19,Minutes,7,11/20/18,Tabor,https://macbulldogs.com/sports/womens-basketball/roster/victoria-gonzalez/3143
Victoria Gonzalez,2018-19,Field Goals Made,1,11/20/18,Tabor,https://macbulldogs.com/sports/womens-basketball/roster/victoria-gonzalez/3143
Victoria Gonzalez,2018-19,Field Goal Attempts,4,11/20/18,Tabor,https://macbulldogs.com/sports/womens-basketball/roster/victoria-gonzalez/3143
Victoria Gonzalez,2018-19,3-Point Field Goals Made,0,12/05/18,York (Neb.),https://macbulldogs.com/sports/womens-basketball/roster/victoria-gonzalez/3143
Victoria Gonzalez,2018-19,3-Point Field Goal Attempts,1,11/20/18,Tabor,https://macbulldogs.com/sports/womens-basketball/roster/victoria-gonzalez/3143
Victoria Gonzalez,2018-19,Free Throws Made,1,11/20/18,Tabor,https://macbulldogs.com/sports/womens-basketball/roster/victoria-gonzalez/3143
Victoria Gonzalez,2018-19,Free Throw Attempts,1,11/20/18,Tabor,https://macbulldogs.com/sports/womens-basketball/roster/victoria-gonzalez/3143
Victoria Gonzalez,2018-19,Rebounds,0,12/05/18,York (Neb.),https://macbulldogs.com/sports/womens-basketball/roster/victoria-gonzalez/3143
Victoria Gonzalez,2018-19,Assists,1,12/05/18,York (Neb.),https://macbulldogs.com/sports/womens-basketball/roster/victoria-gonzalez/3143
Victoria Gonzalez,2018-19,Blocks,0,12/05/18,York (Neb.),https://macbulldogs.com/sports/womens-basketball/roster/victoria-gonzalez/3143
Victoria Gonzalez,2018-19,Steals,0,12/05/18,York (Neb.),https://macbulldogs.com/sports/womens-basketball/roster/victoria-gonzalez/3143
Victoria Gonzalez,2016-17,Points,16,12/30/16,vs Dakota State (S.D.),https://macbulldogs.com/sports/womens-basketball/roster/victoria-gonzalez/4118
Victoria Gonzalez,2016-17,Minutes,27,01/18/17,Kansas Wesleyan,https://macbulldogs.com/sports/womens-basketball/roster/victoria-gonzalez/4118
Victoria Gonzalez,2016-17,Field Goals Made,6,12/30/16,vs Dakota State (S.D.),https://macbulldogs.com/sports/womens-basketball/roster/victoria-gonzalez/4118
Victoria Gonzalez,2016-17,Field Goal Attempts,10,01/16/17,at Bethany (Kan.),https://macbulldogs.com/sports/womens-basketball/roster/victoria-gonzalez/4118
Victoria Gonzalez,2016-17,3-Point Field Goals Made,5,01/25/17,Bethel (Kan.),https://macbulldogs.com/sports/womens-basketball/roster/victoria-gonzalez/4118
Victoria Gonzalez,2016-17,3-Point Field Goal Attempts,7,01/21/17,at Oklahoma Wesleyan,https://macbulldogs.com/sports/womens-basketball/roster/victoria-gonzalez/4118
Victoria Gonzalez,2016-17,Free Throws Made,2,02/02/17,Tabor (Kan.),https://macbulldogs.com/sports/womens-basketball/roster/victoria-gonzalez/4118
Victoria Gonzalez,2016-17,Free Throw Attempts,3,12/30/16,vs Dakota State (S.D.),https://macbulldogs.com/sports/womens-basketball/roster/victoria-gonzalez/4118
Victoria Gonzalez,2016-17,Rebounds,8,01/18/17,Kansas Wesleyan,https://macbulldogs.com/sports/womens-basketball/roster/victoria-gonzalez/4118
Victoria Gonzalez,2016-17,Assists,3,01/18/17,Kansas Wesleyan,https://macbulldogs.com/sports/womens-basketball/roster/victoria-gonzalez/4118
Victoria Gonzalez,2016-17,Blocks,5,01/18/17,Kansas Wesleyan,https://macbulldogs.com/sports/womens-basketball/roster/victoria-gonzalez/4118
Victoria Gonzalez,2016-17,Steals,2,01/25/17,Bethel (Kan.),https://macbulldogs.com/sports/womens-basketball/roster/victoria-gonzalez/4118
Victoria Gonzalez,2018-19,Points,3,11/20/18,Tabor,https://macbulldogs.com/sports/womens-basketball/roster/victoria-gonzalez/4118
Victoria Gonzalez,2018-19,Minutes,7,11/20/18,Tabor,https://macbulldogs.com/sports/womens-basketball/roster/victoria-gonzalez/4118
Victoria Gonzalez,2018-19,Field Goals Made,1,11/20/18,Tabor,https://macbulldogs.com/sports/womens-basketball/roster/victoria-gonzalez/4118
Victoria Gonzalez,2018-19,Field Goal Attempts,4,11/20/18,Tabor,https://macbulldogs.com/sports/womens-basketball/roster/victoria-gonzalez/4118
Victoria Gonzalez,2018-19,3-Point Field Goals Made,0,12/05/18,York (Neb.),https://macbulldogs.com/sports/womens-basketball/roster/victoria-gonzalez/4118
Victoria Gonzalez,2018-19,3-Point Field Goal Attempts,1,11/20/18,Tabor,https://macbulldogs.com/sports/womens-basketball/roster/victoria-gonzalez/4118
Victoria Gonzalez,2018-19,Free Throws Made,1,11/20/18,Tabor,https://macbulldogs.com/sports/womens-basketball/roster/victoria-gonzalez/4118
Victoria Gonzalez,2018-19,Free Throw Attempts,1,11/20/18,Tabor,https://macbulldogs.com/sports/womens-basketball/roster/victoria-gonzalez/4118
Victoria Gonzalez,2018-19,Rebounds,0,12/05/18,York (Neb.),https://macbulldogs.com/sports/womens-basketball/roster/victoria-gonzalez/4118
Victoria Gonzalez,2018-19,Assists,1,12/05/18,York (Neb.),https://macbulldogs.com/sports/womens-basketball/roster/victoria-gonzalez/4118
Victoria Gonzalez,2018-19,Blocks,0,12/05/18,York (Neb.),https://macbulldogs.com/sports/womens-basketball/roster/victoria-gonzalez/4118
Victoria Gonzalez,2018-19,Steals,0,12/05/18,York (Neb.),https://macbulldogs.com/sports/womens-basketball/roster/victoria-gonzalez/4118
Whitney Jefferson,2012-13,Points,0,02/02/13,at Saint Mary (Kan.),https://macbulldogs.com/sports/womens-basketball/roster/whitney-jefferson/1751
Whitney Jefferson,2012-13,Minutes,4,01/03/13,Saint Mary (Kan.),https://macbulldogs.com/sports/womens-basketball/roster/whitney-jefferson/1751
Whitney Jefferson,2012-13,Field Goals Made,0,02/02/13,at Saint Mary (Kan.),https://macbulldogs.com/sports/womens-basketball/roster/whitney-jefferson/1751
Whitney Jefferson,2012-13,Field Goal Attempts,2,11/13/12,at Central Christian,https://macbulldogs.com/sports/womens-basketball/roster/whitney-jefferson/1751
Whitney Jefferson,2012-13,3-Point Field Goals Made,0,02/02/13,at Saint Mary (Kan.),https://macbulldogs.com/sports/womens-basketball/roster/whitney-jefferson/1751
Whitney Jefferson,2012-13,3-Point Field Goal Attempts,2,11/13/12,at Central Christian,https://macbulldogs.com/sports/womens-basketball/roster/whitney-jefferson/1751
Whitney Jefferson,2012-13,Free Throws Made,0,02/02/13,at Saint Mary (Kan.),https://macbulldogs.com/sports/womens-basketball/roster/whitney-jefferson/1751
Whitney Jefferson,2012-13,Free Throw Attempts,0,02/02/13,at Saint Mary (Kan.),https://macbulldogs.com/sports/womens-basketball/roster/whitney-jefferson/1751
Whitney Jefferson,2012-13,Rebounds,2,01/03/13,Saint Mary (Kan.),https://macbulldogs.com/sports/womens-basketball/roster/whitney-jefferson/1751
Whitney Jefferson,2012-13,Assists,2,01/03/13,Saint Mary (Kan.),https://macbulldogs.com/sports/womens-basketball/roster/whitney-jefferson/1751
Whitney Jefferson,2012-13,Blocks,0,02/02/13,at Saint Mary (Kan.),https://macbulldogs.com/sports/womens-basketball/roster/whitney-jefferson/1751
Whitney Jefferson,2012-13,Steals,1,01/03/13,Saint Mary (Kan.),https://macbulldogs.com/sports/womens-basketball/roster/whitney-jefferson/1751
Whitney Jefferson,2013-14,Points,8,02/01/14,at Sterling (Kan.),https://macbulldogs.com/sports/womens-basketball/roster/whitney-jefferson/1751
Whitney Jefferson,2013-14,Minutes,36,11/02/13,Johnson & Wales (Colo.),https://macbulldogs.com/sports/womens-basketball/roster/whitney-jefferson/1751
Whitney Jefferson,2013-14,Field Goals Made,3,11/15/13,at York (Neb.),https://macbulldogs.com/sports/womens-basketball/roster/whitney-jefferson/1751
Whitney Jefferson,2013-14,Field Goal Attempts,7,11/23/13,Northern New Mexico,https://macbulldogs.com/sports/womens-basketball/roster/whitney-jefferson/1751
Whitney Jefferson,2013-14,3-Point Field Goals Made,2,11/23/13,Northern New Mexico,https://macbulldogs.com/sports/womens-basketball/roster/whitney-jefferson/1751
Whitney Jefferson,2013-14,3-Point Field Goal Attempts,3,01/22/14,Southwestern (Kan.),https://macbulldogs.com/sports/womens-basketball/roster/whitney-jefferson/1751
Whitney Jefferson,2013-14,Free Throws Made,4,02/06/14,at Friends (Kan.),https://macbulldogs.com/sports/womens-basketball/roster/whitney-jefferson/1751
Whitney Jefferson,2013-14,Free Throw Attempts,7,10/29/13,at Haskell (Kan.),https://macbulldogs.com/sports/womens-basketball/roster/whitney-jefferson/1751
Whitney Jefferson,2013-14,Rebounds,10,11/02/13,Johnson & Wales (Colo.),https://macbulldogs.com/sports/womens-basketball/roster/whitney-jefferson/1751
Whitney Jefferson,2013-14,Assists,6,11/05/13,Baker (Kan.),https://macbulldogs.com/sports/womens-basketball/roster/whitney-jefferson/1751
Whitney Jefferson,2013-14,Blocks,0,02/26/14,at Southwestern (Kan.),https://macbulldogs.com/sports/womens-basketball/roster/whitney-jefferson/1751
Whitney Jefferson,2013-14,Steals,3,02/20/14,Bethany (Kan.),https://macbulldogs.com/sports/womens-basketball/roster/whitney-jefferson/1751
Whitney Jefferson,2014-15,Points,10,11/21/14,York (Neb.),https://macbulldogs.com/sports/womens-basketball/roster/whitney-jefferson/1751
Whitney Jefferson,2014-15,Minutes,39,01/02/15,vs Peru State (Neb.),https://macbulldogs.com/sports/womens-basketball/roster/whitney-jefferson/1751
Whitney Jefferson,2014-15,Field Goals Made,4,11/21/14,York (Neb.),https://macbulldogs.com/sports/womens-basketball/roster/whitney-jefferson/1751
Whitney Jefferson,2014-15,Field Goal Attempts,8,01/31/15,at Kansas Wesleyan,https://macbulldogs.com/sports/womens-basketball/roster/whitney-jefferson/1751
Whitney Jefferson,2014-15,3-Point Field Goals Made,1,02/21/15,Saint Mary (Kan.),https://macbulldogs.com/sports/womens-basketball/roster/whitney-jefferson/1751
Whitney Jefferson,2014-15,3-Point Field Goal Attempts,3,01/31/15,at Kansas Wesleyan,https://macbulldogs.com/sports/womens-basketball/roster/whitney-jefferson/1751
Whitney Jefferson,2014-15,Free Throws Made,4,01/24/15,Bethany (Kan.),https://macbulldogs.com/sports/womens-basketball/roster/whitney-jefferson/1751
Whitney Jefferson,2014-15,Free Throw Attempts,6,01/24/15,Bethany (Kan.),https://macbulldogs.com/sports/womens-basketball/roster/whitney-jefferson/1751
Whitney Jefferson,2014-15,Rebounds,9,01/28/15,Bethel (Kan.),https://macbulldogs.com/sports/womens-basketball/roster/whitney-jefferson/1751
Whitney Jefferson,2014-15,Assists,6,02/07/15,Sterling (Kan.),https://macbulldogs.com/sports/womens-basketball/roster/whitney-jefferson/1751
Whitney Jefferson,2014-15,Blocks,1,02/07/15,Sterling (Kan.),https://macbulldogs.com/sports/womens-basketball/roster/whitney-jefferson/1751
Whitney Jefferson,2014-15,Steals,3,01/02/15,vs Peru State (Neb.),https://macbulldogs.com/sports/womens-basketball/roster/whitney-jefferson/1751
Whitney Jefferson,2015-16,Points,3,01/07/16,York (Neb.),https://macbulldogs.com/sports/womens-basketball/roster/whitney-jefferson/1751
Whitney Jefferson,2015-16,Minutes,20,01/20/16,Bethel (Kan.),https://macbulldogs.com/sports/womens-basketball/roster/whitney-jefferson/1751
Whitney Jefferson,2015-16,Field Goals Made,1,02/18/16,at Sterling (Kan.),https://macbulldogs.com/sports/womens-basketball/roster/whitney-jefferson/1751
Whitney Jefferson,2015-16,Field Goal Attempts,3,10/29/15,Hillsdale (Okla.),https://macbulldogs.com/sports/womens-basketball/roster/whitney-jefferson/1751
Whitney Jefferson,2015-16,3-Point Field Goals Made,0,02/20/16,Saint Mary (Kan.),https://macbulldogs.com/sports/womens-basketball/roster/whitney-jefferson/1751
Whitney Jefferson,2015-16,3-Point Field Goal Attempts,1,01/14/16,at Saint Mary (Kan.),https://macbulldogs.com/sports/womens-basketball/roster/whitney-jefferson/1751
Whitney Jefferson,2015-16,Free Throws Made,3,12/05/15,Friends (Kan.),https://macbulldogs.com/sports/womens-basketball/roster/whitney-jefferson/1751
Whitney Jefferson,2015-16,Free Throw Attempts,4,12/05/15,Friends (Kan.),https://macbulldogs.com/sports/womens-basketball/roster/whitney-jefferson/1751
Whitney Jefferson,2015-16,Rebounds,3,01/14/16,at Saint Mary (Kan.),https://macbulldogs.com/sports/womens-basketball/roster/whitney-jefferson/1751
Whitney Jefferson,2015-16,Assists,4,01/20/16,Bethel (Kan.),https://macbulldogs.com/sports/womens-basketball/roster/whitney-jefferson/1751
Whitney Jefferson,2015-16,Blocks,1,12/17/15,Southwestern Christian (O,https://macbulldogs.com/sports/womens-basketball/roster/whitney-jefferson/1751
Whitney Jefferson,2015-16,Steals,1,01/09/16,Sterling (Kan.),https://macbulldogs.com/sports/womens-basketball/roster/whitney-jefferson/1751
Whitney Jefferson,2012-13,Points,0,02/02/13,at Saint Mary (Kan.),https://macbulldogs.com/sports/womens-basketball/roster/whitney-jefferson/2151
Whitney Jefferson,2012-13,Minutes,4,01/03/13,Saint Mary (Kan.),https://macbulldogs.com/sports/womens-basketball/roster/whitney-jefferson/2151
Whitney Jefferson,2012-13,Field Goals Made,0,02/02/13,at Saint Mary (Kan.),https://macbulldogs.com/sports/womens-basketball/roster/whitney-jefferson/2151
Whitney Jefferson,2012-13,Field Goal Attempts,2,11/13/12,at Central Christian,https://macbulldogs.com/sports/womens-basketball/roster/whitney-jefferson/2151
Whitney Jefferson,2012-13,3-Point Field Goals Made,0,02/02/13,at Saint Mary (Kan.),https://macbulldogs.com/sports/womens-basketball/roster/whitney-jefferson/2151
Whitney Jefferson,2012-13,3-Point Field Goal Attempts,2,11/13/12,at Central Christian,https://macbulldogs.com/sports/womens-basketball/roster/whitney-jefferson/2151
Whitney Jefferson,2012-13,Free Throws Made,0,02/02/13,at Saint Mary (Kan.),https://macbulldogs.com/sports/womens-basketball/roster/whitney-jefferson/2151
Whitney Jefferson,2012-13,Free Throw Attempts,0,02/02/13,at Saint Mary (Kan.),https://macbulldogs.com/sports/womens-basketball/roster/whitney-jefferson/2151
Whitney Jefferson,2012-13,Rebounds,2,01/03/13,Saint Mary (Kan.),https://macbulldogs.com/sports/womens-basketball/roster/whitney-jefferson/2151
Whitney Jefferson,2012-13,Assists,2,01/03/13,Saint Mary (Kan.),https://macbulldogs.com/sports/womens-basketball/roster/whitney-jefferson/2151
Whitney Jefferson,2012-13,Blocks,0,02/02/13,at Saint Mary (Kan.),https://macbulldogs.com/sports/womens-basketball/roster/whitney-jefferson/2151
Whitney Jefferson,2012-13,Steals,1,01/03/13,Saint Mary (Kan.),https://macbulldogs.com/sports/womens-basketball/roster/whitney-jefferson/2151
Whitney Jefferson,2013-14,Points,8,02/01/14,at Sterling (Kan.),https://macbulldogs.com/sports/womens-basketball/roster/whitney-jefferson/2151
Whitney Jefferson,2013-14,Minutes,36,11/02/13,Johnson & Wales (Colo.),https://macbulldogs.com/sports/womens-basketball/roster/whitney-jefferson/2151
Whitney Jefferson,2013-14,Field Goals Made,3,11/15/13,at York (Neb.),https://macbulldogs.com/sports/womens-basketball/roster/whitney-jefferson/2151
Whitney Jefferson,2013-14,Field Goal Attempts,7,11/23/13,Northern New Mexico,https://macbulldogs.com/sports/womens-basketball/roster/whitney-jefferson/2151
Whitney Jefferson,2013-14,3-Point Field Goals Made,2,11/23/13,Northern New Mexico,https://macbulldogs.com/sports/womens-basketball/roster/whitney-jefferson/2151
Whitney Jefferson,2013-14,3-Point Field Goal Attempts,3,01/22/14,Southwestern (Kan.),https://macbulldogs.com/sports/womens-basketball/roster/whitney-jefferson/2151
Whitney Jefferson,2013-14,Free Throws Made,4,02/06/14,at Friends (Kan.),https://macbulldogs.com/sports/womens-basketball/roster/whitney-jefferson/2151
Whitney Jefferson,2013-14,Free Throw Attempts,7,10/29/13,at Haskell (Kan.),https://macbulldogs.com/sports/womens-basketball/roster/whitney-jefferson/2151
Whitney Jefferson,2013-14,Rebounds,10,11/02/13,Johnson & Wales (Colo.),https://macbulldogs.com/sports/womens-basketball/roster/whitney-jefferson/2151
Whitney Jefferson,2013-14,Assists,6,11/05/13,Baker (Kan.),https://macbulldogs.com/sports/womens-basketball/roster/whitney-jefferson/2151
Whitney Jefferson,2013-14,Blocks,0,02/26/14,at Southwestern (Kan.),https://macbulldogs.com/sports/womens-basketball/roster/whitney-jefferson/2151
Whitney Jefferson,2013-14,Steals,3,02/20/14,Bethany (Kan.),https://macbulldogs.com/sports/womens-basketball/roster/whitney-jefferson/2151
Whitney Jefferson,2014-15,Points,10,11/21/14,York (Neb.),https://macbulldogs.com/sports/womens-basketball/roster/whitney-jefferson/2151
Whitney Jefferson,2014-15,Minutes,39,01/02/15,vs Peru State (Neb.),https://macbulldogs.com/sports/womens-basketball/roster/whitney-jefferson/2151
Whitney Jefferson,2014-15,Field Goals Made,4,11/21/14,York (Neb.),https://macbulldogs.com/sports/womens-basketball/roster/whitney-jefferson/2151
Whitney Jefferson,2014-15,Field Goal Attempts,8,01/31/15,at Kansas Wesleyan,https://macbulldogs.com/sports/womens-basketball/roster/whitney-jefferson/2151
Whitney Jefferson,2014-15,3-Point Field Goals Made,1,02/21/15,Saint Mary (Kan.),https://macbulldogs.com/sports/womens-basketball/roster/whitney-jefferson/2151
Whitney Jefferson,2014-15,3-Point Field Goal Attempts,3,01/31/15,at Kansas Wesleyan,https://macbulldogs.com/sports/womens-basketball/roster/whitney-jefferson/2151
Whitney Jefferson,2014-15,Free Throws Made,4,01/24/15,Bethany (Kan.),https://macbulldogs.com/sports/womens-basketball/roster/whitney-jefferson/2151
Whitney Jefferson,2014-15,Free Throw Attempts,6,01/24/15,Bethany (Kan.),https://macbulldogs.com/sports/womens-basketball/roster/whitney-jefferson/2151
Whitney Jefferson,2014-15,Rebounds,9,01/28/15,Bethel (Kan.),https://macbulldogs.com/sports/womens-basketball/roster/whitney-jefferson/2151
Whitney Jefferson,2014-15,Assists,6,02/07/15,Sterling (Kan.),https://macbulldogs.com/sports/womens-basketball/roster/whitney-jefferson/2151
Whitney Jefferson,2014-15,Blocks,1,02/07/15,Sterling (Kan.),https://macbulldogs.com/sports/womens-basketball/roster/whitney-jefferson/2151
Whitney Jefferson,2014-15,Steals,3,01/02/15,vs Peru State (Neb.),https://macbulldogs.com/sports/womens-basketball/roster/whitney-jefferson/2151
Whitney Jefferson,2015-16,Points,3,01/07/16,York (Neb.),https://macbulldogs.com/sports/womens-basketball/roster/whitney-jefferson/2151
Whitney Jefferson,2015-16,Minutes,20,01/20/16,Bethel (Kan.),https://macbulldogs.com/sports/womens-basketball/roster/whitney-jefferson/2151
Whitney Jefferson,2015-16,Field Goals Made,1,02/18/16,at Sterling (Kan.),https://macbulldogs.com/sports/womens-basketball/roster/whitney-jefferson/2151
Whitney Jefferson,2015-16,Field Goal Attempts,3,10/29/15,Hillsdale (Okla.),https://macbulldogs.com/sports/womens-basketball/roster/whitney-jefferson/2151
Whitney Jefferson,2015-16,3-Point Field Goals Made,0,02/20/16,Saint Mary (Kan.),https://macbulldogs.com/sports/womens-basketball/roster/whitney-jefferson/2151
Whitney Jefferson,2015-16,3-Point Field Goal Attempts,1,01/14/16,at Saint Mary (Kan.),https://macbulldogs.com/sports/womens-basketball/roster/whitney-jefferson/2151
Whitney Jefferson,2015-16,Free Throws Made,3,12/05/15,Friends (Kan.),https://macbulldogs.com/sports/womens-basketball/roster/whitney-jefferson/2151
Whitney Jefferson,2015-16,Free Throw Attempts,4,12/05/15,Friends (Kan.),https://macbulldogs.com/sports/womens-basketball/roster/whitney-jefferson/2151
Whitney Jefferson,2015-16,Rebounds,3,01/14/16,at Saint Mary (Kan.),https://macbulldogs.com/sports/womens-basketball/roster/whitney-jefferson/2151
Whitney Jefferson,2015-16,Assists,4,01/20/16,Bethel (Kan.),https://macbulldogs.com/sports/womens-basketball/roster/whitney-jefferson/2151
Whitney Jefferson,2015-16,Blocks,1,12/17/15,Southwestern Christian (O,https://macbulldogs.com/sports/womens-basketball/roster/whitney-jefferson/2151
Whitney Jefferson,2015-16,Steals,1,01/09/16,Sterling (Kan.),https://macbulldogs.com/sports/womens-basketball/roster/whitney-jefferson/2151
Whitney Jefferson,2012-13,Points,0,02/02/13,at Saint Mary (Kan.),https://macbulldogs.com/sports/womens-basketball/roster/whitney-jefferson/2582
Whitney Jefferson,2012-13,Minutes,4,01/03/13,Saint Mary (Kan.),https://macbulldogs.com/sports/womens-basketball/roster/whitney-jefferson/2582
Whitney Jefferson,2012-13,Field Goals Made,0,02/02/13,at Saint Mary (Kan.),https://macbulldogs.com/sports/womens-basketball/roster/whitney-jefferson/2582
Whitney Jefferson,2012-13,Field Goal Attempts,2,11/13/12,at Central Christian,https://macbulldogs.com/sports/womens-basketball/roster/whitney-jefferson/2582
Whitney Jefferson,2012-13,3-Point Field Goals Made,0,02/02/13,at Saint Mary (Kan.),https://macbulldogs.com/sports/womens-basketball/roster/whitney-jefferson/2582
Whitney Jefferson,2012-13,3-Point Field Goal Attempts,2,11/13/12,at Central Christian,https://macbulldogs.com/sports/womens-basketball/roster/whitney-jefferson/2582
Whitney Jefferson,2012-13,Free Throws Made,0,02/02/13,at Saint Mary (Kan.),https://macbulldogs.com/sports/womens-basketball/roster/whitney-jefferson/2582
Whitney Jefferson,2012-13,Free Throw Attempts,0,02/02/13,at Saint Mary (Kan.),https://macbulldogs.com/sports/womens-basketball/roster/whitney-jefferson/2582
Whitney Jefferson,2012-13,Rebounds,2,01/03/13,Saint Mary (Kan.),https://macbulldogs.com/sports/womens-basketball/roster/whitney-jefferson/2582
Whitney Jefferson,2012-13,Assists,2,01/03/13,Saint Mary (Kan.),https://macbulldogs.com/sports/womens-basketball/roster/whitney-jefferson/2582
Whitney Jefferson,2012-13,Blocks,0,02/02/13,at Saint Mary (Kan.),https://macbulldogs.com/sports/womens-basketball/roster/whitney-jefferson/2582
Whitney Jefferson,2012-13,Steals,1,01/03/13,Saint Mary (Kan.),https://macbulldogs.com/sports/womens-basketball/roster/whitney-jefferson/2582
Whitney Jefferson,2013-14,Points,8,02/01/14,at Sterling (Kan.),https://macbulldogs.com/sports/womens-basketball/roster/whitney-jefferson/2582
Whitney Jefferson,2013-14,Minutes,36,11/02/13,Johnson & Wales (Colo.),https://macbulldogs.com/sports/womens-basketball/roster/whitney-jefferson/2582
Whitney Jefferson,2013-14,Field Goals Made,3,11/15/13,at York (Neb.),https://macbulldogs.com/sports/womens-basketball/roster/whitney-jefferson/2582
Whitney Jefferson,2013-14,Field Goal Attempts,7,11/23/13,Northern New Mexico,https://macbulldogs.com/sports/womens-basketball/roster/whitney-jefferson/2582
Whitney Jefferson,2013-14,3-Point Field Goals Made,2,11/23/13,Northern New Mexico,https://macbulldogs.com/sports/womens-basketball/roster/whitney-jefferson/2582
Whitney Jefferson,2013-14,3-Point Field Goal Attempts,3,01/22/14,Southwestern (Kan.),https://macbulldogs.com/sports/womens-basketball/roster/whitney-jefferson/2582
Whitney Jefferson,2013-14,Free Throws Made,4,02/06/14,at Friends (Kan.),https://macbulldogs.com/sports/womens-basketball/roster/whitney-jefferson/2582
Whitney Jefferson,2013-14,Free Throw Attempts,7,10/29/13,at Haskell (Kan.),https://macbulldogs.com/sports/womens-basketball/roster/whitney-jefferson/2582
Whitney Jefferson,2013-14,Rebounds,10,11/02/13,Johnson & Wales (Colo.),https://macbulldogs.com/sports/womens-basketball/roster/whitney-jefferson/2582
Whitney Jefferson,2013-14,Assists,6,11/05/13,Baker (Kan.),https://macbulldogs.com/sports/womens-basketball/roster/whitney-jefferson/2582
Whitney Jefferson,2013-14,Blocks,0,02/26/14,at Southwestern (Kan.),https://macbulldogs.com/sports/womens-basketball/roster/whitney-jefferson/2582
Whitney Jefferson,2013-14,Steals,3,02/20/14,Bethany (Kan.),https://macbulldogs.com/sports/womens-basketball/roster/whitney-jefferson/2582
Whitney Jefferson,2014-15,Points,10,11/21/14,York (Neb.),https://macbulldogs.com/sports/womens-basketball/roster/whitney-jefferson/2582
Whitney Jefferson,2014-15,Minutes,39,01/02/15,vs Peru State (Neb.),https://macbulldogs.com/sports/womens-basketball/roster/whitney-jefferson/2582
Whitney Jefferson,2014-15,Field Goals Made,4,11/21/14,York (Neb.),https://macbulldogs.com/sports/womens-basketball/roster/whitney-jefferson/2582
Whitney Jefferson,2014-15,Field Goal Attempts,8,01/31/15,at Kansas Wesleyan,https://macbulldogs.com/sports/womens-basketball/roster/whitney-jefferson/2582
Whitney Jefferson,2014-15,3-Point Field Goals Made,1,02/21/15,Saint Mary (Kan.),https://macbulldogs.com/sports/womens-basketball/roster/whitney-jefferson/2582
Whitney Jefferson,2014-15,3-Point Field Goal Attempts,3,01/31/15,at Kansas Wesleyan,https://macbulldogs.com/sports/womens-basketball/roster/whitney-jefferson/2582
Whitney Jefferson,2014-15,Free Throws Made,4,01/24/15,Bethany (Kan.),https://macbulldogs.com/sports/womens-basketball/roster/whitney-jefferson/2582
Whitney Jefferson,2014-15,Free Throw Attempts,6,01/24/15,Bethany (Kan.),https://macbulldogs.com/sports/womens-basketball/roster/whitney-jefferson/2582
Whitney Jefferson,2014-15,Rebounds,9,01/28/15,Bethel (Kan.),https://macbulldogs.com/sports/womens-basketball/roster/whitney-jefferson/2582
Whitney Jefferson,2014-15,Assists,6,02/07/15,Sterling (Kan.),https://macbulldogs.com/sports/womens-basketball/roster/whitney-jefferson/2582
Whitney Jefferson,2014-15,Blocks,1,02/07/15,Sterling (Kan.),https://macbulldogs.com/sports/womens-basketball/roster/whitney-jefferson/2582
Whitney Jefferson,2014-15,Steals,3,01/02/15,vs Peru State (Neb.),https://macbulldogs.com/sports/womens-basketball/roster/whitney-jefferson/2582
Whitney Jefferson,2015-16,Points,3,01/07/16,York (Neb.),https://macbulldogs.com/sports/womens-basketball/roster/whitney-jefferson/2582
Whitney Jefferson,2015-16,Minutes,20,01/20/16,Bethel (Kan.),https://macbulldogs.com/sports/womens-basketball/roster/whitney-jefferson/2582
Whitney Jefferson,2015-16,Field Goals Made,1,02/18/16,at Sterling (Kan.),https://macbulldogs.com/sports/womens-basketball/roster/whitney-jefferson/2582
Whitney Jefferson,2015-16,Field Goal Attempts,3,10/29/15,Hillsdale (Okla.),https://macbulldogs.com/sports/womens-basketball/roster/whitney-jefferson/2582
Whitney Jefferson,2015-16,3-Point Field Goals Made,0,02/20/16,Saint Mary (Kan.),https://macbulldogs.com/sports/womens-basketball/roster/whitney-jefferson/2582
Whitney Jefferson,2015-16,3-Point Field Goal Attempts,1,01/14/16,at Saint Mary (Kan.),https://macbulldogs.com/sports/womens-basketball/roster/whitney-jefferson/2582
Whitney Jefferson,2015-16,Free Throws Made,3,12/05/15,Friends (Kan.),https://macbulldogs.com/sports/womens-basketball/roster/whitney-jefferson/2582
Whitney Jefferson,2015-16,Free Throw Attempts,4,12/05/15,Friends (Kan.),https://macbulldogs.com/sports/womens-basketball/roster/whitney-jefferson/2582
Whitney Jefferson,2015-16,Rebounds,3,01/14/16,at Saint Mary (Kan.),https://macbulldogs.com/sports/womens-basketball/roster/whitney-jefferson/2582
Whitney Jefferson,2015-16,Assists,4,01/20/16,Bethel (Kan.),https://macbulldogs.com/sports/womens-basketball/roster/whitney-jefferson/2582
Whitney Jefferson,2015-16,Blocks,1,12/17/15,Southwestern Christian (O,https://macbulldogs.com/sports/womens-basketball/roster/whitney-jefferson/2582
Whitney Jefferson,2015-16,Steals,1,01/09/16,Sterling (Kan.),https://macbulldogs.com/sports/womens-basketball/roster/whitney-jefferson/2582
Whitney Slater,2010-11,Points,10,12/09/10,Bethel College,https://macbulldogs.com/sports/womens-basketball/roster/whitney-slater/899
Whitney Slater,2010-11,Minutes,28,11/02/10,at Haskell Indian Nations Un,https://macbulldogs.com/sports/womens-basketball/roster/whitney-slater/899
Whitney Slater,2010-11,Field Goals Made,2,12/09/10,Bethel College,https://macbulldogs.com/sports/womens-basketball/roster/whitney-slater/899
Whitney Slater,2010-11,Field Goal Attempts,9,12/09/10,Bethel College,https://macbulldogs.com/sports/womens-basketball/roster/whitney-slater/899
Whitney Slater,2010-11,3-Point Field Goals Made,1,01/06/11,Southwestern College,https://macbulldogs.com/sports/womens-basketball/roster/whitney-slater/899
Whitney Slater,2010-11,3-Point Field Goal Attempts,4,11/02/10,at Haskell Indian Nations Un,https://macbulldogs.com/sports/womens-basketball/roster/whitney-slater/899
Whitney Slater,2010-11,Free Throws Made,6,12/09/10,Bethel College,https://macbulldogs.com/sports/womens-basketball/roster/whitney-slater/899
Whitney Slater,2010-11,Free Throw Attempts,8,12/09/10,Bethel College,https://macbulldogs.com/sports/womens-basketball/roster/whitney-slater/899
Whitney Slater,2010-11,Rebounds,7,12/09/10,Bethel College,https://macbulldogs.com/sports/womens-basketball/roster/whitney-slater/899
Whitney Slater,2010-11,Assists,4,01/15/11,at University of St.Mary,https://macbulldogs.com/sports/womens-basketball/roster/whitney-slater/899
Whitney Slater,2010-11,Blocks,0,02/17/11,University of St.Mary,https://macbulldogs.com/sports/womens-basketball/roster/whitney-slater/899
Whitney Slater,2010-11,Steals,2,01/27/11,Ottawa University,https://macbulldogs.com/sports/womens-basketball/roster/whitney-slater/899
Whitney Slater,2011-12,Points,3,11/15/11,Central Christian (Kan.),https://macbulldogs.com/sports/womens-basketball/roster/whitney-slater/899
Whitney Slater,2011-12,Minutes,8,11/15/11,Central Christian (Kan.),https://macbulldogs.com/sports/womens-basketball/roster/whitney-slater/899
Whitney Slater,2011-12,Field Goals Made,1,01/18/12,at Bethany (Kan.),https://macbulldogs.com/sports/womens-basketball/roster/whitney-slater/899
Whitney Slater,2011-12,Field Goal Attempts,3,02/22/12,at Kansas Wesleyan,https://macbulldogs.com/sports/womens-basketball/roster/whitney-slater/899
Whitney Slater,2011-12,3-Point Field Goals Made,1,11/15/11,Central Christian (Kan.),https://macbulldogs.com/sports/womens-basketball/roster/whitney-slater/899
Whitney Slater,2011-12,3-Point Field Goal Attempts,2,01/05/12,at Southwestern (Kan.),https://macbulldogs.com/sports/womens-basketball/roster/whitney-slater/899
Whitney Slater,2011-12,Free Throws Made,0,02/22/12,at Kansas Wesleyan,https://macbulldogs.com/sports/womens-basketball/roster/whitney-slater/899
Whitney Slater,2011-12,Free Throw Attempts,1,01/18/12,at Bethany (Kan.),https://macbulldogs.com/sports/womens-basketball/roster/whitney-slater/899
Whitney Slater,2011-12,Rebounds,3,11/15/11,Central Christian (Kan.),https://macbulldogs.com/sports/womens-basketball/roster/whitney-slater/899
Whitney Slater,2011-12,Assists,1,01/18/12,at Bethany (Kan.),https://macbulldogs.com/sports/womens-basketball/roster/whitney-slater/899
Whitney Slater,2011-12,Blocks,0,02/22/12,at Kansas Wesleyan,https://macbulldogs.com/sports/womens-basketball/roster/whitney-slater/899
Whitney Slater,2011-12,Steals,0,02/22/12,at Kansas Wesleyan,https://macbulldogs.com/sports/womens-basketball/roster/whitney-slater/899
